2025-09-01 11:19:04 - ValidationManager - CRITICAL - DRIFT ALERT [CRITICAL]: Statistical drift detected for lightgbm model on ETHEUR
2025-09-01 11:19:04 - DriftMonitor - WARNING - DRIFT ALERT: Distribution drift detected for lightgbm model on ETHEUR (Severity: critical)
2025-09-01 11:19:04 - ValidationManager - CRITICAL - DRIFT ALERT [CRITICAL]: Distribution drift detected for lightgbm model on ETHEUR
2025-09-01 11:19:04 - DriftMonitor - WARNING - DRIFT ALERT: Statistical drift detected for ppo model on ETHEUR (Severity: critical)
2025-09-01 11:19:04 - ValidationManager - CRITICAL - DRIFT ALERT [CRITICAL]: Statistical drift detected for ppo model on ETHEUR
2025-09-01 11:19:04 - DriftMonitor - WARNING - DRIFT ALERT: Distribution drift detected for ppo model on ETHEUR (Severity: critical)
2025-09-01 11:19:04 - ValidationManager - CRITICAL - DRIFT ALERT [CRITICAL]: Distribution drift detected for ppo model on ETHEUR
2025-09-01 11:19:04 - DriftMonitor - WARNING - DRIFT ALERT: Statistical drift detected for gru model on ADAEUR (Severity: critical)
2025-09-01 11:19:04 - ValidationManager - CRITICAL - DRIFT ALERT [CRITICAL]: Statistical drift detected for gru model on ADAEUR
2025-09-01 11:19:04 - DriftMonitor - WARNING - DRIFT ALERT: Distribution drift detected for gru model on ADAEUR (Severity: critical)
2025-09-01 11:19:04 - ValidationManager - CRITICAL - DRIFT ALERT [CRITICAL]: Distribution drift detected for gru model on ADAEUR
2025-09-01 11:19:04 - DriftMonitor - WARNING - DRIFT ALERT: Statistical drift detected for lightgbm model on ADAEUR (Severity: critical)
2025-09-01 11:19:04 - ValidationManager - CRITICAL - DRIFT ALERT [CRITICAL]: Statistical drift detected for lightgbm model on ADAEUR
2025-09-01 11:19:04 - DriftMonitor - WARNING - DRIFT ALERT: Distribution drift detected for lightgbm model on ADAEUR (Severity: critical)
2025-09-01 11:19:04 - ValidationManager - CRITICAL - DRIFT ALERT [CRITICAL]: Distribution drift detected for lightgbm model on ADAEUR
2025-09-01 11:19:04 - DriftMonitor - WARNING - DRIFT ALERT: Distribution drift detected for ppo model on ADAEUR (Severity: critical)
2025-09-01 11:19:04 - ValidationManager - CRITICAL - DRIFT ALERT [CRITICAL]: Distribution drift detected for ppo model on ADAEUR
2025-09-01 11:19:04 - DriftMonitor - WARNING - DRIFT ALERT: Statistical drift detected for gru model on DOTEUR (Severity: critical)
2025-09-01 11:19:04 - ValidationManager - CRITICAL - DRIFT ALERT [CRITICAL]: Statistical drift detected for gru model on DOTEUR
2025-09-01 11:19:04 - DriftMonitor - WARNING - DRIFT ALERT: Distribution drift detected for gru model on DOTEUR (Severity: critical)
2025-09-01 11:19:04 - ValidationManager - CRITICAL - DRIFT ALERT [CRITICAL]: Distribution drift detected for gru model on DOTEUR
2025-09-01 11:19:04 - DriftMonitor - WARNING - DRIFT ALERT: Statistical drift detected for lightgbm model on DOTEUR (Severity: critical)
2025-09-01 11:19:04 - ValidationManager - CRITICAL - DRIFT ALERT [CRITICAL]: Statistical drift detected for lightgbm model on DOTEUR
2025-09-01 11:19:04 - DriftMonitor - WARNING - DRIFT ALERT: Distribution drift detected for lightgbm model on DOTEUR (Severity: critical)
2025-09-01 11:19:04 - ValidationManager - CRITICAL - DRIFT ALERT [CRITICAL]: Distribution drift detected for lightgbm model on DOTEUR
2025-09-01 11:19:04 - DriftMonitor - WARNING - DRIFT ALERT: Distribution drift detected for ppo model on DOTEUR (Severity: critical)
2025-09-01 11:19:04 - ValidationManager - CRITICAL - DRIFT ALERT [CRITICAL]: Distribution drift detected for ppo model on DOTEUR
2025-09-01 11:19:04 - DriftMonitor - WARNING - DRIFT ALERT: Statistical drift detected for gru model on LINKEUR (Severity: critical)
2025-09-01 11:19:04 - ValidationManager - CRITICAL - DRIFT ALERT [CRITICAL]: Statistical drift detected for gru model on LINKEUR
2025-09-01 11:19:04 - DriftMonitor - WARNING - DRIFT ALERT: Distribution drift detected for gru model on LINKEUR (Severity: critical)
2025-09-01 11:19:04 - ValidationManager - CRITICAL - DRIFT ALERT [CRITICAL]: Distribution drift detected for gru model on LINKEUR
2025-09-01 11:19:04 - DriftMonitor - WARNING - DRIFT ALERT: Statistical drift detected for lightgbm model on LINKEUR (Severity: critical)
2025-09-01 11:19:04 - ValidationManager - CRITICAL - DRIFT ALERT [CRITICAL]: Statistical drift detected for lightgbm model on LINKEUR
2025-09-01 11:19:04 - DriftMonitor - WARNING - DRIFT ALERT: Distribution drift detected for lightgbm model on LINKEUR (Severity: critical)
2025-09-01 11:19:04 - ValidationManager - CRITICAL - DRIFT ALERT [CRITICAL]: Distribution drift detected for lightgbm model on LINKEUR
2025-09-01 11:19:04 - DriftMonitor - WARNING - DRIFT ALERT: Distribution drift detected for ppo model on LINKEUR (Severity: critical)
2025-09-01 11:19:04 - ValidationManager - CRITICAL - DRIFT ALERT [CRITICAL]: Distribution drift detected for ppo model on LINKEUR
2025-09-01 11:20:04 - DriftMonitor - WARNING - DRIFT ALERT: Statistical drift detected for gru model on BTCEUR (Severity: critical)
2025-09-01 11:20:04 - ValidationManager - CRITICAL - DRIFT ALERT [CRITICAL]: Statistical drift detected for gru model on BTCEUR
2025-09-01 11:20:04 - DriftMonitor - WARNING - DRIFT ALERT: Distribution drift detected for gru model on BTCEUR (Severity: critical)
2025-09-01 11:20:04 - ValidationManager - CRITICAL - DRIFT ALERT [CRITICAL]: Distribution drift detected for gru model on BTCEUR
2025-09-01 11:20:04 - DriftMonitor - WARNING - DRIFT ALERT: Statistical drift detected for lightgbm model on BTCEUR (Severity: critical)
2025-09-01 11:20:04 - ValidationManager - CRITICAL - DRIFT ALERT [CRITICAL]: Statistical drift detected for lightgbm model on BTCEUR
2025-09-01 11:20:04 - DriftMonitor - WARNING - DRIFT ALERT: Distribution drift detected for lightgbm model on BTCEUR (Severity: critical)
2025-09-01 11:20:04 - ValidationManager - CRITICAL - DRIFT ALERT [CRITICAL]: Distribution drift detected for lightgbm model on BTCEUR
2025-09-01 11:20:04 - DriftMonitor - WARNING - DRIFT ALERT: Statistical drift detected for ppo model on BTCEUR (Severity: high)
2025-09-01 11:20:04 - ValidationManager - ERROR - DRIFT ALERT [HIGH]: Statistical drift detected for ppo model on BTCEUR
2025-09-01 11:20:04 - DriftMonitor - WARNING - DRIFT ALERT: Distribution drift detected for ppo model on BTCEUR (Severity: critical)
2025-09-01 11:20:04 - ValidationManager - CRITICAL - DRIFT ALERT [CRITICAL]: Distribution drift detected for ppo model on BTCEUR
2025-09-01 11:20:04 - DriftMonitor - WARNING - DRIFT ALERT: Statistical drift detected for gru model on ETHEUR (Severity: critical)
2025-09-01 11:20:04 - ValidationManager - CRITICAL - DRIFT ALERT [CRITICAL]: Statistical drift detected for gru model on ETHEUR
2025-09-01 11:20:04 - DriftMonitor - WARNING - DRIFT ALERT: Distribution drift detected for gru model on ETHEUR (Severity: critical)
2025-09-01 11:20:04 - ValidationManager - CRITICAL - DRIFT ALERT [CRITICAL]: Distribution drift detected for gru model on ETHEUR
2025-09-01 11:20:04 - DriftMonitor - WARNING - DRIFT ALERT: Statistical drift detected for lightgbm model on ETHEUR (Severity: critical)
2025-09-01 11:20:04 - ValidationManager - CRITICAL - DRIFT ALERT [CRITICAL]: Statistical drift detected for lightgbm model on ETHEUR
2025-09-01 11:20:04 - DriftMonitor - WARNING - DRIFT ALERT: Distribution drift detected for lightgbm model on ETHEUR (Severity: critical)
2025-09-01 11:20:04 - ValidationManager - CRITICAL - DRIFT ALERT [CRITICAL]: Distribution drift detected for lightgbm model on ETHEUR
2025-09-01 11:20:04 - DriftMonitor - WARNING - DRIFT ALERT: Statistical drift detected for ppo model on ETHEUR (Severity: critical)
2025-09-01 11:20:04 - ValidationManager - CRITICAL - DRIFT ALERT [CRITICAL]: Statistical drift detected for ppo model on ETHEUR
2025-09-01 11:20:04 - DriftMonitor - WARNING - DRIFT ALERT: Distribution drift detected for ppo model on ETHEUR (Severity: critical)
2025-09-01 11:20:04 - ValidationManager - CRITICAL - DRIFT ALERT [CRITICAL]: Distribution drift detected for ppo model on ETHEUR
2025-09-01 11:20:04 - DriftMonitor - WARNING - DRIFT ALERT: Statistical drift detected for gru model on ADAEUR (Severity: critical)
2025-09-01 11:20:04 - ValidationManager - CRITICAL - DRIFT ALERT [CRITICAL]: Statistical drift detected for gru model on ADAEUR
2025-09-01 11:20:04 - DriftMonitor - WARNING - DRIFT ALERT: Distribution drift detected for gru model on ADAEUR (Severity: critical)
2025-09-01 11:20:04 - ValidationManager - CRITICAL - DRIFT ALERT [CRITICAL]: Distribution drift detected for gru model on ADAEUR
2025-09-01 11:20:04 - DriftMonitor - WARNING - DRIFT ALERT: Statistical drift detected for lightgbm model on ADAEUR (Severity: critical)
2025-09-01 11:20:04 - ValidationManager - CRITICAL - DRIFT ALERT [CRITICAL]: Statistical drift detected for lightgbm model on ADAEUR
2025-09-01 11:20:04 - DriftMonitor - WARNING - DRIFT ALERT: Distribution drift detected for lightgbm model on ADAEUR (Severity: critical)
2025-09-01 11:20:04 - ValidationManager - CRITICAL - DRIFT ALERT [CRITICAL]: Distribution drift detected for lightgbm model on ADAEUR
2025-09-01 11:20:04 - DriftMonitor - WARNING - DRIFT ALERT: Distribution drift detected for ppo model on ADAEUR (Severity: critical)
2025-09-01 11:20:04 - ValidationManager - CRITICAL - DRIFT ALERT [CRITICAL]: Distribution drift detected for ppo model on ADAEUR
2025-09-01 11:20:04 - DriftMonitor - WARNING - DRIFT ALERT: Statistical drift detected for gru model on DOTEUR (Severity: critical)
2025-09-01 11:20:04 - ValidationManager - CRITICAL - DRIFT ALERT [CRITICAL]: Statistical drift detected for gru model on DOTEUR
2025-09-01 11:20:04 - DriftMonitor - WARNING - DRIFT ALERT: Distribution drift detected for gru model on DOTEUR (Severity: critical)
2025-09-01 11:20:04 - ValidationManager - CRITICAL - DRIFT ALERT [CRITICAL]: Distribution drift detected for gru model on DOTEUR
2025-09-01 11:20:04 - DriftMonitor - WARNING - DRIFT ALERT: Statistical drift detected for lightgbm model on DOTEUR (Severity: critical)
2025-09-01 11:20:04 - ValidationManager - CRITICAL - DRIFT ALERT [CRITICAL]: Statistical drift detected for lightgbm model on DOTEUR
2025-09-01 11:20:04 - DriftMonitor - WARNING - DRIFT ALERT: Distribution drift detected for lightgbm model on DOTEUR (Severity: critical)
2025-09-01 11:20:04 - ValidationManager - CRITICAL - DRIFT ALERT [CRITICAL]: Distribution drift detected for lightgbm model on DOTEUR
2025-09-01 11:20:04 - DriftMonitor - WARNING - DRIFT ALERT: Distribution drift detected for ppo model on DOTEUR (Severity: critical)
2025-09-01 11:20:04 - ValidationManager - CRITICAL - DRIFT ALERT [CRITICAL]: Distribution drift detected for ppo model on DOTEUR
2025-09-01 11:20:04 - DriftMonitor - WARNING - DRIFT ALERT: Statistical drift detected for gru model on LINKEUR (Severity: critical)
2025-09-01 11:20:04 - ValidationManager - CRITICAL - DRIFT ALERT [CRITICAL]: Statistical drift detected for gru model on LINKEUR
2025-09-01 11:20:04 - DriftMonitor - WARNING - DRIFT ALERT: Distribution drift detected for gru model on LINKEUR (Severity: critical)
2025-09-01 11:20:04 - ValidationManager - CRITICAL - DRIFT ALERT [CRITICAL]: Distribution drift detected for gru model on LINKEUR
2025-09-01 11:20:04 - DriftMonitor - WARNING - DRIFT ALERT: Statistical drift detected for lightgbm model on LINKEUR (Severity: critical)
2025-09-01 11:20:04 - ValidationManager - CRITICAL - DRIFT ALERT [CRITICAL]: Statistical drift detected for lightgbm model on LINKEUR
2025-09-01 11:20:04 - DriftMonitor - WARNING - DRIFT ALERT: Distribution drift detected for lightgbm model on LINKEUR (Severity: critical)
2025-09-01 11:20:04 - ValidationManager - CRITICAL - DRIFT ALERT [CRITICAL]: Distribution drift detected for lightgbm model on LINKEUR
2025-09-01 11:20:04 - DriftMonitor - WARNING - DRIFT ALERT: Distribution drift detected for ppo model on LINKEUR (Severity: critical)
2025-09-01 11:20:04 - ValidationManager - CRITICAL - DRIFT ALERT [CRITICAL]: Distribution drift detected for ppo model on LINKEUR
2025-09-01 11:21:04 - DriftMonitor - WARNING - DRIFT ALERT: Statistical drift detected for gru model on BTCEUR (Severity: critical)
2025-09-01 11:21:04 - ValidationManager - CRITICAL - DRIFT ALERT [CRITICAL]: Statistical drift detected for gru model on BTCEUR
2025-09-01 11:21:04 - DriftMonitor - WARNING - DRIFT ALERT: Distribution drift detected for gru model on BTCEUR (Severity: critical)
2025-09-01 11:21:04 - ValidationManager - CRITICAL - DRIFT ALERT [CRITICAL]: Distribution drift detected for gru model on BTCEUR
2025-09-01 11:21:04 - DriftMonitor - WARNING - DRIFT ALERT: Statistical drift detected for lightgbm model on BTCEUR (Severity: critical)
2025-09-01 11:21:04 - ValidationManager - CRITICAL - DRIFT ALERT [CRITICAL]: Statistical drift detected for lightgbm model on BTCEUR
2025-09-01 11:21:04 - DriftMonitor - WARNING - DRIFT ALERT: Distribution drift detected for lightgbm model on BTCEUR (Severity: critical)
2025-09-01 11:21:04 - ValidationManager - CRITICAL - DRIFT ALERT [CRITICAL]: Distribution drift detected for lightgbm model on BTCEUR
2025-09-01 11:21:04 - DriftMonitor - WARNING - DRIFT ALERT: Statistical drift detected for ppo model on BTCEUR (Severity: high)
2025-09-01 11:21:04 - ValidationManager - ERROR - DRIFT ALERT [HIGH]: Statistical drift detected for ppo model on BTCEUR
2025-09-01 11:21:04 - DriftMonitor - WARNING - DRIFT ALERT: Distribution drift detected for ppo model on BTCEUR (Severity: critical)
2025-09-01 11:21:04 - ValidationManager - CRITICAL - DRIFT ALERT [CRITICAL]: Distribution drift detected for ppo model on BTCEUR
2025-09-01 11:21:04 - DriftMonitor - WARNING - DRIFT ALERT: Statistical drift detected for gru model on ETHEUR (Severity: critical)
2025-09-01 11:21:04 - ValidationManager - CRITICAL - DRIFT ALERT [CRITICAL]: Statistical drift detected for gru model on ETHEUR
2025-09-01 11:21:04 - DriftMonitor - WARNING - DRIFT ALERT: Distribution drift detected for gru model on ETHEUR (Severity: critical)
2025-09-01 11:21:04 - ValidationManager - CRITICAL - DRIFT ALERT [CRITICAL]: Distribution drift detected for gru model on ETHEUR
2025-09-01 11:21:04 - DriftMonitor - WARNING - DRIFT ALERT: Statistical drift detected for lightgbm model on ETHEUR (Severity: critical)
2025-09-01 11:21:04 - ValidationManager - CRITICAL - DRIFT ALERT [CRITICAL]: Statistical drift detected for lightgbm model on ETHEUR
2025-09-01 11:21:04 - DriftMonitor - WARNING - DRIFT ALERT: Distribution drift detected for lightgbm model on ETHEUR (Severity: critical)
2025-09-01 11:21:04 - ValidationManager - CRITICAL - DRIFT ALERT [CRITICAL]: Distribution drift detected for lightgbm model on ETHEUR
2025-09-01 11:21:04 - DriftMonitor - WARNING - DRIFT ALERT: Statistical drift detected for ppo model on ETHEUR (Severity: critical)
2025-09-01 11:21:04 - ValidationManager - CRITICAL - DRIFT ALERT [CRITICAL]: Statistical drift detected for ppo model on ETHEUR
2025-09-01 11:21:04 - DriftMonitor - WARNING - DRIFT ALERT: Distribution drift detected for ppo model on ETHEUR (Severity: critical)
2025-09-01 11:21:04 - ValidationManager - CRITICAL - DRIFT ALERT [CRITICAL]: Distribution drift detected for ppo model on ETHEUR
2025-09-01 11:21:04 - DriftMonitor - WARNING - DRIFT ALERT: Statistical drift detected for gru model on ADAEUR (Severity: critical)
2025-09-01 11:21:04 - ValidationManager - CRITICAL - DRIFT ALERT [CRITICAL]: Statistical drift detected for gru model on ADAEUR
2025-09-01 11:21:04 - DriftMonitor - WARNING - DRIFT ALERT: Distribution drift detected for gru model on ADAEUR (Severity: critical)
2025-09-01 11:21:04 - ValidationManager - CRITICAL - DRIFT ALERT [CRITICAL]: Distribution drift detected for gru model on ADAEUR
2025-09-01 11:21:04 - DriftMonitor - WARNING - DRIFT ALERT: Statistical drift detected for lightgbm model on ADAEUR (Severity: critical)
2025-09-01 11:21:04 - ValidationManager - CRITICAL - DRIFT ALERT [CRITICAL]: Statistical drift detected for lightgbm model on ADAEUR
2025-09-01 11:21:04 - DriftMonitor - WARNING - DRIFT ALERT: Distribution drift detected for lightgbm model on ADAEUR (Severity: critical)
2025-09-01 11:21:04 - ValidationManager - CRITICAL - DRIFT ALERT [CRITICAL]: Distribution drift detected for lightgbm model on ADAEUR
2025-09-01 11:21:04 - DriftMonitor - WARNING - DRIFT ALERT: Distribution drift detected for ppo model on ADAEUR (Severity: critical)
2025-09-01 11:21:04 - ValidationManager - CRITICAL - DRIFT ALERT [CRITICAL]: Distribution drift detected for ppo model on ADAEUR
2025-09-01 11:21:04 - DriftMonitor - WARNING - DRIFT ALERT: Statistical drift detected for gru model on DOTEUR (Severity: critical)
2025-09-01 11:21:04 - ValidationManager - CRITICAL - DRIFT ALERT [CRITICAL]: Statistical drift detected for gru model on DOTEUR
2025-09-01 11:21:04 - DriftMonitor - WARNING - DRIFT ALERT: Distribution drift detected for gru model on DOTEUR (Severity: critical)
2025-09-01 11:21:04 - ValidationManager - CRITICAL - DRIFT ALERT [CRITICAL]: Distribution drift detected for gru model on DOTEUR
2025-09-01 11:21:05 - DriftMonitor - WARNING - DRIFT ALERT: Statistical drift detected for lightgbm model on DOTEUR (Severity: critical)
2025-09-01 11:21:05 - ValidationManager - CRITICAL - DRIFT ALERT [CRITICAL]: Statistical drift detected for lightgbm model on DOTEUR
2025-09-01 11:21:05 - DriftMonitor - WARNING - DRIFT ALERT: Distribution drift detected for lightgbm model on DOTEUR (Severity: critical)
2025-09-01 11:21:05 - ValidationManager - CRITICAL - DRIFT ALERT [CRITICAL]: Distribution drift detected for lightgbm model on DOTEUR
2025-09-01 11:21:05 - DriftMonitor - WARNING - DRIFT ALERT: Distribution drift detected for ppo model on DOTEUR (Severity: critical)
2025-09-01 11:21:05 - ValidationManager - CRITICAL - DRIFT ALERT [CRITICAL]: Distribution drift detected for ppo model on DOTEUR
2025-09-01 11:21:05 - DriftMonitor - WARNING - DRIFT ALERT: Statistical drift detected for gru model on LINKEUR (Severity: critical)
2025-09-01 11:21:05 - ValidationManager - CRITICAL - DRIFT ALERT [CRITICAL]: Statistical drift detected for gru model on LINKEUR
2025-09-01 11:21:05 - DriftMonitor - WARNING - DRIFT ALERT: Distribution drift detected for gru model on LINKEUR (Severity: critical)
2025-09-01 11:21:05 - ValidationManager - CRITICAL - DRIFT ALERT [CRITICAL]: Distribution drift detected for gru model on LINKEUR
2025-09-01 11:21:05 - DriftMonitor - WARNING - DRIFT ALERT: Statistical drift detected for lightgbm model on LINKEUR (Severity: critical)
2025-09-01 11:21:05 - ValidationManager - CRITICAL - DRIFT ALERT [CRITICAL]: Statistical drift detected for lightgbm model on LINKEUR
2025-09-01 11:21:05 - DriftMonitor - WARNING - DRIFT ALERT: Distribution drift detected for lightgbm model on LINKEUR (Severity: critical)
2025-09-01 11:21:05 - ValidationManager - CRITICAL - DRIFT ALERT [CRITICAL]: Distribution drift detected for lightgbm model on LINKEUR
2025-09-01 11:21:05 - DriftMonitor - WARNING - DRIFT ALERT: Distribution drift detected for ppo model on LINKEUR (Severity: critical)
2025-09-01 11:21:05 - ValidationManager - CRITICAL - DRIFT ALERT [CRITICAL]: Distribution drift detected for ppo model on LINKEUR
2025-09-01 11:22:05 - DriftMonitor - WARNING - DRIFT ALERT: Statistical drift detected for gru model on BTCEUR (Severity: critical)
2025-09-01 11:22:05 - ValidationManager - CRITICAL - DRIFT ALERT [CRITICAL]: Statistical drift detected for gru model on BTCEUR
2025-09-01 11:22:05 - DriftMonitor - WARNING - DRIFT ALERT: Distribution drift detected for gru model on BTCEUR (Severity: critical)
2025-09-01 11:22:05 - ValidationManager - CRITICAL - DRIFT ALERT [CRITICAL]: Distribution drift detected for gru model on BTCEUR
2025-09-01 11:22:05 - DriftMonitor - WARNING - DRIFT ALERT: Statistical drift detected for lightgbm model on BTCEUR (Severity: critical)
2025-09-01 11:22:05 - ValidationManager - CRITICAL - DRIFT ALERT [CRITICAL]: Statistical drift detected for lightgbm model on BTCEUR
2025-09-01 11:22:05 - DriftMonitor - WARNING - DRIFT ALERT: Distribution drift detected for lightgbm model on BTCEUR (Severity: critical)
2025-09-01 11:22:05 - ValidationManager - CRITICAL - DRIFT ALERT [CRITICAL]: Distribution drift detected for lightgbm model on BTCEUR
2025-09-01 11:22:05 - DriftMonitor - WARNING - DRIFT ALERT: Statistical drift detected for ppo model on BTCEUR (Severity: high)
2025-09-01 11:22:05 - ValidationManager - ERROR - DRIFT ALERT [HIGH]: Statistical drift detected for ppo model on BTCEUR
2025-09-01 11:22:05 - DriftMonitor - WARNING - DRIFT ALERT: Distribution drift detected for ppo model on BTCEUR (Severity: critical)
2025-09-01 11:22:05 - ValidationManager - CRITICAL - DRIFT ALERT [CRITICAL]: Distribution drift detected for ppo model on BTCEUR
2025-09-01 11:22:05 - DriftMonitor - WARNING - DRIFT ALERT: Statistical drift detected for gru model on ETHEUR (Severity: critical)
2025-09-01 11:22:05 - ValidationManager - CRITICAL - DRIFT ALERT [CRITICAL]: Statistical drift detected for gru model on ETHEUR
2025-09-01 11:22:05 - DriftMonitor - WARNING - DRIFT ALERT: Distribution drift detected for gru model on ETHEUR (Severity: critical)
2025-09-01 11:22:05 - ValidationManager - CRITICAL - DRIFT ALERT [CRITICAL]: Distribution drift detected for gru model on ETHEUR
2025-09-01 11:22:05 - DriftMonitor - WARNING - DRIFT ALERT: Statistical drift detected for lightgbm model on ETHEUR (Severity: critical)
2025-09-01 11:22:05 - ValidationManager - CRITICAL - DRIFT ALERT [CRITICAL]: Statistical drift detected for lightgbm model on ETHEUR
2025-09-01 11:22:05 - DriftMonitor - WARNING - DRIFT ALERT: Distribution drift detected for lightgbm model on ETHEUR (Severity: critical)
2025-09-01 11:22:05 - ValidationManager - CRITICAL - DRIFT ALERT [CRITICAL]: Distribution drift detected for lightgbm model on ETHEUR
2025-09-01 11:22:05 - DriftMonitor - WARNING - DRIFT ALERT: Statistical drift detected for ppo model on ETHEUR (Severity: critical)
2025-09-01 11:22:05 - ValidationManager - CRITICAL - DRIFT ALERT [CRITICAL]: Statistical drift detected for ppo model on ETHEUR
2025-09-01 11:22:05 - DriftMonitor - WARNING - DRIFT ALERT: Distribution drift detected for ppo model on ETHEUR (Severity: critical)
2025-09-01 11:22:05 - ValidationManager - CRITICAL - DRIFT ALERT [CRITICAL]: Distribution drift detected for ppo model on ETHEUR
2025-09-01 11:22:05 - DriftMonitor - WARNING - DRIFT ALERT: Statistical drift detected for gru model on ADAEUR (Severity: critical)
2025-09-01 11:22:05 - ValidationManager - CRITICAL - DRIFT ALERT [CRITICAL]: Statistical drift detected for gru model on ADAEUR
2025-09-01 11:22:05 - DriftMonitor - WARNING - DRIFT ALERT: Distribution drift detected for gru model on ADAEUR (Severity: critical)
2025-09-01 11:22:05 - ValidationManager - CRITICAL - DRIFT ALERT [CRITICAL]: Distribution drift detected for gru model on ADAEUR
2025-09-01 11:22:05 - DriftMonitor - WARNING - DRIFT ALERT: Statistical drift detected for lightgbm model on ADAEUR (Severity: critical)
2025-09-01 11:22:05 - ValidationManager - CRITICAL - DRIFT ALERT [CRITICAL]: Statistical drift detected for lightgbm model on ADAEUR
2025-09-01 11:22:05 - DriftMonitor - WARNING - DRIFT ALERT: Distribution drift detected for lightgbm model on ADAEUR (Severity: critical)
2025-09-01 11:22:05 - ValidationManager - CRITICAL - DRIFT ALERT [CRITICAL]: Distribution drift detected for lightgbm model on ADAEUR
2025-09-01 11:22:05 - DriftMonitor - WARNING - DRIFT ALERT: Distribution drift detected for ppo model on ADAEUR (Severity: critical)
2025-09-01 11:22:05 - ValidationManager - CRITICAL - DRIFT ALERT [CRITICAL]: Distribution drift detected for ppo model on ADAEUR
2025-09-01 11:22:05 - DriftMonitor - WARNING - DRIFT ALERT: Statistical drift detected for gru model on DOTEUR (Severity: critical)
2025-09-01 11:22:05 - ValidationManager - CRITICAL - DRIFT ALERT [CRITICAL]: Statistical drift detected for gru model on DOTEUR
2025-09-01 11:22:05 - DriftMonitor - WARNING - DRIFT ALERT: Distribution drift detected for gru model on DOTEUR (Severity: critical)
2025-09-01 11:22:05 - ValidationManager - CRITICAL - DRIFT ALERT [CRITICAL]: Distribution drift detected for gru model on DOTEUR
2025-09-01 11:22:05 - DriftMonitor - WARNING - DRIFT ALERT: Statistical drift detected for lightgbm model on DOTEUR (Severity: critical)
2025-09-01 11:22:05 - ValidationManager - CRITICAL - DRIFT ALERT [CRITICAL]: Statistical drift detected for lightgbm model on DOTEUR
2025-09-01 11:22:05 - DriftMonitor - WARNING - DRIFT ALERT: Distribution drift detected for lightgbm model on DOTEUR (Severity: critical)
2025-09-01 11:22:05 - ValidationManager - CRITICAL - DRIFT ALERT [CRITICAL]: Distribution drift detected for lightgbm model on DOTEUR
2025-09-01 11:22:05 - DriftMonitor - WARNING - DRIFT ALERT: Distribution drift detected for ppo model on DOTEUR (Severity: critical)
2025-09-01 11:22:05 - ValidationManager - CRITICAL - DRIFT ALERT [CRITICAL]: Distribution drift detected for ppo model on DOTEUR
2025-09-01 11:22:05 - DriftMonitor - WARNING - DRIFT ALERT: Statistical drift detected for gru model on LINKEUR (Severity: critical)
2025-09-01 11:22:05 - ValidationManager - CRITICAL - DRIFT ALERT [CRITICAL]: Statistical drift detected for gru model on LINKEUR
2025-09-01 11:22:05 - DriftMonitor - WARNING - DRIFT ALERT: Distribution drift detected for gru model on LINKEUR (Severity: critical)
2025-09-01 11:22:05 - ValidationManager - CRITICAL - DRIFT ALERT [CRITICAL]: Distribution drift detected for gru model on LINKEUR
2025-09-01 11:22:05 - DriftMonitor - WARNING - DRIFT ALERT: Statistical drift detected for lightgbm model on LINKEUR (Severity: critical)
2025-09-01 11:22:05 - ValidationManager - CRITICAL - DRIFT ALERT [CRITICAL]: Statistical drift detected for lightgbm model on LINKEUR
2025-09-01 11:22:05 - DriftMonitor - WARNING - DRIFT ALERT: Distribution drift detected for lightgbm model on LINKEUR (Severity: critical)
2025-09-01 11:22:05 - ValidationManager - CRITICAL - DRIFT ALERT [CRITICAL]: Distribution drift detected for lightgbm model on LINKEUR
2025-09-01 11:22:05 - DriftMonitor - WARNING - DRIFT ALERT: Distribution drift detected for ppo model on LINKEUR (Severity: critical)
2025-09-01 11:22:05 - ValidationManager - CRITICAL - DRIFT ALERT [CRITICAL]: Distribution drift detected for ppo model on LINKEUR
2025-09-01 11:23:05 - DriftMonitor - WARNING - DRIFT ALERT: Statistical drift detected for gru model on BTCEUR (Severity: critical)
2025-09-01 11:23:05 - ValidationManager - CRITICAL - DRIFT ALERT [CRITICAL]: Statistical drift detected for gru model on BTCEUR
2025-09-01 11:23:05 - DriftMonitor - WARNING - DRIFT ALERT: Distribution drift detected for gru model on BTCEUR (Severity: critical)
2025-09-01 11:23:05 - ValidationManager - CRITICAL - DRIFT ALERT [CRITICAL]: Distribution drift detected for gru model on BTCEUR
2025-09-01 11:23:05 - DriftMonitor - WARNING - DRIFT ALERT: Statistical drift detected for lightgbm model on BTCEUR (Severity: critical)
2025-09-01 11:23:05 - ValidationManager - CRITICAL - DRIFT ALERT [CRITICAL]: Statistical drift detected for lightgbm model on BTCEUR
2025-09-01 11:23:05 - DriftMonitor - WARNING - DRIFT ALERT: Distribution drift detected for lightgbm model on BTCEUR (Severity: critical)
2025-09-01 11:23:05 - ValidationManager - CRITICAL - DRIFT ALERT [CRITICAL]: Distribution drift detected for lightgbm model on BTCEUR
2025-09-01 11:23:05 - DriftMonitor - WARNING - DRIFT ALERT: Statistical drift detected for ppo model on BTCEUR (Severity: high)
2025-09-01 11:23:05 - ValidationManager - ERROR - DRIFT ALERT [HIGH]: Statistical drift detected for ppo model on BTCEUR
2025-09-01 11:23:05 - DriftMonitor - WARNING - DRIFT ALERT: Distribution drift detected for ppo model on BTCEUR (Severity: critical)
2025-09-01 11:23:05 - ValidationManager - CRITICAL - DRIFT ALERT [CRITICAL]: Distribution drift detected for ppo model on BTCEUR
2025-09-01 11:23:05 - DriftMonitor - WARNING - DRIFT ALERT: Statistical drift detected for gru model on ETHEUR (Severity: critical)
2025-09-01 11:23:05 - ValidationManager - CRITICAL - DRIFT ALERT [CRITICAL]: Statistical drift detected for gru model on ETHEUR
2025-09-01 11:23:05 - DriftMonitor - WARNING - DRIFT ALERT: Distribution drift detected for gru model on ETHEUR (Severity: critical)
2025-09-01 11:23:05 - ValidationManager - CRITICAL - DRIFT ALERT [CRITICAL]: Distribution drift detected for gru model on ETHEUR
2025-09-01 11:23:05 - DriftMonitor - WARNING - DRIFT ALERT: Statistical drift detected for lightgbm model on ETHEUR (Severity: critical)
2025-09-01 11:23:05 - ValidationManager - CRITICAL - DRIFT ALERT [CRITICAL]: Statistical drift detected for lightgbm model on ETHEUR
2025-09-01 11:23:05 - DriftMonitor - WARNING - DRIFT ALERT: Distribution drift detected for lightgbm model on ETHEUR (Severity: critical)
2025-09-01 11:23:05 - ValidationManager - CRITICAL - DRIFT ALERT [CRITICAL]: Distribution drift detected for lightgbm model on ETHEUR
2025-09-01 11:23:05 - DriftMonitor - WARNING - DRIFT ALERT: Statistical drift detected for ppo model on ETHEUR (Severity: critical)
2025-09-01 11:23:05 - ValidationManager - CRITICAL - DRIFT ALERT [CRITICAL]: Statistical drift detected for ppo model on ETHEUR
2025-09-01 11:23:05 - DriftMonitor - WARNING - DRIFT ALERT: Distribution drift detected for ppo model on ETHEUR (Severity: critical)
2025-09-01 11:23:05 - ValidationManager - CRITICAL - DRIFT ALERT [CRITICAL]: Distribution drift detected for ppo model on ETHEUR
2025-09-01 11:23:05 - DriftMonitor - WARNING - DRIFT ALERT: Statistical drift detected for gru model on ADAEUR (Severity: critical)
2025-09-01 11:23:05 - ValidationManager - CRITICAL - DRIFT ALERT [CRITICAL]: Statistical drift detected for gru model on ADAEUR
2025-09-01 11:23:05 - DriftMonitor - WARNING - DRIFT ALERT: Distribution drift detected for gru model on ADAEUR (Severity: critical)
2025-09-01 11:23:05 - ValidationManager - CRITICAL - DRIFT ALERT [CRITICAL]: Distribution drift detected for gru model on ADAEUR
2025-09-01 11:23:05 - DriftMonitor - WARNING - DRIFT ALERT: Statistical drift detected for lightgbm model on ADAEUR (Severity: critical)
2025-09-01 11:23:05 - ValidationManager - CRITICAL - DRIFT ALERT [CRITICAL]: Statistical drift detected for lightgbm model on ADAEUR
2025-09-01 11:23:05 - DriftMonitor - WARNING - DRIFT ALERT: Distribution drift detected for lightgbm model on ADAEUR (Severity: critical)
2025-09-01 11:23:05 - ValidationManager - CRITICAL - DRIFT ALERT [CRITICAL]: Distribution drift detected for lightgbm model on ADAEUR
2025-09-01 11:23:05 - DriftMonitor - WARNING - DRIFT ALERT: Distribution drift detected for ppo model on ADAEUR (Severity: critical)
2025-09-01 11:23:05 - ValidationManager - CRITICAL - DRIFT ALERT [CRITICAL]: Distribution drift detected for ppo model on ADAEUR
2025-09-01 11:23:05 - DriftMonitor - WARNING - DRIFT ALERT: Statistical drift detected for gru model on DOTEUR (Severity: critical)
2025-09-01 11:23:05 - ValidationManager - CRITICAL - DRIFT ALERT [CRITICAL]: Statistical drift detected for gru model on DOTEUR
2025-09-01 11:23:05 - DriftMonitor - WARNING - DRIFT ALERT: Distribution drift detected for gru model on DOTEUR (Severity: critical)
2025-09-01 11:23:05 - ValidationManager - CRITICAL - DRIFT ALERT [CRITICAL]: Distribution drift detected for gru model on DOTEUR
2025-09-01 11:23:05 - DriftMonitor - WARNING - DRIFT ALERT: Statistical drift detected for lightgbm model on DOTEUR (Severity: critical)
2025-09-01 11:23:05 - ValidationManager - CRITICAL - DRIFT ALERT [CRITICAL]: Statistical drift detected for lightgbm model on DOTEUR
2025-09-01 11:23:05 - DriftMonitor - WARNING - DRIFT ALERT: Distribution drift detected for lightgbm model on DOTEUR (Severity: critical)
2025-09-01 11:23:05 - ValidationManager - CRITICAL - DRIFT ALERT [CRITICAL]: Distribution drift detected for lightgbm model on DOTEUR
2025-09-01 11:23:05 - DriftMonitor - WARNING - DRIFT ALERT: Distribution drift detected for ppo model on DOTEUR (Severity: critical)
2025-09-01 11:23:05 - ValidationManager - CRITICAL - DRIFT ALERT [CRITICAL]: Distribution drift detected for ppo model on DOTEUR
2025-09-01 11:23:05 - DriftMonitor - WARNING - DRIFT ALERT: Statistical drift detected for gru model on LINKEUR (Severity: critical)
2025-09-01 11:23:05 - ValidationManager - CRITICAL - DRIFT ALERT [CRITICAL]: Statistical drift detected for gru model on LINKEUR
2025-09-01 11:23:05 - DriftMonitor - WARNING - DRIFT ALERT: Distribution drift detected for gru model on LINKEUR (Severity: critical)
2025-09-01 11:23:05 - ValidationManager - CRITICAL - DRIFT ALERT [CRITICAL]: Distribution drift detected for gru model on LINKEUR
2025-09-01 11:23:05 - DriftMonitor - WARNING - DRIFT ALERT: Statistical drift detected for lightgbm model on LINKEUR (Severity: critical)
2025-09-01 11:23:05 - ValidationManager - CRITICAL - DRIFT ALERT [CRITICAL]: Statistical drift detected for lightgbm model on LINKEUR
2025-09-01 11:23:05 - DriftMonitor - WARNING - DRIFT ALERT: Distribution drift detected for lightgbm model on LINKEUR (Severity: critical)
2025-09-01 11:23:05 - ValidationManager - CRITICAL - DRIFT ALERT [CRITICAL]: Distribution drift detected for lightgbm model on LINKEUR
2025-09-01 11:23:05 - DriftMonitor - WARNING - DRIFT ALERT: Distribution drift detected for ppo model on LINKEUR (Severity: critical)
2025-09-01 11:23:05 - ValidationManager - CRITICAL - DRIFT ALERT [CRITICAL]: Distribution drift detected for ppo model on LINKEUR
2025-09-01 11:24:05 - DriftMonitor - WARNING - DRIFT ALERT: Statistical drift detected for gru model on BTCEUR (Severity: critical)
2025-09-01 11:24:05 - ValidationManager - CRITICAL - DRIFT ALERT [CRITICAL]: Statistical drift detected for gru model on BTCEUR
2025-09-01 11:24:05 - DriftMonitor - WARNING - DRIFT ALERT: Distribution drift detected for gru model on BTCEUR (Severity: critical)
2025-09-01 11:24:05 - ValidationManager - CRITICAL - DRIFT ALERT [CRITICAL]: Distribution drift detected for gru model on BTCEUR
2025-09-01 11:24:05 - DriftMonitor - WARNING - DRIFT ALERT: Statistical drift detected for lightgbm model on BTCEUR (Severity: critical)
2025-09-01 11:24:05 - ValidationManager - CRITICAL - DRIFT ALERT [CRITICAL]: Statistical drift detected for lightgbm model on BTCEUR
2025-09-01 11:24:05 - DriftMonitor - WARNING - DRIFT ALERT: Distribution drift detected for lightgbm model on BTCEUR (Severity: critical)
2025-09-01 11:24:05 - ValidationManager - CRITICAL - DRIFT ALERT [CRITICAL]: Distribution drift detected for lightgbm model on BTCEUR
2025-09-01 11:24:05 - DriftMonitor - WARNING - DRIFT ALERT: Statistical drift detected for ppo model on BTCEUR (Severity: high)
2025-09-01 11:24:05 - ValidationManager - ERROR - DRIFT ALERT [HIGH]: Statistical drift detected for ppo model on BTCEUR
2025-09-01 11:24:05 - DriftMonitor - WARNING - DRIFT ALERT: Distribution drift detected for ppo model on BTCEUR (Severity: critical)
2025-09-01 11:24:05 - ValidationManager - CRITICAL - DRIFT ALERT [CRITICAL]: Distribution drift detected for ppo model on BTCEUR
2025-09-01 11:24:05 - DriftMonitor - WARNING - DRIFT ALERT: Statistical drift detected for gru model on ETHEUR (Severity: critical)
2025-09-01 11:24:05 - ValidationManager - CRITICAL - DRIFT ALERT [CRITICAL]: Statistical drift detected for gru model on ETHEUR
2025-09-01 11:24:05 - DriftMonitor - WARNING - DRIFT ALERT: Distribution drift detected for gru model on ETHEUR (Severity: critical)
2025-09-01 11:24:05 - ValidationManager - CRITICAL - DRIFT ALERT [CRITICAL]: Distribution drift detected for gru model on ETHEUR
2025-09-01 11:24:05 - DriftMonitor - WARNING - DRIFT ALERT: Statistical drift detected for lightgbm model on ETHEUR (Severity: critical)
2025-09-01 11:24:05 - ValidationManager - CRITICAL - DRIFT ALERT [CRITICAL]: Statistical drift detected for lightgbm model on ETHEUR
2025-09-01 11:24:05 - DriftMonitor - WARNING - DRIFT ALERT: Distribution drift detected for lightgbm model on ETHEUR (Severity: critical)
2025-09-01 11:24:05 - ValidationManager - CRITICAL - DRIFT ALERT [CRITICAL]: Distribution drift detected for lightgbm model on ETHEUR
2025-09-01 11:24:05 - DriftMonitor - WARNING - DRIFT ALERT: Statistical drift detected for ppo model on ETHEUR (Severity: critical)
2025-09-01 11:24:05 - ValidationManager - CRITICAL - DRIFT ALERT [CRITICAL]: Statistical drift detected for ppo model on ETHEUR
2025-09-01 11:24:05 - DriftMonitor - WARNING - DRIFT ALERT: Distribution drift detected for ppo model on ETHEUR (Severity: critical)
2025-09-01 11:24:05 - ValidationManager - CRITICAL - DRIFT ALERT [CRITICAL]: Distribution drift detected for ppo model on ETHEUR
2025-09-01 11:24:05 - DriftMonitor - WARNING - DRIFT ALERT: Statistical drift detected for gru model on ADAEUR (Severity: critical)
2025-09-01 11:24:05 - ValidationManager - CRITICAL - DRIFT ALERT [CRITICAL]: Statistical drift detected for gru model on ADAEUR
2025-09-01 11:24:05 - DriftMonitor - WARNING - DRIFT ALERT: Distribution drift detected for gru model on ADAEUR (Severity: critical)
2025-09-01 11:24:05 - ValidationManager - CRITICAL - DRIFT ALERT [CRITICAL]: Distribution drift detected for gru model on ADAEUR
2025-09-01 11:24:05 - DriftMonitor - WARNING - DRIFT ALERT: Statistical drift detected for lightgbm model on ADAEUR (Severity: critical)
2025-09-01 11:24:05 - ValidationManager - CRITICAL - DRIFT ALERT [CRITICAL]: Statistical drift detected for lightgbm model on ADAEUR
2025-09-01 11:24:05 - DriftMonitor - WARNING - DRIFT ALERT: Distribution drift detected for lightgbm model on ADAEUR (Severity: critical)
2025-09-01 11:24:05 - ValidationManager - CRITICAL - DRIFT ALERT [CRITICAL]: Distribution drift detected for lightgbm model on ADAEUR
2025-09-01 11:24:05 - DriftMonitor - WARNING - DRIFT ALERT: Distribution drift detected for ppo model on ADAEUR (Severity: critical)
2025-09-01 11:24:05 - ValidationManager - CRITICAL - DRIFT ALERT [CRITICAL]: Distribution drift detected for ppo model on ADAEUR
2025-09-01 11:24:05 - DriftMonitor - WARNING - DRIFT ALERT: Statistical drift detected for gru model on DOTEUR (Severity: critical)
2025-09-01 11:24:05 - ValidationManager - CRITICAL - DRIFT ALERT [CRITICAL]: Statistical drift detected for gru model on DOTEUR
2025-09-01 11:24:05 - DriftMonitor - WARNING - DRIFT ALERT: Distribution drift detected for gru model on DOTEUR (Severity: critical)
2025-09-01 11:24:05 - ValidationManager - CRITICAL - DRIFT ALERT [CRITICAL]: Distribution drift detected for gru model on DOTEUR
2025-09-01 11:24:05 - DriftMonitor - WARNING - DRIFT ALERT: Statistical drift detected for lightgbm model on DOTEUR (Severity: critical)
2025-09-01 11:24:05 - ValidationManager - CRITICAL - DRIFT ALERT [CRITICAL]: Statistical drift detected for lightgbm model on DOTEUR
2025-09-01 11:24:05 - DriftMonitor - WARNING - DRIFT ALERT: Distribution drift detected for lightgbm model on DOTEUR (Severity: critical)
2025-09-01 11:24:05 - ValidationManager - CRITICAL - DRIFT ALERT [CRITICAL]: Distribution drift detected for lightgbm model on DOTEUR
2025-09-01 11:24:05 - DriftMonitor - WARNING - DRIFT ALERT: Distribution drift detected for ppo model on DOTEUR (Severity: critical)
2025-09-01 11:24:05 - ValidationManager - CRITICAL - DRIFT ALERT [CRITICAL]: Distribution drift detected for ppo model on DOTEUR
2025-09-01 11:24:05 - DriftMonitor - WARNING - DRIFT ALERT: Statistical drift detected for gru model on LINKEUR (Severity: critical)
2025-09-01 11:24:05 - ValidationManager - CRITICAL - DRIFT ALERT [CRITICAL]: Statistical drift detected for gru model on LINKEUR
2025-09-01 11:24:05 - DriftMonitor - WARNING - DRIFT ALERT: Distribution drift detected for gru model on LINKEUR (Severity: critical)
2025-09-01 11:24:05 - ValidationManager - CRITICAL - DRIFT ALERT [CRITICAL]: Distribution drift detected for gru model on LINKEUR
2025-09-01 11:24:05 - DriftMonitor - WARNING - DRIFT ALERT: Statistical drift detected for lightgbm model on LINKEUR (Severity: critical)
2025-09-01 11:24:05 - ValidationManager - CRITICAL - DRIFT ALERT [CRITICAL]: Statistical drift detected for lightgbm model on LINKEUR
2025-09-01 11:24:05 - DriftMonitor - WARNING - DRIFT ALERT: Distribution drift detected for lightgbm model on LINKEUR (Severity: critical)
2025-09-01 11:24:05 - ValidationManager - CRITICAL - DRIFT ALERT [CRITICAL]: Distribution drift detected for lightgbm model on LINKEUR
2025-09-01 11:24:05 - DriftMonitor - WARNING - DRIFT ALERT: Distribution drift detected for ppo model on LINKEUR (Severity: critical)
2025-09-01 11:24:05 - ValidationManager - CRITICAL - DRIFT ALERT [CRITICAL]: Distribution drift detected for ppo model on LINKEUR
2025-09-01 11:25:05 - DriftMonitor - WARNING - DRIFT ALERT: Statistical drift detected for gru model on BTCEUR (Severity: critical)
2025-09-01 11:25:05 - ValidationManager - CRITICAL - DRIFT ALERT [CRITICAL]: Statistical drift detected for gru model on BTCEUR
2025-09-01 11:25:05 - DriftMonitor - WARNING - DRIFT ALERT: Distribution drift detected for gru model on BTCEUR (Severity: critical)
2025-09-01 11:25:05 - ValidationManager - CRITICAL - DRIFT ALERT [CRITICAL]: Distribution drift detected for gru model on BTCEUR
2025-09-01 11:25:05 - DriftMonitor - WARNING - DRIFT ALERT: Statistical drift detected for lightgbm model on BTCEUR (Severity: critical)
2025-09-01 11:25:05 - ValidationManager - CRITICAL - DRIFT ALERT [CRITICAL]: Statistical drift detected for lightgbm model on BTCEUR
2025-09-01 11:25:05 - DriftMonitor - WARNING - DRIFT ALERT: Distribution drift detected for lightgbm model on BTCEUR (Severity: critical)
2025-09-01 11:25:05 - ValidationManager - CRITICAL - DRIFT ALERT [CRITICAL]: Distribution drift detected for lightgbm model on BTCEUR
2025-09-01 11:25:05 - DriftMonitor - WARNING - DRIFT ALERT: Statistical drift detected for ppo model on BTCEUR (Severity: high)
2025-09-01 11:25:05 - ValidationManager - ERROR - DRIFT ALERT [HIGH]: Statistical drift detected for ppo model on BTCEUR
2025-09-01 11:25:05 - DriftMonitor - WARNING - DRIFT ALERT: Distribution drift detected for ppo model on BTCEUR (Severity: critical)
2025-09-01 11:25:05 - ValidationManager - CRITICAL - DRIFT ALERT [CRITICAL]: Distribution drift detected for ppo model on BTCEUR
2025-09-01 11:25:05 - DriftMonitor - WARNING - DRIFT ALERT: Statistical drift detected for gru model on ETHEUR (Severity: critical)
2025-09-01 11:25:05 - ValidationManager - CRITICAL - DRIFT ALERT [CRITICAL]: Statistical drift detected for gru model on ETHEUR
2025-09-01 11:25:05 - DriftMonitor - WARNING - DRIFT ALERT: Distribution drift detected for gru model on ETHEUR (Severity: critical)
2025-09-01 11:25:05 - ValidationManager - CRITICAL - DRIFT ALERT [CRITICAL]: Distribution drift detected for gru model on ETHEUR
2025-09-01 11:25:05 - DriftMonitor - WARNING - DRIFT ALERT: Statistical drift detected for lightgbm model on ETHEUR (Severity: critical)
2025-09-01 11:25:05 - ValidationManager - CRITICAL - DRIFT ALERT [CRITICAL]: Statistical drift detected for lightgbm model on ETHEUR
2025-09-01 11:25:05 - DriftMonitor - WARNING - DRIFT ALERT: Distribution drift detected for lightgbm model on ETHEUR (Severity: critical)
2025-09-01 11:25:05 - ValidationManager - CRITICAL - DRIFT ALERT [CRITICAL]: Distribution drift detected for lightgbm model on ETHEUR
2025-09-01 11:25:05 - DriftMonitor - WARNING - DRIFT ALERT: Statistical drift detected for ppo model on ETHEUR (Severity: critical)
2025-09-01 11:25:05 - ValidationManager - CRITICAL - DRIFT ALERT [CRITICAL]: Statistical drift detected for ppo model on ETHEUR
2025-09-01 11:25:05 - DriftMonitor - WARNING - DRIFT ALERT: Distribution drift detected for ppo model on ETHEUR (Severity: critical)
2025-09-01 11:25:05 - ValidationManager - CRITICAL - DRIFT ALERT [CRITICAL]: Distribution drift detected for ppo model on ETHEUR
2025-09-01 11:25:05 - DriftMonitor - WARNING - DRIFT ALERT: Statistical drift detected for gru model on ADAEUR (Severity: critical)
2025-09-01 11:25:05 - ValidationManager - CRITICAL - DRIFT ALERT [CRITICAL]: Statistical drift detected for gru model on ADAEUR
2025-09-01 11:25:05 - DriftMonitor - WARNING - DRIFT ALERT: Distribution drift detected for gru model on ADAEUR (Severity: critical)
2025-09-01 11:25:05 - ValidationManager - CRITICAL - DRIFT ALERT [CRITICAL]: Distribution drift detected for gru model on ADAEUR
2025-09-01 11:25:05 - DriftMonitor - WARNING - DRIFT ALERT: Statistical drift detected for lightgbm model on ADAEUR (Severity: critical)
2025-09-01 11:25:05 - ValidationManager - CRITICAL - DRIFT ALERT [CRITICAL]: Statistical drift detected for lightgbm model on ADAEUR
2025-09-01 11:25:05 - DriftMonitor - WARNING - DRIFT ALERT: Distribution drift detected for lightgbm model on ADAEUR (Severity: critical)
2025-09-01 11:25:05 - ValidationManager - CRITICAL - DRIFT ALERT [CRITICAL]: Distribution drift detected for lightgbm model on ADAEUR
2025-09-01 11:25:05 - DriftMonitor - WARNING - DRIFT ALERT: Distribution drift detected for ppo model on ADAEUR (Severity: critical)
2025-09-01 11:25:05 - ValidationManager - CRITICAL - DRIFT ALERT [CRITICAL]: Distribution drift detected for ppo model on ADAEUR
2025-09-01 11:25:05 - DriftMonitor - WARNING - DRIFT ALERT: Statistical drift detected for gru model on DOTEUR (Severity: critical)
2025-09-01 11:25:05 - ValidationManager - CRITICAL - DRIFT ALERT [CRITICAL]: Statistical drift detected for gru model on DOTEUR
2025-09-01 11:25:05 - DriftMonitor - WARNING - DRIFT ALERT: Distribution drift detected for gru model on DOTEUR (Severity: critical)
2025-09-01 11:25:05 - ValidationManager - CRITICAL - DRIFT ALERT [CRITICAL]: Distribution drift detected for gru model on DOTEUR
2025-09-01 11:25:05 - DriftMonitor - WARNING - DRIFT ALERT: Statistical drift detected for lightgbm model on DOTEUR (Severity: critical)
2025-09-01 11:25:05 - ValidationManager - CRITICAL - DRIFT ALERT [CRITICAL]: Statistical drift detected for lightgbm model on DOTEUR
2025-09-01 11:25:05 - DriftMonitor - WARNING - DRIFT ALERT: Distribution drift detected for lightgbm model on DOTEUR (Severity: critical)
2025-09-01 11:25:05 - ValidationManager - CRITICAL - DRIFT ALERT [CRITICAL]: Distribution drift detected for lightgbm model on DOTEUR
2025-09-01 11:25:05 - DriftMonitor - WARNING - DRIFT ALERT: Distribution drift detected for ppo model on DOTEUR (Severity: critical)
2025-09-01 11:25:05 - ValidationManager - CRITICAL - DRIFT ALERT [CRITICAL]: Distribution drift detected for ppo model on DOTEUR
2025-09-01 11:25:05 - DriftMonitor - WARNING - DRIFT ALERT: Statistical drift detected for gru model on LINKEUR (Severity: critical)
2025-09-01 11:25:05 - ValidationManager - CRITICAL - DRIFT ALERT [CRITICAL]: Statistical drift detected for gru model on LINKEUR
2025-09-01 11:25:05 - DriftMonitor - WARNING - DRIFT ALERT: Distribution drift detected for gru model on LINKEUR (Severity: critical)
2025-09-01 11:25:05 - ValidationManager - CRITICAL - DRIFT ALERT [CRITICAL]: Distribution drift detected for gru model on LINKEUR
2025-09-01 11:25:05 - DriftMonitor - WARNING - DRIFT ALERT: Statistical drift detected for lightgbm model on LINKEUR (Severity: critical)
2025-09-01 11:25:05 - ValidationManager - CRITICAL - DRIFT ALERT [CRITICAL]: Statistical drift detected for lightgbm model on LINKEUR
2025-09-01 11:25:05 - DriftMonitor - WARNING - DRIFT ALERT: Distribution drift detected for lightgbm model on LINKEUR (Severity: critical)
2025-09-01 11:25:05 - ValidationManager - CRITICAL - DRIFT ALERT [CRITICAL]: Distribution drift detected for lightgbm model on LINKEUR
2025-09-01 11:25:05 - DriftMonitor - WARNING - DRIFT ALERT: Distribution drift detected for ppo model on LINKEUR (Severity: critical)
2025-09-01 11:25:05 - ValidationManager - CRITICAL - DRIFT ALERT [CRITICAL]: Distribution drift detected for ppo model on LINKEUR
2025-09-01 11:26:05 - DriftMonitor - WARNING - DRIFT ALERT: Statistical drift detected for gru model on BTCEUR (Severity: critical)
2025-09-01 11:26:05 - ValidationManager - CRITICAL - DRIFT ALERT [CRITICAL]: Statistical drift detected for gru model on BTCEUR
2025-09-01 11:26:05 - DriftMonitor - WARNING - DRIFT ALERT: Distribution drift detected for gru model on BTCEUR (Severity: critical)
2025-09-01 11:26:05 - ValidationManager - CRITICAL - DRIFT ALERT [CRITICAL]: Distribution drift detected for gru model on BTCEUR
2025-09-01 11:26:05 - DriftMonitor - WARNING - DRIFT ALERT: Statistical drift detected for lightgbm model on BTCEUR (Severity: critical)
2025-09-01 11:26:05 - ValidationManager - CRITICAL - DRIFT ALERT [CRITICAL]: Statistical drift detected for lightgbm model on BTCEUR
2025-09-01 11:26:05 - DriftMonitor - WARNING - DRIFT ALERT: Distribution drift detected for lightgbm model on BTCEUR (Severity: critical)
2025-09-01 11:26:05 - ValidationManager - CRITICAL - DRIFT ALERT [CRITICAL]: Distribution drift detected for lightgbm model on BTCEUR
2025-09-01 11:26:06 - DriftMonitor - WARNING - DRIFT ALERT: Statistical drift detected for ppo model on BTCEUR (Severity: high)
2025-09-01 11:26:06 - ValidationManager - ERROR - DRIFT ALERT [HIGH]: Statistical drift detected for ppo model on BTCEUR
2025-09-01 11:26:06 - DriftMonitor - WARNING - DRIFT ALERT: Distribution drift detected for ppo model on BTCEUR (Severity: critical)
2025-09-01 11:26:06 - ValidationManager - CRITICAL - DRIFT ALERT [CRITICAL]: Distribution drift detected for ppo model on BTCEUR
2025-09-01 11:26:06 - DriftMonitor - WARNING - DRIFT ALERT: Statistical drift detected for gru model on ETHEUR (Severity: critical)
2025-09-01 11:26:06 - ValidationManager - CRITICAL - DRIFT ALERT [CRITICAL]: Statistical drift detected for gru model on ETHEUR
2025-09-01 11:26:06 - DriftMonitor - WARNING - DRIFT ALERT: Distribution drift detected for gru model on ETHEUR (Severity: critical)
2025-09-01 11:26:06 - ValidationManager - CRITICAL - DRIFT ALERT [CRITICAL]: Distribution drift detected for gru model on ETHEUR
2025-09-01 11:26:06 - DriftMonitor - WARNING - DRIFT ALERT: Statistical drift detected for lightgbm model on ETHEUR (Severity: critical)
2025-09-01 11:26:06 - ValidationManager - CRITICAL - DRIFT ALERT [CRITICAL]: Statistical drift detected for lightgbm model on ETHEUR
2025-09-01 11:26:06 - DriftMonitor - WARNING - DRIFT ALERT: Distribution drift detected for lightgbm model on ETHEUR (Severity: critical)
2025-09-01 11:26:06 - ValidationManager - CRITICAL - DRIFT ALERT [CRITICAL]: Distribution drift detected for lightgbm model on ETHEUR
2025-09-01 11:26:06 - DriftMonitor - WARNING - DRIFT ALERT: Statistical drift detected for ppo model on ETHEUR (Severity: critical)
2025-09-01 11:26:06 - ValidationManager - CRITICAL - DRIFT ALERT [CRITICAL]: Statistical drift detected for ppo model on ETHEUR
2025-09-01 11:26:06 - DriftMonitor - WARNING - DRIFT ALERT: Distribution drift detected for ppo model on ETHEUR (Severity: critical)
2025-09-01 11:26:06 - ValidationManager - CRITICAL - DRIFT ALERT [CRITICAL]: Distribution drift detected for ppo model on ETHEUR
2025-09-01 11:26:06 - DriftMonitor - WARNING - DRIFT ALERT: Statistical drift detected for gru model on ADAEUR (Severity: critical)
2025-09-01 11:26:06 - ValidationManager - CRITICAL - DRIFT ALERT [CRITICAL]: Statistical drift detected for gru model on ADAEUR
2025-09-01 11:26:06 - DriftMonitor - WARNING - DRIFT ALERT: Distribution drift detected for gru model on ADAEUR (Severity: critical)
2025-09-01 11:26:06 - ValidationManager - CRITICAL - DRIFT ALERT [CRITICAL]: Distribution drift detected for gru model on ADAEUR
2025-09-01 11:26:06 - DriftMonitor - WARNING - DRIFT ALERT: Statistical drift detected for lightgbm model on ADAEUR (Severity: critical)
2025-09-01 11:26:06 - ValidationManager - CRITICAL - DRIFT ALERT [CRITICAL]: Statistical drift detected for lightgbm model on ADAEUR
2025-09-01 11:26:06 - DriftMonitor - WARNING - DRIFT ALERT: Distribution drift detected for lightgbm model on ADAEUR (Severity: critical)
2025-09-01 11:26:06 - ValidationManager - CRITICAL - DRIFT ALERT [CRITICAL]: Distribution drift detected for lightgbm model on ADAEUR
2025-09-01 11:26:06 - DriftMonitor - WARNING - DRIFT ALERT: Distribution drift detected for ppo model on ADAEUR (Severity: critical)
2025-09-01 11:26:06 - ValidationManager - CRITICAL - DRIFT ALERT [CRITICAL]: Distribution drift detected for ppo model on ADAEUR
2025-09-01 11:26:06 - DriftMonitor - WARNING - DRIFT ALERT: Statistical drift detected for gru model on DOTEUR (Severity: critical)
2025-09-01 11:26:06 - ValidationManager - CRITICAL - DRIFT ALERT [CRITICAL]: Statistical drift detected for gru model on DOTEUR
2025-09-01 11:26:06 - DriftMonitor - WARNING - DRIFT ALERT: Distribution drift detected for gru model on DOTEUR (Severity: critical)
2025-09-01 11:26:06 - ValidationManager - CRITICAL - DRIFT ALERT [CRITICAL]: Distribution drift detected for gru model on DOTEUR
2025-09-01 11:26:06 - DriftMonitor - WARNING - DRIFT ALERT: Statistical drift detected for lightgbm model on DOTEUR (Severity: critical)
2025-09-01 11:26:06 - ValidationManager - CRITICAL - DRIFT ALERT [CRITICAL]: Statistical drift detected for lightgbm model on DOTEUR
2025-09-01 11:26:06 - DriftMonitor - WARNING - DRIFT ALERT: Distribution drift detected for lightgbm model on DOTEUR (Severity: critical)
2025-09-01 11:26:06 - ValidationManager - CRITICAL - DRIFT ALERT [CRITICAL]: Distribution drift detected for lightgbm model on DOTEUR
2025-09-01 11:26:06 - DriftMonitor - WARNING - DRIFT ALERT: Distribution drift detected for ppo model on DOTEUR (Severity: critical)
2025-09-01 11:26:06 - ValidationManager - CRITICAL - DRIFT ALERT [CRITICAL]: Distribution drift detected for ppo model on DOTEUR
2025-09-01 11:26:06 - DriftMonitor - WARNING - DRIFT ALERT: Statistical drift detected for gru model on LINKEUR (Severity: critical)
2025-09-01 11:26:06 - ValidationManager - CRITICAL - DRIFT ALERT [CRITICAL]: Statistical drift detected for gru model on LINKEUR
2025-09-01 11:26:06 - DriftMonitor - WARNING - DRIFT ALERT: Distribution drift detected for gru model on LINKEUR (Severity: critical)
2025-09-01 11:26:06 - ValidationManager - CRITICAL - DRIFT ALERT [CRITICAL]: Distribution drift detected for gru model on LINKEUR
2025-09-01 11:26:06 - DriftMonitor - WARNING - DRIFT ALERT: Statistical drift detected for lightgbm model on LINKEUR (Severity: critical)
2025-09-01 11:26:06 - ValidationManager - CRITICAL - DRIFT ALERT [CRITICAL]: Statistical drift detected for lightgbm model on LINKEUR
2025-09-01 11:26:06 - DriftMonitor - WARNING - DRIFT ALERT: Distribution drift detected for lightgbm model on LINKEUR (Severity: critical)
2025-09-01 11:26:06 - ValidationManager - CRITICAL - DRIFT ALERT [CRITICAL]: Distribution drift detected for lightgbm model on LINKEUR
2025-09-01 11:26:06 - DriftMonitor - WARNING - DRIFT ALERT: Distribution drift detected for ppo model on LINKEUR (Severity: critical)
2025-09-01 11:26:06 - ValidationManager - CRITICAL - DRIFT ALERT [CRITICAL]: Distribution drift detected for ppo model on LINKEUR
2025-09-01 11:27:06 - DriftMonitor - WARNING - DRIFT ALERT: Statistical drift detected for gru model on BTCEUR (Severity: critical)
2025-09-01 11:27:06 - ValidationManager - CRITICAL - DRIFT ALERT [CRITICAL]: Statistical drift detected for gru model on BTCEUR
2025-09-01 11:27:06 - DriftMonitor - WARNING - DRIFT ALERT: Distribution drift detected for gru model on BTCEUR (Severity: critical)
2025-09-01 11:27:06 - ValidationManager - CRITICAL - DRIFT ALERT [CRITICAL]: Distribution drift detected for gru model on BTCEUR
2025-09-01 11:27:06 - DriftMonitor - WARNING - DRIFT ALERT: Statistical drift detected for lightgbm model on BTCEUR (Severity: critical)
2025-09-01 11:27:06 - ValidationManager - CRITICAL - DRIFT ALERT [CRITICAL]: Statistical drift detected for lightgbm model on BTCEUR
2025-09-01 11:27:06 - DriftMonitor - WARNING - DRIFT ALERT: Distribution drift detected for lightgbm model on BTCEUR (Severity: critical)
2025-09-01 11:27:06 - ValidationManager - CRITICAL - DRIFT ALERT [CRITICAL]: Distribution drift detected for lightgbm model on BTCEUR
2025-09-01 11:27:06 - DriftMonitor - WARNING - DRIFT ALERT: Statistical drift detected for ppo model on BTCEUR (Severity: high)
2025-09-01 11:27:06 - ValidationManager - ERROR - DRIFT ALERT [HIGH]: Statistical drift detected for ppo model on BTCEUR
2025-09-01 11:27:06 - DriftMonitor - WARNING - DRIFT ALERT: Distribution drift detected for ppo model on BTCEUR (Severity: critical)
2025-09-01 11:27:06 - ValidationManager - CRITICAL - DRIFT ALERT [CRITICAL]: Distribution drift detected for ppo model on BTCEUR
2025-09-01 11:27:06 - DriftMonitor - WARNING - DRIFT ALERT: Statistical drift detected for gru model on ETHEUR (Severity: critical)
2025-09-01 11:27:06 - ValidationManager - CRITICAL - DRIFT ALERT [CRITICAL]: Statistical drift detected for gru model on ETHEUR
2025-09-01 11:27:06 - DriftMonitor - WARNING - DRIFT ALERT: Distribution drift detected for gru model on ETHEUR (Severity: critical)
2025-09-01 11:27:06 - ValidationManager - CRITICAL - DRIFT ALERT [CRITICAL]: Distribution drift detected for gru model on ETHEUR
2025-09-01 11:27:06 - DriftMonitor - WARNING - DRIFT ALERT: Statistical drift detected for lightgbm model on ETHEUR (Severity: critical)
2025-09-01 11:27:06 - ValidationManager - CRITICAL - DRIFT ALERT [CRITICAL]: Statistical drift detected for lightgbm model on ETHEUR
2025-09-01 11:27:06 - DriftMonitor - WARNING - DRIFT ALERT: Distribution drift detected for lightgbm model on ETHEUR (Severity: critical)
2025-09-01 11:27:06 - ValidationManager - CRITICAL - DRIFT ALERT [CRITICAL]: Distribution drift detected for lightgbm model on ETHEUR
2025-09-01 11:27:06 - DriftMonitor - WARNING - DRIFT ALERT: Statistical drift detected for ppo model on ETHEUR (Severity: critical)
2025-09-01 11:27:06 - ValidationManager - CRITICAL - DRIFT ALERT [CRITICAL]: Statistical drift detected for ppo model on ETHEUR
2025-09-01 11:27:06 - DriftMonitor - WARNING - DRIFT ALERT: Distribution drift detected for ppo model on ETHEUR (Severity: critical)
2025-09-01 11:27:06 - ValidationManager - CRITICAL - DRIFT ALERT [CRITICAL]: Distribution drift detected for ppo model on ETHEUR
2025-09-01 11:27:06 - DriftMonitor - WARNING - DRIFT ALERT: Statistical drift detected for gru model on ADAEUR (Severity: critical)
2025-09-01 11:27:06 - ValidationManager - CRITICAL - DRIFT ALERT [CRITICAL]: Statistical drift detected for gru model on ADAEUR
2025-09-01 11:27:06 - DriftMonitor - WARNING - DRIFT ALERT: Distribution drift detected for gru model on ADAEUR (Severity: critical)
2025-09-01 11:27:06 - ValidationManager - CRITICAL - DRIFT ALERT [CRITICAL]: Distribution drift detected for gru model on ADAEUR
2025-09-01 11:27:06 - DriftMonitor - WARNING - DRIFT ALERT: Statistical drift detected for lightgbm model on ADAEUR (Severity: critical)
2025-09-01 11:27:06 - ValidationManager - CRITICAL - DRIFT ALERT [CRITICAL]: Statistical drift detected for lightgbm model on ADAEUR
2025-09-01 11:27:06 - DriftMonitor - WARNING - DRIFT ALERT: Distribution drift detected for lightgbm model on ADAEUR (Severity: critical)
2025-09-01 11:27:06 - ValidationManager - CRITICAL - DRIFT ALERT [CRITICAL]: Distribution drift detected for lightgbm model on ADAEUR
2025-09-01 11:27:06 - DriftMonitor - WARNING - DRIFT ALERT: Distribution drift detected for ppo model on ADAEUR (Severity: critical)
2025-09-01 11:27:06 - ValidationManager - CRITICAL - DRIFT ALERT [CRITICAL]: Distribution drift detected for ppo model on ADAEUR
2025-09-01 11:27:06 - DriftMonitor - WARNING - DRIFT ALERT: Statistical drift detected for gru model on DOTEUR (Severity: critical)
2025-09-01 11:27:06 - ValidationManager - CRITICAL - DRIFT ALERT [CRITICAL]: Statistical drift detected for gru model on DOTEUR
2025-09-01 11:27:06 - DriftMonitor - WARNING - DRIFT ALERT: Distribution drift detected for gru model on DOTEUR (Severity: critical)
2025-09-01 11:27:06 - ValidationManager - CRITICAL - DRIFT ALERT [CRITICAL]: Distribution drift detected for gru model on DOTEUR
2025-09-01 11:27:06 - DriftMonitor - WARNING - DRIFT ALERT: Statistical drift detected for lightgbm model on DOTEUR (Severity: critical)
2025-09-01 11:27:06 - ValidationManager - CRITICAL - DRIFT ALERT [CRITICAL]: Statistical drift detected for lightgbm model on DOTEUR
2025-09-01 11:27:06 - DriftMonitor - WARNING - DRIFT ALERT: Distribution drift detected for lightgbm model on DOTEUR (Severity: critical)
2025-09-01 11:27:06 - ValidationManager - CRITICAL - DRIFT ALERT [CRITICAL]: Distribution drift detected for lightgbm model on DOTEUR
2025-09-01 11:27:06 - DriftMonitor - WARNING - DRIFT ALERT: Distribution drift detected for ppo model on DOTEUR (Severity: critical)
2025-09-01 11:27:06 - ValidationManager - CRITICAL - DRIFT ALERT [CRITICAL]: Distribution drift detected for ppo model on DOTEUR
2025-09-01 11:27:06 - DriftMonitor - WARNING - DRIFT ALERT: Statistical drift detected for gru model on LINKEUR (Severity: critical)
2025-09-01 11:27:06 - ValidationManager - CRITICAL - DRIFT ALERT [CRITICAL]: Statistical drift detected for gru model on LINKEUR
2025-09-01 11:27:06 - DriftMonitor - WARNING - DRIFT ALERT: Distribution drift detected for gru model on LINKEUR (Severity: critical)
2025-09-01 11:27:06 - ValidationManager - CRITICAL - DRIFT ALERT [CRITICAL]: Distribution drift detected for gru model on LINKEUR
2025-09-01 11:27:06 - DriftMonitor - WARNING - DRIFT ALERT: Statistical drift detected for lightgbm model on LINKEUR (Severity: critical)
2025-09-01 11:27:06 - ValidationManager - CRITICAL - DRIFT ALERT [CRITICAL]: Statistical drift detected for lightgbm model on LINKEUR
2025-09-01 11:27:06 - DriftMonitor - WARNING - DRIFT ALERT: Distribution drift detected for lightgbm model on LINKEUR (Severity: critical)
2025-09-01 11:27:06 - ValidationManager - CRITICAL - DRIFT ALERT [CRITICAL]: Distribution drift detected for lightgbm model on LINKEUR
2025-09-01 11:27:06 - DriftMonitor - WARNING - DRIFT ALERT: Distribution drift detected for ppo model on LINKEUR (Severity: critical)
2025-09-01 11:27:06 - ValidationManager - CRITICAL - DRIFT ALERT [CRITICAL]: Distribution drift detected for ppo model on LINKEUR
2025-09-01 11:28:06 - DriftMonitor - WARNING - DRIFT ALERT: Statistical drift detected for gru model on BTCEUR (Severity: critical)
2025-09-01 11:28:06 - ValidationManager - CRITICAL - DRIFT ALERT [CRITICAL]: Statistical drift detected for gru model on BTCEUR
2025-09-01 11:28:06 - DriftMonitor - WARNING - DRIFT ALERT: Distribution drift detected for gru model on BTCEUR (Severity: critical)
2025-09-01 11:28:06 - ValidationManager - CRITICAL - DRIFT ALERT [CRITICAL]: Distribution drift detected for gru model on BTCEUR
2025-09-01 11:28:06 - DriftMonitor - WARNING - DRIFT ALERT: Statistical drift detected for lightgbm model on BTCEUR (Severity: critical)
2025-09-01 11:28:06 - ValidationManager - CRITICAL - DRIFT ALERT [CRITICAL]: Statistical drift detected for lightgbm model on BTCEUR
2025-09-01 11:28:06 - DriftMonitor - WARNING - DRIFT ALERT: Distribution drift detected for lightgbm model on BTCEUR (Severity: critical)
2025-09-01 11:28:06 - ValidationManager - CRITICAL - DRIFT ALERT [CRITICAL]: Distribution drift detected for lightgbm model on BTCEUR
2025-09-01 11:28:06 - DriftMonitor - WARNING - DRIFT ALERT: Statistical drift detected for ppo model on BTCEUR (Severity: high)
2025-09-01 11:28:06 - ValidationManager - ERROR - DRIFT ALERT [HIGH]: Statistical drift detected for ppo model on BTCEUR
2025-09-01 11:28:06 - DriftMonitor - WARNING - DRIFT ALERT: Distribution drift detected for ppo model on BTCEUR (Severity: critical)
2025-09-01 11:28:06 - ValidationManager - CRITICAL - DRIFT ALERT [CRITICAL]: Distribution drift detected for ppo model on BTCEUR
2025-09-01 11:28:06 - DriftMonitor - WARNING - DRIFT ALERT: Statistical drift detected for gru model on ETHEUR (Severity: critical)
2025-09-01 11:28:06 - ValidationManager - CRITICAL - DRIFT ALERT [CRITICAL]: Statistical drift detected for gru model on ETHEUR
2025-09-01 11:28:06 - DriftMonitor - WARNING - DRIFT ALERT: Distribution drift detected for gru model on ETHEUR (Severity: critical)
2025-09-01 11:28:06 - ValidationManager - CRITICAL - DRIFT ALERT [CRITICAL]: Distribution drift detected for gru model on ETHEUR
2025-09-01 11:28:06 - DriftMonitor - WARNING - DRIFT ALERT: Statistical drift detected for lightgbm model on ETHEUR (Severity: critical)
2025-09-01 11:28:06 - ValidationManager - CRITICAL - DRIFT ALERT [CRITICAL]: Statistical drift detected for lightgbm model on ETHEUR
2025-09-01 11:28:06 - DriftMonitor - WARNING - DRIFT ALERT: Distribution drift detected for lightgbm model on ETHEUR (Severity: critical)
2025-09-01 11:28:06 - ValidationManager - CRITICAL - DRIFT ALERT [CRITICAL]: Distribution drift detected for lightgbm model on ETHEUR
2025-09-01 11:28:06 - DriftMonitor - WARNING - DRIFT ALERT: Statistical drift detected for ppo model on ETHEUR (Severity: critical)
2025-09-01 11:28:06 - ValidationManager - CRITICAL - DRIFT ALERT [CRITICAL]: Statistical drift detected for ppo model on ETHEUR
2025-09-01 11:28:06 - DriftMonitor - WARNING - DRIFT ALERT: Distribution drift detected for ppo model on ETHEUR (Severity: critical)
2025-09-01 11:28:06 - ValidationManager - CRITICAL - DRIFT ALERT [CRITICAL]: Distribution drift detected for ppo model on ETHEUR
2025-09-01 11:28:06 - DriftMonitor - WARNING - DRIFT ALERT: Statistical drift detected for gru model on ADAEUR (Severity: critical)
2025-09-01 11:28:06 - ValidationManager - CRITICAL - DRIFT ALERT [CRITICAL]: Statistical drift detected for gru model on ADAEUR
2025-09-01 11:28:06 - DriftMonitor - WARNING - DRIFT ALERT: Distribution drift detected for gru model on ADAEUR (Severity: critical)
2025-09-01 11:28:06 - ValidationManager - CRITICAL - DRIFT ALERT [CRITICAL]: Distribution drift detected for gru model on ADAEUR
2025-09-01 11:28:06 - DriftMonitor - WARNING - DRIFT ALERT: Statistical drift detected for lightgbm model on ADAEUR (Severity: critical)
2025-09-01 11:28:06 - ValidationManager - CRITICAL - DRIFT ALERT [CRITICAL]: Statistical drift detected for lightgbm model on ADAEUR
2025-09-01 11:28:06 - DriftMonitor - WARNING - DRIFT ALERT: Distribution drift detected for lightgbm model on ADAEUR (Severity: critical)
2025-09-01 11:28:06 - ValidationManager - CRITICAL - DRIFT ALERT [CRITICAL]: Distribution drift detected for lightgbm model on ADAEUR
2025-09-01 11:28:06 - DriftMonitor - WARNING - DRIFT ALERT: Distribution drift detected for ppo model on ADAEUR (Severity: critical)
2025-09-01 11:28:06 - ValidationManager - CRITICAL - DRIFT ALERT [CRITICAL]: Distribution drift detected for ppo model on ADAEUR
2025-09-01 11:28:06 - DriftMonitor - WARNING - DRIFT ALERT: Statistical drift detected for gru model on DOTEUR (Severity: critical)
2025-09-01 11:28:06 - ValidationManager - CRITICAL - DRIFT ALERT [CRITICAL]: Statistical drift detected for gru model on DOTEUR
2025-09-01 11:28:06 - DriftMonitor - WARNING - DRIFT ALERT: Distribution drift detected for gru model on DOTEUR (Severity: critical)
2025-09-01 11:28:06 - ValidationManager - CRITICAL - DRIFT ALERT [CRITICAL]: Distribution drift detected for gru model on DOTEUR
2025-09-01 11:28:06 - DriftMonitor - WARNING - DRIFT ALERT: Statistical drift detected for lightgbm model on DOTEUR (Severity: critical)
2025-09-01 11:28:06 - ValidationManager - CRITICAL - DRIFT ALERT [CRITICAL]: Statistical drift detected for lightgbm model on DOTEUR
2025-09-01 11:28:06 - DriftMonitor - WARNING - DRIFT ALERT: Distribution drift detected for lightgbm model on DOTEUR (Severity: critical)
2025-09-01 11:28:06 - ValidationManager - CRITICAL - DRIFT ALERT [CRITICAL]: Distribution drift detected for lightgbm model on DOTEUR
2025-09-01 11:28:06 - DriftMonitor - WARNING - DRIFT ALERT: Distribution drift detected for ppo model on DOTEUR (Severity: critical)
2025-09-01 11:28:06 - ValidationManager - CRITICAL - DRIFT ALERT [CRITICAL]: Distribution drift detected for ppo model on DOTEUR
2025-09-01 11:28:06 - DriftMonitor - WARNING - DRIFT ALERT: Statistical drift detected for gru model on LINKEUR (Severity: critical)
2025-09-01 11:28:06 - ValidationManager - CRITICAL - DRIFT ALERT [CRITICAL]: Statistical drift detected for gru model on LINKEUR
2025-09-01 11:28:06 - DriftMonitor - WARNING - DRIFT ALERT: Distribution drift detected for gru model on LINKEUR (Severity: critical)
2025-09-01 11:28:06 - ValidationManager - CRITICAL - DRIFT ALERT [CRITICAL]: Distribution drift detected for gru model on LINKEUR
2025-09-01 11:28:06 - DriftMonitor - WARNING - DRIFT ALERT: Statistical drift detected for lightgbm model on LINKEUR (Severity: critical)
2025-09-01 11:28:06 - ValidationManager - CRITICAL - DRIFT ALERT [CRITICAL]: Statistical drift detected for lightgbm model on LINKEUR
2025-09-01 11:28:06 - DriftMonitor - WARNING - DRIFT ALERT: Distribution drift detected for lightgbm model on LINKEUR (Severity: critical)
2025-09-01 11:28:06 - ValidationManager - CRITICAL - DRIFT ALERT [CRITICAL]: Distribution drift detected for lightgbm model on LINKEUR
2025-09-01 11:28:06 - DriftMonitor - WARNING - DRIFT ALERT: Distribution drift detected for ppo model on LINKEUR (Severity: critical)
2025-09-01 11:28:06 - ValidationManager - CRITICAL - DRIFT ALERT [CRITICAL]: Distribution drift detected for ppo model on LINKEUR
2025-09-01 11:29:06 - DriftMonitor - WARNING - DRIFT ALERT: Statistical drift detected for gru model on BTCEUR (Severity: critical)
2025-09-01 11:29:06 - ValidationManager - CRITICAL - DRIFT ALERT [CRITICAL]: Statistical drift detected for gru model on BTCEUR
2025-09-01 11:29:06 - DriftMonitor - WARNING - DRIFT ALERT: Distribution drift detected for gru model on BTCEUR (Severity: critical)
2025-09-01 11:29:06 - ValidationManager - CRITICAL - DRIFT ALERT [CRITICAL]: Distribution drift detected for gru model on BTCEUR
2025-09-01 11:29:06 - DriftMonitor - WARNING - DRIFT ALERT: Statistical drift detected for lightgbm model on BTCEUR (Severity: critical)
2025-09-01 11:29:06 - ValidationManager - CRITICAL - DRIFT ALERT [CRITICAL]: Statistical drift detected for lightgbm model on BTCEUR
2025-09-01 11:29:06 - DriftMonitor - WARNING - DRIFT ALERT: Distribution drift detected for lightgbm model on BTCEUR (Severity: critical)
2025-09-01 11:29:06 - ValidationManager - CRITICAL - DRIFT ALERT [CRITICAL]: Distribution drift detected for lightgbm model on BTCEUR
2025-09-01 11:29:06 - DriftMonitor - WARNING - DRIFT ALERT: Statistical drift detected for ppo model on BTCEUR (Severity: high)
2025-09-01 11:29:06 - ValidationManager - ERROR - DRIFT ALERT [HIGH]: Statistical drift detected for ppo model on BTCEUR
2025-09-01 11:29:06 - DriftMonitor - WARNING - DRIFT ALERT: Distribution drift detected for ppo model on BTCEUR (Severity: critical)
2025-09-01 11:29:06 - ValidationManager - CRITICAL - DRIFT ALERT [CRITICAL]: Distribution drift detected for ppo model on BTCEUR
2025-09-01 11:29:06 - DriftMonitor - WARNING - DRIFT ALERT: Statistical drift detected for gru model on ETHEUR (Severity: critical)
2025-09-01 11:29:06 - ValidationManager - CRITICAL - DRIFT ALERT [CRITICAL]: Statistical drift detected for gru model on ETHEUR
2025-09-01 11:29:06 - DriftMonitor - WARNING - DRIFT ALERT: Distribution drift detected for gru model on ETHEUR (Severity: critical)
2025-09-01 11:29:06 - ValidationManager - CRITICAL - DRIFT ALERT [CRITICAL]: Distribution drift detected for gru model on ETHEUR
2025-09-01 11:29:06 - DriftMonitor - WARNING - DRIFT ALERT: Statistical drift detected for lightgbm model on ETHEUR (Severity: critical)
2025-09-01 11:29:06 - ValidationManager - CRITICAL - DRIFT ALERT [CRITICAL]: Statistical drift detected for lightgbm model on ETHEUR
2025-09-01 11:29:06 - DriftMonitor - WARNING - DRIFT ALERT: Distribution drift detected for lightgbm model on ETHEUR (Severity: critical)
2025-09-01 11:29:06 - ValidationManager - CRITICAL - DRIFT ALERT [CRITICAL]: Distribution drift detected for lightgbm model on ETHEUR
2025-09-01 11:29:06 - DriftMonitor - WARNING - DRIFT ALERT: Statistical drift detected for ppo model on ETHEUR (Severity: critical)
2025-09-01 11:29:06 - ValidationManager - CRITICAL - DRIFT ALERT [CRITICAL]: Statistical drift detected for ppo model on ETHEUR
2025-09-01 11:29:06 - DriftMonitor - WARNING - DRIFT ALERT: Distribution drift detected for ppo model on ETHEUR (Severity: critical)
2025-09-01 11:29:06 - ValidationManager - CRITICAL - DRIFT ALERT [CRITICAL]: Distribution drift detected for ppo model on ETHEUR
2025-09-01 11:29:06 - DriftMonitor - WARNING - DRIFT ALERT: Statistical drift detected for gru model on ADAEUR (Severity: critical)
2025-09-01 11:29:06 - ValidationManager - CRITICAL - DRIFT ALERT [CRITICAL]: Statistical drift detected for gru model on ADAEUR
2025-09-01 11:29:06 - DriftMonitor - WARNING - DRIFT ALERT: Distribution drift detected for gru model on ADAEUR (Severity: critical)
2025-09-01 11:29:06 - ValidationManager - CRITICAL - DRIFT ALERT [CRITICAL]: Distribution drift detected for gru model on ADAEUR
2025-09-01 11:29:06 - DriftMonitor - WARNING - DRIFT ALERT: Statistical drift detected for lightgbm model on ADAEUR (Severity: critical)
2025-09-01 11:29:06 - ValidationManager - CRITICAL - DRIFT ALERT [CRITICAL]: Statistical drift detected for lightgbm model on ADAEUR
2025-09-01 11:29:06 - DriftMonitor - WARNING - DRIFT ALERT: Distribution drift detected for lightgbm model on ADAEUR (Severity: critical)
2025-09-01 11:29:06 - ValidationManager - CRITICAL - DRIFT ALERT [CRITICAL]: Distribution drift detected for lightgbm model on ADAEUR
2025-09-01 11:29:06 - DriftMonitor - WARNING - DRIFT ALERT: Distribution drift detected for ppo model on ADAEUR (Severity: critical)
2025-09-01 11:29:06 - ValidationManager - CRITICAL - DRIFT ALERT [CRITICAL]: Distribution drift detected for ppo model on ADAEUR
2025-09-01 11:29:06 - DriftMonitor - WARNING - DRIFT ALERT: Statistical drift detected for gru model on DOTEUR (Severity: critical)
2025-09-01 11:29:06 - ValidationManager - CRITICAL - DRIFT ALERT [CRITICAL]: Statistical drift detected for gru model on DOTEUR
2025-09-01 11:29:06 - DriftMonitor - WARNING - DRIFT ALERT: Distribution drift detected for gru model on DOTEUR (Severity: critical)
2025-09-01 11:29:06 - ValidationManager - CRITICAL - DRIFT ALERT [CRITICAL]: Distribution drift detected for gru model on DOTEUR
2025-09-01 11:29:06 - DriftMonitor - WARNING - DRIFT ALERT: Statistical drift detected for lightgbm model on DOTEUR (Severity: critical)
2025-09-01 11:29:06 - ValidationManager - CRITICAL - DRIFT ALERT [CRITICAL]: Statistical drift detected for lightgbm model on DOTEUR
2025-09-01 11:29:06 - DriftMonitor - WARNING - DRIFT ALERT: Distribution drift detected for lightgbm model on DOTEUR (Severity: critical)
2025-09-01 11:29:06 - ValidationManager - CRITICAL - DRIFT ALERT [CRITICAL]: Distribution drift detected for lightgbm model on DOTEUR
2025-09-01 11:29:06 - DriftMonitor - WARNING - DRIFT ALERT: Distribution drift detected for ppo model on DOTEUR (Severity: critical)
2025-09-01 11:29:06 - ValidationManager - CRITICAL - DRIFT ALERT [CRITICAL]: Distribution drift detected for ppo model on DOTEUR
2025-09-01 11:29:06 - DriftMonitor - WARNING - DRIFT ALERT: Statistical drift detected for gru model on LINKEUR (Severity: critical)
2025-09-01 11:29:06 - ValidationManager - CRITICAL - DRIFT ALERT [CRITICAL]: Statistical drift detected for gru model on LINKEUR
2025-09-01 11:29:06 - DriftMonitor - WARNING - DRIFT ALERT: Distribution drift detected for gru model on LINKEUR (Severity: critical)
2025-09-01 11:29:06 - ValidationManager - CRITICAL - DRIFT ALERT [CRITICAL]: Distribution drift detected for gru model on LINKEUR
2025-09-01 11:29:06 - DriftMonitor - WARNING - DRIFT ALERT: Statistical drift detected for lightgbm model on LINKEUR (Severity: critical)
2025-09-01 11:29:06 - ValidationManager - CRITICAL - DRIFT ALERT [CRITICAL]: Statistical drift detected for lightgbm model on LINKEUR
2025-09-01 11:29:06 - DriftMonitor - WARNING - DRIFT ALERT: Distribution drift detected for lightgbm model on LINKEUR (Severity: critical)
2025-09-01 11:29:06 - ValidationManager - CRITICAL - DRIFT ALERT [CRITICAL]: Distribution drift detected for lightgbm model on LINKEUR
2025-09-01 11:29:06 - DriftMonitor - WARNING - DRIFT ALERT: Distribution drift detected for ppo model on LINKEUR (Severity: critical)
2025-09-01 11:29:06 - ValidationManager - CRITICAL - DRIFT ALERT [CRITICAL]: Distribution drift detected for ppo model on LINKEUR
2025-09-01 11:30:06 - DriftMonitor - WARNING - DRIFT ALERT: Statistical drift detected for gru model on BTCEUR (Severity: critical)
2025-09-01 11:30:06 - ValidationManager - CRITICAL - DRIFT ALERT [CRITICAL]: Statistical drift detected for gru model on BTCEUR
2025-09-01 11:30:06 - DriftMonitor - WARNING - DRIFT ALERT: Distribution drift detected for gru model on BTCEUR (Severity: critical)
2025-09-01 11:30:06 - ValidationManager - CRITICAL - DRIFT ALERT [CRITICAL]: Distribution drift detected for gru model on BTCEUR
2025-09-01 11:30:06 - DriftMonitor - WARNING - DRIFT ALERT: Statistical drift detected for lightgbm model on BTCEUR (Severity: critical)
2025-09-01 11:30:06 - ValidationManager - CRITICAL - DRIFT ALERT [CRITICAL]: Statistical drift detected for lightgbm model on BTCEUR
2025-09-01 11:30:06 - DriftMonitor - WARNING - DRIFT ALERT: Distribution drift detected for lightgbm model on BTCEUR (Severity: critical)
2025-09-01 11:30:06 - ValidationManager - CRITICAL - DRIFT ALERT [CRITICAL]: Distribution drift detected for lightgbm model on BTCEUR
2025-09-01 11:30:06 - DriftMonitor - WARNING - DRIFT ALERT: Statistical drift detected for ppo model on BTCEUR (Severity: high)
2025-09-01 11:30:06 - ValidationManager - ERROR - DRIFT ALERT [HIGH]: Statistical drift detected for ppo model on BTCEUR
2025-09-01 11:30:06 - DriftMonitor - WARNING - DRIFT ALERT: Distribution drift detected for ppo model on BTCEUR (Severity: critical)
2025-09-01 11:30:06 - ValidationManager - CRITICAL - DRIFT ALERT [CRITICAL]: Distribution drift detected for ppo model on BTCEUR
2025-09-01 11:30:06 - DriftMonitor - WARNING - DRIFT ALERT: Statistical drift detected for gru model on ETHEUR (Severity: critical)
2025-09-01 11:30:06 - ValidationManager - CRITICAL - DRIFT ALERT [CRITICAL]: Statistical drift detected for gru model on ETHEUR
2025-09-01 11:30:06 - DriftMonitor - WARNING - DRIFT ALERT: Distribution drift detected for gru model on ETHEUR (Severity: critical)
2025-09-01 11:30:06 - ValidationManager - CRITICAL - DRIFT ALERT [CRITICAL]: Distribution drift detected for gru model on ETHEUR
2025-09-01 11:30:06 - DriftMonitor - WARNING - DRIFT ALERT: Statistical drift detected for lightgbm model on ETHEUR (Severity: critical)
2025-09-01 11:30:06 - ValidationManager - CRITICAL - DRIFT ALERT [CRITICAL]: Statistical drift detected for lightgbm model on ETHEUR
2025-09-01 11:30:06 - DriftMonitor - WARNING - DRIFT ALERT: Distribution drift detected for lightgbm model on ETHEUR (Severity: critical)
2025-09-01 11:30:06 - ValidationManager - CRITICAL - DRIFT ALERT [CRITICAL]: Distribution drift detected for lightgbm model on ETHEUR
2025-09-01 11:30:06 - DriftMonitor - WARNING - DRIFT ALERT: Statistical drift detected for ppo model on ETHEUR (Severity: critical)
2025-09-01 11:30:06 - ValidationManager - CRITICAL - DRIFT ALERT [CRITICAL]: Statistical drift detected for ppo model on ETHEUR
2025-09-01 11:30:06 - DriftMonitor - WARNING - DRIFT ALERT: Distribution drift detected for ppo model on ETHEUR (Severity: critical)
2025-09-01 11:30:06 - ValidationManager - CRITICAL - DRIFT ALERT [CRITICAL]: Distribution drift detected for ppo model on ETHEUR
2025-09-01 11:30:06 - DriftMonitor - WARNING - DRIFT ALERT: Statistical drift detected for gru model on ADAEUR (Severity: critical)
2025-09-01 11:30:06 - ValidationManager - CRITICAL - DRIFT ALERT [CRITICAL]: Statistical drift detected for gru model on ADAEUR
2025-09-01 11:30:06 - DriftMonitor - WARNING - DRIFT ALERT: Distribution drift detected for gru model on ADAEUR (Severity: critical)
2025-09-01 11:30:06 - ValidationManager - CRITICAL - DRIFT ALERT [CRITICAL]: Distribution drift detected for gru model on ADAEUR
2025-09-01 11:30:06 - DriftMonitor - WARNING - DRIFT ALERT: Statistical drift detected for lightgbm model on ADAEUR (Severity: critical)
2025-09-01 11:30:06 - ValidationManager - CRITICAL - DRIFT ALERT [CRITICAL]: Statistical drift detected for lightgbm model on ADAEUR
2025-09-01 11:30:06 - DriftMonitor - WARNING - DRIFT ALERT: Distribution drift detected for lightgbm model on ADAEUR (Severity: critical)
2025-09-01 11:30:06 - ValidationManager - CRITICAL - DRIFT ALERT [CRITICAL]: Distribution drift detected for lightgbm model on ADAEUR
2025-09-01 11:30:06 - DriftMonitor - WARNING - DRIFT ALERT: Distribution drift detected for ppo model on ADAEUR (Severity: critical)
2025-09-01 11:30:06 - ValidationManager - CRITICAL - DRIFT ALERT [CRITICAL]: Distribution drift detected for ppo model on ADAEUR
2025-09-01 11:30:06 - DriftMonitor - WARNING - DRIFT ALERT: Statistical drift detected for gru model on DOTEUR (Severity: critical)
2025-09-01 11:30:06 - ValidationManager - CRITICAL - DRIFT ALERT [CRITICAL]: Statistical drift detected for gru model on DOTEUR
2025-09-01 11:30:06 - DriftMonitor - WARNING - DRIFT ALERT: Distribution drift detected for gru model on DOTEUR (Severity: critical)
2025-09-01 11:30:06 - ValidationManager - CRITICAL - DRIFT ALERT [CRITICAL]: Distribution drift detected for gru model on DOTEUR
2025-09-01 11:30:06 - DriftMonitor - WARNING - DRIFT ALERT: Statistical drift detected for lightgbm model on DOTEUR (Severity: critical)
2025-09-01 11:30:06 - ValidationManager - CRITICAL - DRIFT ALERT [CRITICAL]: Statistical drift detected for lightgbm model on DOTEUR
2025-09-01 11:30:06 - DriftMonitor - WARNING - DRIFT ALERT: Distribution drift detected for lightgbm model on DOTEUR (Severity: critical)
2025-09-01 11:30:06 - ValidationManager - CRITICAL - DRIFT ALERT [CRITICAL]: Distribution drift detected for lightgbm model on DOTEUR
2025-09-01 11:30:06 - DriftMonitor - WARNING - DRIFT ALERT: Distribution drift detected for ppo model on DOTEUR (Severity: critical)
2025-09-01 11:30:06 - ValidationManager - CRITICAL - DRIFT ALERT [CRITICAL]: Distribution drift detected for ppo model on DOTEUR
2025-09-01 11:30:06 - DriftMonitor - WARNING - DRIFT ALERT: Statistical drift detected for gru model on LINKEUR (Severity: critical)
2025-09-01 11:30:06 - ValidationManager - CRITICAL - DRIFT ALERT [CRITICAL]: Statistical drift detected for gru model on LINKEUR
2025-09-01 11:30:06 - DriftMonitor - WARNING - DRIFT ALERT: Distribution drift detected for gru model on LINKEUR (Severity: critical)
2025-09-01 11:30:06 - ValidationManager - CRITICAL - DRIFT ALERT [CRITICAL]: Distribution drift detected for gru model on LINKEUR
2025-09-01 11:30:06 - DriftMonitor - WARNING - DRIFT ALERT: Statistical drift detected for lightgbm model on LINKEUR (Severity: critical)
2025-09-01 11:30:06 - ValidationManager - CRITICAL - DRIFT ALERT [CRITICAL]: Statistical drift detected for lightgbm model on LINKEUR
2025-09-01 11:30:06 - DriftMonitor - WARNING - DRIFT ALERT: Distribution drift detected for lightgbm model on LINKEUR (Severity: critical)
2025-09-01 11:30:06 - ValidationManager - CRITICAL - DRIFT ALERT [CRITICAL]: Distribution drift detected for lightgbm model on LINKEUR
2025-09-01 11:30:06 - DriftMonitor - WARNING - DRIFT ALERT: Distribution drift detected for ppo model on LINKEUR (Severity: critical)
2025-09-01 11:30:06 - ValidationManager - CRITICAL - DRIFT ALERT [CRITICAL]: Distribution drift detected for ppo model on LINKEUR
2025-09-01 11:30:24 - enhanced_trader - INFO - Fetching 30m candles for ETHEUR: 25s since last boundary, next boundary in 1775s
2025-09-01 11:30:25 - enhanced_trader - INFO - Fetching 30m candles for BTCEUR: 25s since last boundary, next boundary in 1775s
2025-09-01 11:30:25 - enhanced_trader - INFO - Fetching 30m candles for ADAEUR: 25s since last boundary, next boundary in 1775s
2025-09-01 11:30:25 - enhanced_trader - INFO - Fetching 30m candles for DOTEUR: 25s since last boundary, next boundary in 1775s
2025-09-01 11:30:26 - enhanced_trader - INFO - Latest 30m candle for ETHEUR: 11:30 UTC (0.4 minutes ago)
2025-09-01 11:30:26 - enhanced_trader - INFO - Latest 30m candle for BTCEUR: 11:30 UTC (0.4 minutes ago)
2025-09-01 11:30:26 - enhanced_trader - INFO - Successfully fetched 300 records for ETHEUR
2025-09-01 11:30:26 - enhanced_trader - INFO - Successfully fetched 300 records for BTCEUR
2025-09-01 11:30:26 - src.data_pipeline.features - INFO - Generating features for 300 records
2025-09-01 11:30:26 - src.data_pipeline.features - INFO - Validating and cleaning source data...
2025-09-01 11:30:26 - src.data_pipeline.features - INFO - Generating features for 300 records
2025-09-01 11:30:26 - src.data_pipeline.features - INFO - Validating and cleaning source data...
2025-09-01 11:30:26 - enhanced_trader - INFO - Fetching 30m candles for LINKEUR: 26s since last boundary, next boundary in 1774s
2025-09-01 11:30:26 - enhanced_trader - INFO - Latest 30m candle for ADAEUR: 11:30 UTC (0.4 minutes ago)
2025-09-01 11:30:26 - enhanced_trader - INFO - Latest 30m candle for DOTEUR: 11:30 UTC (0.4 minutes ago)
2025-09-01 11:30:26 - enhanced_trader - INFO - Successfully fetched 300 records for ADAEUR
2025-09-01 11:30:26 - src.data_pipeline.features - INFO - Generating features for 300 records
2025-09-01 11:30:26 - src.data_pipeline.features - INFO - Validating and cleaning source data...
2025-09-01 11:30:26 - enhanced_trader - INFO - Successfully fetched 300 records for DOTEUR
2025-09-01 11:30:26 - src.data_pipeline.features - INFO - Source data validation and cleaning completed
2025-09-01 11:30:26 - src.data_pipeline.features - WARNING - Using absolute bounds for open due to corrupted statistics
2025-09-01 11:30:26 - src.data_pipeline.features - INFO - Generating features for 300 records
2025-09-01 11:30:26 - src.data_pipeline.features - INFO - Source data validation and cleaning completed
2025-09-01 11:30:26 - src.data_pipeline.features - WARNING - Using absolute bounds for high due to corrupted statistics
2025-09-01 11:30:26 - src.data_pipeline.features - INFO - Validating and cleaning source data...
2025-09-01 11:30:26 - src.data_pipeline.features - WARNING - Using absolute bounds for low due to corrupted statistics
2025-09-01 11:30:26 - enhanced_trader - INFO - Latest 30m candle for LINKEUR: 11:30 UTC (0.4 minutes ago)
2025-09-01 11:30:26 - src.data_pipeline.features - WARNING - Using absolute bounds for open due to corrupted statistics
2025-09-01 11:30:26 - src.data_pipeline.features - WARNING - Using absolute bounds for close due to corrupted statistics
2025-09-01 11:30:26 - src.data_pipeline.features - INFO - Applied intermediate validation after price features: clipped 1 features
2025-09-01 11:30:26 - enhanced_trader - INFO - Successfully fetched 300 records for LINKEUR
2025-09-01 11:30:26 - src.data_pipeline.features - WARNING - Using absolute bounds for high due to corrupted statistics
2025-09-01 11:30:26 - src.data_pipeline.features - INFO - Applied intermediate validation after price features: clipped 1 features
2025-09-01 11:30:26 - src.data_pipeline.features - INFO - Source data validation and cleaning completed
2025-09-01 11:30:26 - src.data_pipeline.features - INFO - Generating features for 300 records
2025-09-01 11:30:26 - src.data_pipeline.features - WARNING - Using absolute bounds for low due to corrupted statistics
2025-09-01 11:30:27 - src.data_pipeline.features - INFO - Validating and cleaning source data...
2025-09-01 11:30:27 - src.data_pipeline.features - WARNING - Using absolute bounds for open due to corrupted statistics
2025-09-01 11:30:27 - src.data_pipeline.features - WARNING - Using absolute bounds for close due to corrupted statistics
2025-09-01 11:30:27 - src.data_pipeline.features - INFO - Applied intermediate validation after price features: clipped 4 features
2025-09-01 11:30:27 - src.data_pipeline.features - WARNING - Using absolute bounds for high due to corrupted statistics
2025-09-01 11:30:27 - src.data_pipeline.features - INFO - Source data validation and cleaning completed
2025-09-01 11:30:27 - src.data_pipeline.features - WARNING - Using absolute bounds for low due to corrupted statistics
2025-09-01 11:30:27 - src.data_pipeline.features - WARNING - Using absolute bounds for close due to corrupted statistics
2025-09-01 11:30:27 - src.data_pipeline.features - WARNING - Large volume spike detected - max: 83405.15, median: 659.13
2025-09-01 11:30:27 - src.data_pipeline.features - INFO - Source data validation and cleaning completed
2025-09-01 11:30:27 - src.data_pipeline.features - INFO - Applied intermediate validation after price features: clipped 1 features
2025-09-01 11:30:27 - src.data_pipeline.features - INFO - Applied intermediate validation after technical indicators: clipped 1 features
2025-09-01 11:30:27 - src.data_pipeline.features - INFO - Applied intermediate validation after technical indicators: clipped 1 features
2025-09-01 11:30:28 - src.data_pipeline.features - INFO - Applied intermediate validation after price features: clipped 1 features
2025-09-01 11:30:28 - src.data_pipeline.features - INFO - Applied intermediate validation after technical indicators: clipped 1 features
2025-09-01 11:30:28 - src.data_pipeline.features - INFO - Applied intermediate validation after technical indicators: clipped 1 features
2025-09-01 11:30:28 - src.data_pipeline.features - INFO - Applied intermediate validation after volume features: clipped 2 features
2025-09-01 11:30:29 - src.data_pipeline.features - INFO - Applied intermediate validation after technical indicators: clipped 1 features
2025-09-01 11:30:29 - src.data_pipeline.features - INFO - Applied intermediate validation after volatility features: clipped 1 features
2025-09-01 11:30:30 - src.data_pipeline.features - INFO - Applying robust feature validation...
2025-09-01 11:30:30 - src.data_pipeline.features - INFO - Applying robust feature validation...
2025-09-01 11:30:30 - src.data_pipeline.features - INFO - Applied intermediate validation after advanced features: clipped 1 features
2025-09-01 11:30:30 - src.data_pipeline.features - INFO - Applying robust feature validation...
2025-09-01 11:30:30 - src.data_pipeline.features - INFO - Applying robust feature validation...
2025-09-01 11:30:30 - src.data_pipeline.features - INFO - Applying robust feature validation...
2025-09-01 11:30:31 - src.data_pipeline.features - INFO - Feature validation completed - max absolute value: 697589.300000
2025-09-01 11:30:31 - src.data_pipeline.features - INFO - Generated 113 new features
2025-09-01 11:30:31 - src.data_pipeline.features - INFO - Final data validation: NaN=0, Inf=0
2025-09-01 11:30:31 - src.data_pipeline.features - INFO - Feature validation completed - max absolute value: 150000.000000
2025-09-01 11:30:31 - src.data_pipeline.features - INFO - Feature validation completed - max absolute value: 150000.000000
2025-09-01 11:30:31 - src.data_pipeline.features - INFO - Generated 113 new features
2025-09-01 11:30:31 - src.data_pipeline.features - INFO - Generated 113 new features
2025-09-01 11:30:31 - enhanced_trader - INFO - Fetched 300 records for ADAEUR (parallel)
2025-09-01 11:30:31 - src.data_pipeline.features - INFO - Final data validation: NaN=0, Inf=0
2025-09-01 11:30:31 - src.data_pipeline.features - INFO - Feature validation completed - max absolute value: 150000.000000
2025-09-01 11:30:31 - enhanced_trader - INFO - Fetched 300 records for ETHEUR (parallel)
2025-09-01 11:30:31 - src.data_pipeline.features - INFO - Generated 113 new features
2025-09-01 11:30:31 - src.data_pipeline.features - INFO - Final data validation: NaN=0, Inf=0
2025-09-01 11:30:31 - src.data_pipeline.features - INFO - Final data validation: NaN=0, Inf=0
2025-09-01 11:30:31 - enhanced_trader - INFO - Fetched 300 records for BTCEUR (parallel)
2025-09-01 11:30:31 - enhanced_trader - INFO - Fetched 300 records for DOTEUR (parallel)
2025-09-01 11:30:31 - src.data_pipeline.features - INFO - Feature validation completed - max absolute value: 150000.000000
2025-09-01 11:30:31 - src.data_pipeline.features - INFO - Generated 113 new features
2025-09-01 11:30:31 - src.data_pipeline.features - INFO - Final data validation: NaN=0, Inf=0
2025-09-01 11:30:31 - enhanced_trader - INFO - Fetched 300 records for LINKEUR (parallel)
2025-09-01 11:30:31 - enhanced_trader - INFO - Generating enhanced signals for 5 symbols
2025-09-01 11:30:31 - src.data_pipeline.feature_selector - INFO - Aligning features for gru_BTCEUR
2025-09-01 11:30:31 - src.data_pipeline.feature_selector - INFO - Using dynamic default feature count 113 for gru
2025-09-01 11:30:31 - src.data_pipeline.feature_selector - INFO - Intelligent selection: 113 -> 113 features for gru_BTCEUR
2025-09-01 11:30:31 - src.data_pipeline.features - INFO - Feature selector aligned 113 features for gru_BTCEUR
2025-09-01 11:30:31 - DriftMonitor - WARNING - DRIFT ALERT: Statistical drift detected for gru model on BTCEUR (Severity: critical)
2025-09-01 11:30:31 - ValidationManager - CRITICAL - DRIFT ALERT [CRITICAL]: Statistical drift detected for gru model on BTCEUR
2025-09-01 11:30:31 - DriftMonitor - WARNING - DRIFT ALERT: Distribution drift detected for gru model on BTCEUR (Severity: critical)
2025-09-01 11:30:31 - ValidationManager - CRITICAL - DRIFT ALERT [CRITICAL]: Distribution drift detected for gru model on BTCEUR
2025-09-01 11:30:31 - validation_logger - INFO - Schema validation with low confidence: {"event_type": "schema_decision", "symbol": "BTCEUR", "model_type": "gru", "decision": "accept", "method": "comprehensive", "confidence": 0.0, "processing_time_ms": 46.16355895996094, "action": "accept"}
2025-09-01 11:30:31 - src.data_pipeline.feature_selector - INFO - Aligning features for lightgbm_BTCEUR
2025-09-01 11:30:31 - src.data_pipeline.feature_selector - INFO - Using dynamic default feature count 113 for lightgbm
2025-09-01 11:30:31 - src.data_pipeline.feature_selector - INFO - Intelligent selection: 113 -> 113 features for lightgbm_BTCEUR
2025-09-01 11:30:31 - src.data_pipeline.features - INFO - Feature selector aligned 113 features for lightgbm_BTCEUR
2025-09-01 11:30:31 - DriftMonitor - WARNING - DRIFT ALERT: Statistical drift detected for lightgbm model on BTCEUR (Severity: critical)
2025-09-01 11:30:31 - ValidationManager - CRITICAL - DRIFT ALERT [CRITICAL]: Statistical drift detected for lightgbm model on BTCEUR
2025-09-01 11:30:31 - DriftMonitor - WARNING - DRIFT ALERT: Distribution drift detected for lightgbm model on BTCEUR (Severity: critical)
2025-09-01 11:30:31 - ValidationManager - CRITICAL - DRIFT ALERT [CRITICAL]: Distribution drift detected for lightgbm model on BTCEUR
2025-09-01 11:30:31 - validation_logger - INFO - Schema validation with low confidence: {"event_type": "schema_decision", "symbol": "BTCEUR", "model_type": "lightgbm", "decision": "accept", "method": "comprehensive", "confidence": 0.0, "processing_time_ms": 48.954010009765625, "action": "accept"}
2025-09-01 11:30:31 - DriftMonitor - WARNING - DRIFT ALERT: Statistical drift detected for ppo model on BTCEUR (Severity: critical)
2025-09-01 11:30:31 - ValidationManager - CRITICAL - DRIFT ALERT [CRITICAL]: Statistical drift detected for ppo model on BTCEUR
2025-09-01 11:30:31 - DriftMonitor - WARNING - DRIFT ALERT: Distribution drift detected for ppo model on BTCEUR (Severity: critical)
2025-09-01 11:30:31 - ValidationManager - CRITICAL - DRIFT ALERT [CRITICAL]: Distribution drift detected for ppo model on BTCEUR
2025-09-01 11:30:31 - validation_logger - INFO - Schema validation with low confidence: {"event_type": "schema_decision", "symbol": "BTCEUR", "model_type": "ppo", "decision": "accept", "method": "comprehensive", "confidence": 0.0, "processing_time_ms": 12.944698333740234, "action": "accept"}
2025-09-01 11:30:31 - src.data_pipeline.feature_selector - INFO - Aligning features for gru_ETHEUR
2025-09-01 11:30:31 - src.data_pipeline.feature_selector - INFO - Using dynamic default feature count 113 for gru
2025-09-01 11:30:31 - src.data_pipeline.feature_selector - INFO - Intelligent selection: 113 -> 113 features for gru_ETHEUR
2025-09-01 11:30:31 - src.data_pipeline.features - INFO - Feature selector aligned 113 features for gru_ETHEUR
2025-09-01 11:30:31 - DriftMonitor - WARNING - DRIFT ALERT: Statistical drift detected for gru model on ETHEUR (Severity: critical)
2025-09-01 11:30:31 - ValidationManager - CRITICAL - DRIFT ALERT [CRITICAL]: Statistical drift detected for gru model on ETHEUR
2025-09-01 11:30:31 - DriftMonitor - WARNING - DRIFT ALERT: Distribution drift detected for gru model on ETHEUR (Severity: critical)
2025-09-01 11:30:31 - ValidationManager - CRITICAL - DRIFT ALERT [CRITICAL]: Distribution drift detected for gru model on ETHEUR
2025-09-01 11:30:31 - validation_logger - INFO - Schema validation with low confidence: {"event_type": "schema_decision", "symbol": "ETHEUR", "model_type": "gru", "decision": "accept", "method": "comprehensive", "confidence": 0.0, "processing_time_ms": 55.96160888671875, "action": "accept"}
2025-09-01 11:30:31 - src.data_pipeline.feature_selector - INFO - Aligning features for lightgbm_ETHEUR
2025-09-01 11:30:31 - src.data_pipeline.feature_selector - INFO - Using dynamic default feature count 113 for lightgbm
2025-09-01 11:30:31 - src.data_pipeline.feature_selector - INFO - Intelligent selection: 113 -> 113 features for lightgbm_ETHEUR
2025-09-01 11:30:31 - src.data_pipeline.features - INFO - Feature selector aligned 113 features for lightgbm_ETHEUR
2025-09-01 11:30:31 - DriftMonitor - WARNING - DRIFT ALERT: Statistical drift detected for lightgbm model on ETHEUR (Severity: critical)
2025-09-01 11:30:31 - ValidationManager - CRITICAL - DRIFT ALERT [CRITICAL]: Statistical drift detected for lightgbm model on ETHEUR
2025-09-01 11:30:31 - DriftMonitor - WARNING - DRIFT ALERT: Distribution drift detected for lightgbm model on ETHEUR (Severity: critical)
2025-09-01 11:30:31 - ValidationManager - CRITICAL - DRIFT ALERT [CRITICAL]: Distribution drift detected for lightgbm model on ETHEUR
2025-09-01 11:30:31 - validation_logger - INFO - Schema validation with low confidence: {"event_type": "schema_decision", "symbol": "ETHEUR", "model_type": "lightgbm", "decision": "accept", "method": "comprehensive", "confidence": 0.0, "processing_time_ms": 62.93916702270508, "action": "accept"}
2025-09-01 11:30:31 - DriftMonitor - WARNING - DRIFT ALERT: Statistical drift detected for ppo model on ETHEUR (Severity: high)
2025-09-01 11:30:31 - ValidationManager - ERROR - DRIFT ALERT [HIGH]: Statistical drift detected for ppo model on ETHEUR
2025-09-01 11:30:31 - DriftMonitor - WARNING - DRIFT ALERT: Distribution drift detected for ppo model on ETHEUR (Severity: critical)
2025-09-01 11:30:31 - ValidationManager - CRITICAL - DRIFT ALERT [CRITICAL]: Distribution drift detected for ppo model on ETHEUR
2025-09-01 11:30:31 - validation_logger - INFO - Schema validation with low confidence: {"event_type": "schema_decision", "symbol": "ETHEUR", "model_type": "ppo", "decision": "accept", "method": "comprehensive", "confidence": 0.0, "processing_time_ms": 14.876842498779297, "action": "accept"}
2025-09-01 11:30:31 - src.data_pipeline.feature_selector - INFO - Aligning features for gru_ADAEUR
2025-09-01 11:30:31 - src.data_pipeline.feature_selector - INFO - Using dynamic default feature count 113 for gru
2025-09-01 11:30:31 - src.data_pipeline.feature_selector - INFO - Intelligent selection: 113 -> 113 features for gru_ADAEUR
2025-09-01 11:30:31 - src.data_pipeline.features - INFO - Feature selector aligned 113 features for gru_ADAEUR
2025-09-01 11:30:31 - DriftMonitor - WARNING - DRIFT ALERT: Statistical drift detected for gru model on ADAEUR (Severity: critical)
2025-09-01 11:30:31 - ValidationManager - CRITICAL - DRIFT ALERT [CRITICAL]: Statistical drift detected for gru model on ADAEUR
2025-09-01 11:30:31 - DriftMonitor - WARNING - DRIFT ALERT: Distribution drift detected for gru model on ADAEUR (Severity: critical)
2025-09-01 11:30:31 - ValidationManager - CRITICAL - DRIFT ALERT [CRITICAL]: Distribution drift detected for gru model on ADAEUR
2025-09-01 11:30:31 - validation_logger - INFO - Schema validation with low confidence: {"event_type": "schema_decision", "symbol": "ADAEUR", "model_type": "gru", "decision": "accept", "method": "comprehensive", "confidence": 0.0, "processing_time_ms": 61.434030532836914, "action": "accept"}
2025-09-01 11:30:31 - src.data_pipeline.feature_selector - INFO - Aligning features for lightgbm_ADAEUR
2025-09-01 11:30:31 - src.data_pipeline.feature_selector - INFO - Using dynamic default feature count 113 for lightgbm
2025-09-01 11:30:31 - src.data_pipeline.feature_selector - INFO - Intelligent selection: 113 -> 113 features for lightgbm_ADAEUR
2025-09-01 11:30:31 - src.data_pipeline.features - INFO - Feature selector aligned 113 features for lightgbm_ADAEUR
2025-09-01 11:30:31 - DriftMonitor - WARNING - DRIFT ALERT: Statistical drift detected for lightgbm model on ADAEUR (Severity: critical)
2025-09-01 11:30:31 - ValidationManager - CRITICAL - DRIFT ALERT [CRITICAL]: Statistical drift detected for lightgbm model on ADAEUR
2025-09-01 11:30:31 - DriftMonitor - WARNING - DRIFT ALERT: Distribution drift detected for lightgbm model on ADAEUR (Severity: critical)
2025-09-01 11:30:31 - ValidationManager - CRITICAL - DRIFT ALERT [CRITICAL]: Distribution drift detected for lightgbm model on ADAEUR
2025-09-01 11:30:31 - validation_logger - INFO - Schema validation with low confidence: {"event_type": "schema_decision", "symbol": "ADAEUR", "model_type": "lightgbm", "decision": "accept", "method": "comprehensive", "confidence": 0.0, "processing_time_ms": 61.12957000732422, "action": "accept"}
2025-09-01 11:30:31 - DriftMonitor - WARNING - DRIFT ALERT: Distribution drift detected for ppo model on ADAEUR (Severity: critical)
2025-09-01 11:30:31 - ValidationManager - CRITICAL - DRIFT ALERT [CRITICAL]: Distribution drift detected for ppo model on ADAEUR
2025-09-01 11:30:31 - validation_logger - INFO - Schema validation with low confidence: {"event_type": "schema_decision", "symbol": "ADAEUR", "model_type": "ppo", "decision": "accept", "method": "comprehensive", "confidence": 0.0, "processing_time_ms": 14.129877090454102, "action": "accept"}
2025-09-01 11:30:31 - src.data_pipeline.feature_selector - INFO - Aligning features for gru_DOTEUR
2025-09-01 11:30:31 - src.data_pipeline.feature_selector - INFO - Using dynamic default feature count 113 for gru
2025-09-01 11:30:31 - src.data_pipeline.feature_selector - INFO - Intelligent selection: 113 -> 113 features for gru_DOTEUR
2025-09-01 11:30:31 - src.data_pipeline.features - INFO - Feature selector aligned 113 features for gru_DOTEUR
2025-09-01 11:30:32 - DriftMonitor - WARNING - DRIFT ALERT: Statistical drift detected for gru model on DOTEUR (Severity: critical)
2025-09-01 11:30:32 - ValidationManager - CRITICAL - DRIFT ALERT [CRITICAL]: Statistical drift detected for gru model on DOTEUR
2025-09-01 11:30:32 - DriftMonitor - WARNING - DRIFT ALERT: Distribution drift detected for gru model on DOTEUR (Severity: critical)
2025-09-01 11:30:32 - ValidationManager - CRITICAL - DRIFT ALERT [CRITICAL]: Distribution drift detected for gru model on DOTEUR
2025-09-01 11:30:32 - validation_logger - INFO - Schema validation with low confidence: {"event_type": "schema_decision", "symbol": "DOTEUR", "model_type": "gru", "decision": "accept", "method": "comprehensive", "confidence": 0.0, "processing_time_ms": 61.04135513305664, "action": "accept"}
2025-09-01 11:30:32 - src.data_pipeline.feature_selector - INFO - Aligning features for lightgbm_DOTEUR
2025-09-01 11:30:32 - src.data_pipeline.feature_selector - INFO - Using dynamic default feature count 113 for lightgbm
2025-09-01 11:30:32 - src.data_pipeline.feature_selector - INFO - Intelligent selection: 113 -> 113 features for lightgbm_DOTEUR
2025-09-01 11:30:32 - src.data_pipeline.features - INFO - Feature selector aligned 113 features for lightgbm_DOTEUR
2025-09-01 11:30:32 - DriftMonitor - WARNING - DRIFT ALERT: Statistical drift detected for lightgbm model on DOTEUR (Severity: critical)
2025-09-01 11:30:32 - ValidationManager - CRITICAL - DRIFT ALERT [CRITICAL]: Statistical drift detected for lightgbm model on DOTEUR
2025-09-01 11:30:32 - DriftMonitor - WARNING - DRIFT ALERT: Distribution drift detected for lightgbm model on DOTEUR (Severity: critical)
2025-09-01 11:30:32 - ValidationManager - CRITICAL - DRIFT ALERT [CRITICAL]: Distribution drift detected for lightgbm model on DOTEUR
2025-09-01 11:30:32 - validation_logger - INFO - Schema validation with low confidence: {"event_type": "schema_decision", "symbol": "DOTEUR", "model_type": "lightgbm", "decision": "accept", "method": "comprehensive", "confidence": 0.0, "processing_time_ms": 62.46042251586914, "action": "accept"}
2025-09-01 11:30:32 - DriftMonitor - WARNING - DRIFT ALERT: Distribution drift detected for ppo model on DOTEUR (Severity: critical)
2025-09-01 11:30:32 - ValidationManager - CRITICAL - DRIFT ALERT [CRITICAL]: Distribution drift detected for ppo model on DOTEUR
2025-09-01 11:30:32 - validation_logger - INFO - Schema validation with low confidence: {"event_type": "schema_decision", "symbol": "DOTEUR", "model_type": "ppo", "decision": "accept", "method": "comprehensive", "confidence": 0.0, "processing_time_ms": 14.902353286743164, "action": "accept"}
2025-09-01 11:30:32 - src.data_pipeline.feature_selector - INFO - Aligning features for gru_LINKEUR
2025-09-01 11:30:32 - src.data_pipeline.feature_selector - INFO - Using dynamic default feature count 113 for gru
2025-09-01 11:30:32 - src.data_pipeline.feature_selector - INFO - Intelligent selection: 113 -> 113 features for gru_LINKEUR
2025-09-01 11:30:32 - src.data_pipeline.features - INFO - Feature selector aligned 113 features for gru_LINKEUR
2025-09-01 11:30:32 - DriftMonitor - WARNING - DRIFT ALERT: Statistical drift detected for gru model on LINKEUR (Severity: critical)
2025-09-01 11:30:32 - ValidationManager - CRITICAL - DRIFT ALERT [CRITICAL]: Statistical drift detected for gru model on LINKEUR
2025-09-01 11:30:32 - DriftMonitor - WARNING - DRIFT ALERT: Distribution drift detected for gru model on LINKEUR (Severity: critical)
2025-09-01 11:30:32 - ValidationManager - CRITICAL - DRIFT ALERT [CRITICAL]: Distribution drift detected for gru model on LINKEUR
2025-09-01 11:30:32 - validation_logger - INFO - Schema validation with low confidence: {"event_type": "schema_decision", "symbol": "LINKEUR", "model_type": "gru", "decision": "accept", "method": "comprehensive", "confidence": 0.0, "processing_time_ms": 61.61904335021973, "action": "accept"}
2025-09-01 11:30:32 - src.data_pipeline.feature_selector - INFO - Aligning features for lightgbm_LINKEUR
2025-09-01 11:30:32 - src.data_pipeline.feature_selector - INFO - Using dynamic default feature count 113 for lightgbm
2025-09-01 11:30:32 - src.data_pipeline.feature_selector - INFO - Intelligent selection: 113 -> 113 features for lightgbm_LINKEUR
2025-09-01 11:30:32 - src.data_pipeline.features - INFO - Feature selector aligned 113 features for lightgbm_LINKEUR
2025-09-01 11:30:32 - DriftMonitor - WARNING - DRIFT ALERT: Statistical drift detected for lightgbm model on LINKEUR (Severity: critical)
2025-09-01 11:30:32 - ValidationManager - CRITICAL - DRIFT ALERT [CRITICAL]: Statistical drift detected for lightgbm model on LINKEUR
2025-09-01 11:30:32 - DriftMonitor - WARNING - DRIFT ALERT: Distribution drift detected for lightgbm model on LINKEUR (Severity: critical)
2025-09-01 11:30:32 - ValidationManager - CRITICAL - DRIFT ALERT [CRITICAL]: Distribution drift detected for lightgbm model on LINKEUR
2025-09-01 11:30:32 - validation_logger - INFO - Schema validation with low confidence: {"event_type": "schema_decision", "symbol": "LINKEUR", "model_type": "lightgbm", "decision": "accept", "method": "comprehensive", "confidence": 0.0, "processing_time_ms": 61.28835678100586, "action": "accept"}
2025-09-01 11:30:32 - DriftMonitor - WARNING - DRIFT ALERT: Distribution drift detected for ppo model on LINKEUR (Severity: critical)
2025-09-01 11:30:32 - ValidationManager - CRITICAL - DRIFT ALERT [CRITICAL]: Distribution drift detected for ppo model on LINKEUR
2025-09-01 11:30:32 - validation_logger - INFO - Schema validation with low confidence: {"event_type": "schema_decision", "symbol": "LINKEUR", "model_type": "ppo", "decision": "accept", "method": "comprehensive", "confidence": 0.0, "processing_time_ms": 14.464616775512695, "action": "accept"}
2025-09-01 11:30:32 - src.trading.enhanced_signal_generator - INFO - Generated 0 enhanced signals
2025-09-01 11:30:32 - enhanced_trader - INFO - Enhanced signal generation completed: {'BTCEUR': 0, 'ETHEUR': 0, 'ADAEUR': 0, 'DOTEUR': 0, 'LINKEUR': 0}
2025-09-01 11:30:32 - enhanced_trader - INFO - Portfolio Update: Value=€9930.47 P&L=€-1927.99 (-0.70%) Sharpe=-12.11 Drawdown=0.8%
2025-09-01 11:30:32 - src.trading.performance_analytics - INFO - Performance report exported to reports/performance_report_20250901_113032.json
2025-09-01 11:30:32 - enhanced_trader - INFO - === PERFORMANCE REPORT ===
Portfolio Value: €9,930.47
Total Return: -0.70%
Annualized Return: -278.01%
Sharpe Ratio: -12.11
Max Drawdown: 1.5%
Win Rate: 2.3%
Total Trades: 43
P&L: €-1,927.99
2025-09-01 11:30:32 - enhanced_trader - ERROR - Failed to send performance notification: name 'datetime' is not defined
2025-09-01 11:30:32 - enhanced_trader - INFO - Next 30m candle trade: 1783s (at 12:00:15) includes 15s buffer for fresh data
2025-09-01 11:30:32 - enhanced_trader - INFO - Waiting 1783 seconds until next 30m candle
2025-09-01 11:31:07 - DriftMonitor - WARNING - DRIFT ALERT: Statistical drift detected for gru model on BTCEUR (Severity: critical)
2025-09-01 11:31:07 - ValidationManager - CRITICAL - DRIFT ALERT [CRITICAL]: Statistical drift detected for gru model on BTCEUR
2025-09-01 11:31:07 - DriftMonitor - WARNING - DRIFT ALERT: Distribution drift detected for gru model on BTCEUR (Severity: critical)
2025-09-01 11:31:07 - ValidationManager - CRITICAL - DRIFT ALERT [CRITICAL]: Distribution drift detected for gru model on BTCEUR
2025-09-01 11:31:07 - DriftMonitor - WARNING - DRIFT ALERT: Statistical drift detected for lightgbm model on BTCEUR (Severity: critical)
2025-09-01 11:31:07 - ValidationManager - CRITICAL - DRIFT ALERT [CRITICAL]: Statistical drift detected for lightgbm model on BTCEUR
2025-09-01 11:31:07 - DriftMonitor - WARNING - DRIFT ALERT: Distribution drift detected for lightgbm model on BTCEUR (Severity: critical)
2025-09-01 11:31:07 - ValidationManager - CRITICAL - DRIFT ALERT [CRITICAL]: Distribution drift detected for lightgbm model on BTCEUR
2025-09-01 11:31:07 - DriftMonitor - WARNING - DRIFT ALERT: Statistical drift detected for ppo model on BTCEUR (Severity: critical)
2025-09-01 11:31:07 - ValidationManager - CRITICAL - DRIFT ALERT [CRITICAL]: Statistical drift detected for ppo model on BTCEUR
2025-09-01 11:31:07 - DriftMonitor - WARNING - DRIFT ALERT: Distribution drift detected for ppo model on BTCEUR (Severity: critical)
2025-09-01 11:31:07 - ValidationManager - CRITICAL - DRIFT ALERT [CRITICAL]: Distribution drift detected for ppo model on BTCEUR
2025-09-01 11:31:07 - DriftMonitor - WARNING - DRIFT ALERT: Statistical drift detected for gru model on ETHEUR (Severity: critical)
2025-09-01 11:31:07 - ValidationManager - CRITICAL - DRIFT ALERT [CRITICAL]: Statistical drift detected for gru model on ETHEUR
2025-09-01 11:31:07 - DriftMonitor - WARNING - DRIFT ALERT: Distribution drift detected for gru model on ETHEUR (Severity: critical)
2025-09-01 11:31:07 - ValidationManager - CRITICAL - DRIFT ALERT [CRITICAL]: Distribution drift detected for gru model on ETHEUR
2025-09-01 11:31:07 - DriftMonitor - WARNING - DRIFT ALERT: Statistical drift detected for lightgbm model on ETHEUR (Severity: critical)
2025-09-01 11:31:07 - ValidationManager - CRITICAL - DRIFT ALERT [CRITICAL]: Statistical drift detected for lightgbm model on ETHEUR
2025-09-01 11:31:07 - DriftMonitor - WARNING - DRIFT ALERT: Distribution drift detected for lightgbm model on ETHEUR (Severity: critical)
2025-09-01 11:31:07 - ValidationManager - CRITICAL - DRIFT ALERT [CRITICAL]: Distribution drift detected for lightgbm model on ETHEUR
2025-09-01 11:31:07 - DriftMonitor - WARNING - DRIFT ALERT: Statistical drift detected for ppo model on ETHEUR (Severity: high)
2025-09-01 11:31:07 - ValidationManager - ERROR - DRIFT ALERT [HIGH]: Statistical drift detected for ppo model on ETHEUR
2025-09-01 11:31:07 - DriftMonitor - WARNING - DRIFT ALERT: Distribution drift detected for ppo model on ETHEUR (Severity: critical)
2025-09-01 11:31:07 - ValidationManager - CRITICAL - DRIFT ALERT [CRITICAL]: Distribution drift detected for ppo model on ETHEUR
2025-09-01 11:31:07 - DriftMonitor - WARNING - DRIFT ALERT: Statistical drift detected for gru model on ADAEUR (Severity: critical)
2025-09-01 11:31:07 - ValidationManager - CRITICAL - DRIFT ALERT [CRITICAL]: Statistical drift detected for gru model on ADAEUR
2025-09-01 11:31:07 - DriftMonitor - WARNING - DRIFT ALERT: Distribution drift detected for gru model on ADAEUR (Severity: critical)
2025-09-01 11:31:07 - ValidationManager - CRITICAL - DRIFT ALERT [CRITICAL]: Distribution drift detected for gru model on ADAEUR
2025-09-01 11:31:07 - DriftMonitor - WARNING - DRIFT ALERT: Statistical drift detected for lightgbm model on ADAEUR (Severity: critical)
2025-09-01 11:31:07 - ValidationManager - CRITICAL - DRIFT ALERT [CRITICAL]: Statistical drift detected for lightgbm model on ADAEUR
2025-09-01 11:31:07 - DriftMonitor - WARNING - DRIFT ALERT: Distribution drift detected for lightgbm model on ADAEUR (Severity: critical)
2025-09-01 11:31:07 - ValidationManager - CRITICAL - DRIFT ALERT [CRITICAL]: Distribution drift detected for lightgbm model on ADAEUR
2025-09-01 11:31:07 - DriftMonitor - WARNING - DRIFT ALERT: Distribution drift detected for ppo model on ADAEUR (Severity: critical)
2025-09-01 11:31:07 - ValidationManager - CRITICAL - DRIFT ALERT [CRITICAL]: Distribution drift detected for ppo model on ADAEUR
2025-09-01 11:31:07 - DriftMonitor - WARNING - DRIFT ALERT: Statistical drift detected for gru model on DOTEUR (Severity: critical)
2025-09-01 11:31:07 - ValidationManager - CRITICAL - DRIFT ALERT [CRITICAL]: Statistical drift detected for gru model on DOTEUR
2025-09-01 11:31:07 - DriftMonitor - WARNING - DRIFT ALERT: Distribution drift detected for gru model on DOTEUR (Severity: critical)
2025-09-01 11:31:07 - ValidationManager - CRITICAL - DRIFT ALERT [CRITICAL]: Distribution drift detected for gru model on DOTEUR
2025-09-01 11:31:07 - DriftMonitor - WARNING - DRIFT ALERT: Statistical drift detected for lightgbm model on DOTEUR (Severity: critical)
2025-09-01 11:31:07 - ValidationManager - CRITICAL - DRIFT ALERT [CRITICAL]: Statistical drift detected for lightgbm model on DOTEUR
2025-09-01 11:31:07 - DriftMonitor - WARNING - DRIFT ALERT: Distribution drift detected for lightgbm model on DOTEUR (Severity: critical)
2025-09-01 11:31:07 - ValidationManager - CRITICAL - DRIFT ALERT [CRITICAL]: Distribution drift detected for lightgbm model on DOTEUR
2025-09-01 11:31:07 - DriftMonitor - WARNING - DRIFT ALERT: Distribution drift detected for ppo model on DOTEUR (Severity: critical)
2025-09-01 11:31:07 - ValidationManager - CRITICAL - DRIFT ALERT [CRITICAL]: Distribution drift detected for ppo model on DOTEUR
2025-09-01 11:31:07 - DriftMonitor - WARNING - DRIFT ALERT: Statistical drift detected for gru model on LINKEUR (Severity: critical)
2025-09-01 11:31:07 - ValidationManager - CRITICAL - DRIFT ALERT [CRITICAL]: Statistical drift detected for gru model on LINKEUR
2025-09-01 11:31:07 - DriftMonitor - WARNING - DRIFT ALERT: Distribution drift detected for gru model on LINKEUR (Severity: critical)
2025-09-01 11:31:07 - ValidationManager - CRITICAL - DRIFT ALERT [CRITICAL]: Distribution drift detected for gru model on LINKEUR
2025-09-01 11:31:07 - DriftMonitor - WARNING - DRIFT ALERT: Statistical drift detected for lightgbm model on LINKEUR (Severity: critical)
2025-09-01 11:31:07 - ValidationManager - CRITICAL - DRIFT ALERT [CRITICAL]: Statistical drift detected for lightgbm model on LINKEUR
2025-09-01 11:31:07 - DriftMonitor - WARNING - DRIFT ALERT: Distribution drift detected for lightgbm model on LINKEUR (Severity: critical)
2025-09-01 11:31:07 - ValidationManager - CRITICAL - DRIFT ALERT [CRITICAL]: Distribution drift detected for lightgbm model on LINKEUR
2025-09-01 11:31:07 - DriftMonitor - WARNING - DRIFT ALERT: Distribution drift detected for ppo model on LINKEUR (Severity: critical)
2025-09-01 11:31:07 - ValidationManager - CRITICAL - DRIFT ALERT [CRITICAL]: Distribution drift detected for ppo model on LINKEUR
2025-09-01 11:32:07 - DriftMonitor - WARNING - DRIFT ALERT: Statistical drift detected for gru model on BTCEUR (Severity: critical)
2025-09-01 11:32:07 - ValidationManager - CRITICAL - DRIFT ALERT [CRITICAL]: Statistical drift detected for gru model on BTCEUR
2025-09-01 11:32:07 - DriftMonitor - WARNING - DRIFT ALERT: Distribution drift detected for gru model on BTCEUR (Severity: critical)
2025-09-01 11:32:07 - ValidationManager - CRITICAL - DRIFT ALERT [CRITICAL]: Distribution drift detected for gru model on BTCEUR
2025-09-01 11:32:07 - DriftMonitor - WARNING - DRIFT ALERT: Statistical drift detected for lightgbm model on BTCEUR (Severity: critical)
2025-09-01 11:32:07 - ValidationManager - CRITICAL - DRIFT ALERT [CRITICAL]: Statistical drift detected for lightgbm model on BTCEUR
2025-09-01 11:32:07 - DriftMonitor - WARNING - DRIFT ALERT: Distribution drift detected for lightgbm model on BTCEUR (Severity: critical)
2025-09-01 11:32:07 - ValidationManager - CRITICAL - DRIFT ALERT [CRITICAL]: Distribution drift detected for lightgbm model on BTCEUR
2025-09-01 11:32:07 - DriftMonitor - WARNING - DRIFT ALERT: Statistical drift detected for ppo model on BTCEUR (Severity: critical)
2025-09-01 11:32:07 - ValidationManager - CRITICAL - DRIFT ALERT [CRITICAL]: Statistical drift detected for ppo model on BTCEUR
2025-09-01 11:32:07 - DriftMonitor - WARNING - DRIFT ALERT: Distribution drift detected for ppo model on BTCEUR (Severity: critical)
2025-09-01 11:32:07 - ValidationManager - CRITICAL - DRIFT ALERT [CRITICAL]: Distribution drift detected for ppo model on BTCEUR
2025-09-01 11:32:07 - DriftMonitor - WARNING - DRIFT ALERT: Statistical drift detected for gru model on ETHEUR (Severity: critical)
2025-09-01 11:32:07 - ValidationManager - CRITICAL - DRIFT ALERT [CRITICAL]: Statistical drift detected for gru model on ETHEUR
2025-09-01 11:32:07 - DriftMonitor - WARNING - DRIFT ALERT: Distribution drift detected for gru model on ETHEUR (Severity: critical)
2025-09-01 11:32:07 - ValidationManager - CRITICAL - DRIFT ALERT [CRITICAL]: Distribution drift detected for gru model on ETHEUR
2025-09-01 11:32:07 - DriftMonitor - WARNING - DRIFT ALERT: Statistical drift detected for lightgbm model on ETHEUR (Severity: critical)
2025-09-01 11:32:07 - ValidationManager - CRITICAL - DRIFT ALERT [CRITICAL]: Statistical drift detected for lightgbm model on ETHEUR
2025-09-01 11:32:07 - DriftMonitor - WARNING - DRIFT ALERT: Distribution drift detected for lightgbm model on ETHEUR (Severity: critical)
2025-09-01 11:32:07 - ValidationManager - CRITICAL - DRIFT ALERT [CRITICAL]: Distribution drift detected for lightgbm model on ETHEUR
2025-09-01 11:32:07 - DriftMonitor - WARNING - DRIFT ALERT: Statistical drift detected for ppo model on ETHEUR (Severity: high)
2025-09-01 11:32:07 - ValidationManager - ERROR - DRIFT ALERT [HIGH]: Statistical drift detected for ppo model on ETHEUR
2025-09-01 11:32:07 - DriftMonitor - WARNING - DRIFT ALERT: Distribution drift detected for ppo model on ETHEUR (Severity: critical)
2025-09-01 11:32:07 - ValidationManager - CRITICAL - DRIFT ALERT [CRITICAL]: Distribution drift detected for ppo model on ETHEUR
2025-09-01 11:32:07 - DriftMonitor - WARNING - DRIFT ALERT: Statistical drift detected for gru model on ADAEUR (Severity: critical)
2025-09-01 11:32:07 - ValidationManager - CRITICAL - DRIFT ALERT [CRITICAL]: Statistical drift detected for gru model on ADAEUR
2025-09-01 11:32:07 - DriftMonitor - WARNING - DRIFT ALERT: Distribution drift detected for gru model on ADAEUR (Severity: critical)
2025-09-01 11:32:07 - ValidationManager - CRITICAL - DRIFT ALERT [CRITICAL]: Distribution drift detected for gru model on ADAEUR
2025-09-01 11:32:07 - DriftMonitor - WARNING - DRIFT ALERT: Statistical drift detected for lightgbm model on ADAEUR (Severity: critical)
2025-09-01 11:32:07 - ValidationManager - CRITICAL - DRIFT ALERT [CRITICAL]: Statistical drift detected for lightgbm model on ADAEUR
2025-09-01 11:32:07 - DriftMonitor - WARNING - DRIFT ALERT: Distribution drift detected for lightgbm model on ADAEUR (Severity: critical)
2025-09-01 11:32:07 - ValidationManager - CRITICAL - DRIFT ALERT [CRITICAL]: Distribution drift detected for lightgbm model on ADAEUR
2025-09-01 11:32:07 - DriftMonitor - WARNING - DRIFT ALERT: Distribution drift detected for ppo model on ADAEUR (Severity: critical)
2025-09-01 11:32:07 - ValidationManager - CRITICAL - DRIFT ALERT [CRITICAL]: Distribution drift detected for ppo model on ADAEUR
2025-09-01 11:32:07 - DriftMonitor - WARNING - DRIFT ALERT: Statistical drift detected for gru model on DOTEUR (Severity: critical)
2025-09-01 11:32:07 - ValidationManager - CRITICAL - DRIFT ALERT [CRITICAL]: Statistical drift detected for gru model on DOTEUR
2025-09-01 11:32:07 - DriftMonitor - WARNING - DRIFT ALERT: Distribution drift detected for gru model on DOTEUR (Severity: critical)
2025-09-01 11:32:07 - ValidationManager - CRITICAL - DRIFT ALERT [CRITICAL]: Distribution drift detected for gru model on DOTEUR
2025-09-01 11:32:07 - DriftMonitor - WARNING - DRIFT ALERT: Statistical drift detected for lightgbm model on DOTEUR (Severity: critical)
2025-09-01 11:32:07 - ValidationManager - CRITICAL - DRIFT ALERT [CRITICAL]: Statistical drift detected for lightgbm model on DOTEUR
2025-09-01 11:32:07 - DriftMonitor - WARNING - DRIFT ALERT: Distribution drift detected for lightgbm model on DOTEUR (Severity: critical)
2025-09-01 11:32:07 - ValidationManager - CRITICAL - DRIFT ALERT [CRITICAL]: Distribution drift detected for lightgbm model on DOTEUR
2025-09-01 11:32:07 - DriftMonitor - WARNING - DRIFT ALERT: Distribution drift detected for ppo model on DOTEUR (Severity: critical)
2025-09-01 11:32:07 - ValidationManager - CRITICAL - DRIFT ALERT [CRITICAL]: Distribution drift detected for ppo model on DOTEUR
2025-09-01 11:32:07 - DriftMonitor - WARNING - DRIFT ALERT: Statistical drift detected for gru model on LINKEUR (Severity: critical)
2025-09-01 11:32:07 - ValidationManager - CRITICAL - DRIFT ALERT [CRITICAL]: Statistical drift detected for gru model on LINKEUR
2025-09-01 11:32:07 - DriftMonitor - WARNING - DRIFT ALERT: Distribution drift detected for gru model on LINKEUR (Severity: critical)
2025-09-01 11:32:07 - ValidationManager - CRITICAL - DRIFT ALERT [CRITICAL]: Distribution drift detected for gru model on LINKEUR
2025-09-01 11:32:07 - DriftMonitor - WARNING - DRIFT ALERT: Statistical drift detected for lightgbm model on LINKEUR (Severity: critical)
2025-09-01 11:32:07 - ValidationManager - CRITICAL - DRIFT ALERT [CRITICAL]: Statistical drift detected for lightgbm model on LINKEUR
2025-09-01 11:32:07 - DriftMonitor - WARNING - DRIFT ALERT: Distribution drift detected for lightgbm model on LINKEUR (Severity: critical)
2025-09-01 11:32:07 - ValidationManager - CRITICAL - DRIFT ALERT [CRITICAL]: Distribution drift detected for lightgbm model on LINKEUR
2025-09-01 11:32:07 - DriftMonitor - WARNING - DRIFT ALERT: Distribution drift detected for ppo model on LINKEUR (Severity: critical)
2025-09-01 11:32:07 - ValidationManager - CRITICAL - DRIFT ALERT [CRITICAL]: Distribution drift detected for ppo model on LINKEUR
2025-09-01 11:33:07 - DriftMonitor - WARNING - DRIFT ALERT: Statistical drift detected for gru model on BTCEUR (Severity: critical)
2025-09-01 11:33:07 - ValidationManager - CRITICAL - DRIFT ALERT [CRITICAL]: Statistical drift detected for gru model on BTCEUR
2025-09-01 11:33:07 - DriftMonitor - WARNING - DRIFT ALERT: Distribution drift detected for gru model on BTCEUR (Severity: critical)
2025-09-01 11:33:07 - ValidationManager - CRITICAL - DRIFT ALERT [CRITICAL]: Distribution drift detected for gru model on BTCEUR
2025-09-01 11:33:07 - DriftMonitor - WARNING - DRIFT ALERT: Statistical drift detected for lightgbm model on BTCEUR (Severity: critical)
2025-09-01 11:33:07 - ValidationManager - CRITICAL - DRIFT ALERT [CRITICAL]: Statistical drift detected for lightgbm model on BTCEUR
2025-09-01 11:33:07 - DriftMonitor - WARNING - DRIFT ALERT: Distribution drift detected for lightgbm model on BTCEUR (Severity: critical)
2025-09-01 11:33:07 - ValidationManager - CRITICAL - DRIFT ALERT [CRITICAL]: Distribution drift detected for lightgbm model on BTCEUR
2025-09-01 11:33:07 - DriftMonitor - WARNING - DRIFT ALERT: Statistical drift detected for ppo model on BTCEUR (Severity: critical)
2025-09-01 11:33:07 - ValidationManager - CRITICAL - DRIFT ALERT [CRITICAL]: Statistical drift detected for ppo model on BTCEUR
2025-09-01 11:33:07 - DriftMonitor - WARNING - DRIFT ALERT: Distribution drift detected for ppo model on BTCEUR (Severity: critical)
2025-09-01 11:33:07 - ValidationManager - CRITICAL - DRIFT ALERT [CRITICAL]: Distribution drift detected for ppo model on BTCEUR
2025-09-01 11:33:07 - DriftMonitor - WARNING - DRIFT ALERT: Statistical drift detected for gru model on ETHEUR (Severity: critical)
2025-09-01 11:33:07 - ValidationManager - CRITICAL - DRIFT ALERT [CRITICAL]: Statistical drift detected for gru model on ETHEUR
2025-09-01 11:33:07 - DriftMonitor - WARNING - DRIFT ALERT: Distribution drift detected for gru model on ETHEUR (Severity: critical)
2025-09-01 11:33:07 - ValidationManager - CRITICAL - DRIFT ALERT [CRITICAL]: Distribution drift detected for gru model on ETHEUR
2025-09-01 11:33:07 - DriftMonitor - WARNING - DRIFT ALERT: Statistical drift detected for lightgbm model on ETHEUR (Severity: critical)
2025-09-01 11:33:07 - ValidationManager - CRITICAL - DRIFT ALERT [CRITICAL]: Statistical drift detected for lightgbm model on ETHEUR
2025-09-01 11:33:07 - DriftMonitor - WARNING - DRIFT ALERT: Distribution drift detected for lightgbm model on ETHEUR (Severity: critical)
2025-09-01 11:33:07 - ValidationManager - CRITICAL - DRIFT ALERT [CRITICAL]: Distribution drift detected for lightgbm model on ETHEUR
2025-09-01 11:33:07 - DriftMonitor - WARNING - DRIFT ALERT: Statistical drift detected for ppo model on ETHEUR (Severity: high)
2025-09-01 11:33:07 - ValidationManager - ERROR - DRIFT ALERT [HIGH]: Statistical drift detected for ppo model on ETHEUR
2025-09-01 11:33:07 - DriftMonitor - WARNING - DRIFT ALERT: Distribution drift detected for ppo model on ETHEUR (Severity: critical)
2025-09-01 11:33:07 - ValidationManager - CRITICAL - DRIFT ALERT [CRITICAL]: Distribution drift detected for ppo model on ETHEUR
2025-09-01 11:33:07 - DriftMonitor - WARNING - DRIFT ALERT: Statistical drift detected for gru model on ADAEUR (Severity: critical)
2025-09-01 11:33:07 - ValidationManager - CRITICAL - DRIFT ALERT [CRITICAL]: Statistical drift detected for gru model on ADAEUR
2025-09-01 11:33:07 - DriftMonitor - WARNING - DRIFT ALERT: Distribution drift detected for gru model on ADAEUR (Severity: critical)
2025-09-01 11:33:07 - ValidationManager - CRITICAL - DRIFT ALERT [CRITICAL]: Distribution drift detected for gru model on ADAEUR
2025-09-01 11:33:07 - DriftMonitor - WARNING - DRIFT ALERT: Statistical drift detected for lightgbm model on ADAEUR (Severity: critical)
2025-09-01 11:33:07 - ValidationManager - CRITICAL - DRIFT ALERT [CRITICAL]: Statistical drift detected for lightgbm model on ADAEUR
2025-09-01 11:33:07 - DriftMonitor - WARNING - DRIFT ALERT: Distribution drift detected for lightgbm model on ADAEUR (Severity: critical)
2025-09-01 11:33:07 - ValidationManager - CRITICAL - DRIFT ALERT [CRITICAL]: Distribution drift detected for lightgbm model on ADAEUR
2025-09-01 11:33:07 - DriftMonitor - WARNING - DRIFT ALERT: Distribution drift detected for ppo model on ADAEUR (Severity: critical)
2025-09-01 11:33:07 - ValidationManager - CRITICAL - DRIFT ALERT [CRITICAL]: Distribution drift detected for ppo model on ADAEUR
2025-09-01 11:33:07 - DriftMonitor - WARNING - DRIFT ALERT: Statistical drift detected for gru model on DOTEUR (Severity: critical)
2025-09-01 11:33:07 - ValidationManager - CRITICAL - DRIFT ALERT [CRITICAL]: Statistical drift detected for gru model on DOTEUR
2025-09-01 11:33:07 - DriftMonitor - WARNING - DRIFT ALERT: Distribution drift detected for gru model on DOTEUR (Severity: critical)
2025-09-01 11:33:07 - ValidationManager - CRITICAL - DRIFT ALERT [CRITICAL]: Distribution drift detected for gru model on DOTEUR
2025-09-01 11:33:07 - DriftMonitor - WARNING - DRIFT ALERT: Statistical drift detected for lightgbm model on DOTEUR (Severity: critical)
2025-09-01 11:33:07 - ValidationManager - CRITICAL - DRIFT ALERT [CRITICAL]: Statistical drift detected for lightgbm model on DOTEUR
2025-09-01 11:33:07 - DriftMonitor - WARNING - DRIFT ALERT: Distribution drift detected for lightgbm model on DOTEUR (Severity: critical)
2025-09-01 11:33:07 - ValidationManager - CRITICAL - DRIFT ALERT [CRITICAL]: Distribution drift detected for lightgbm model on DOTEUR
2025-09-01 11:33:07 - DriftMonitor - WARNING - DRIFT ALERT: Distribution drift detected for ppo model on DOTEUR (Severity: critical)
2025-09-01 11:33:07 - ValidationManager - CRITICAL - DRIFT ALERT [CRITICAL]: Distribution drift detected for ppo model on DOTEUR
2025-09-01 11:33:07 - DriftMonitor - WARNING - DRIFT ALERT: Statistical drift detected for gru model on LINKEUR (Severity: critical)
2025-09-01 11:33:07 - ValidationManager - CRITICAL - DRIFT ALERT [CRITICAL]: Statistical drift detected for gru model on LINKEUR
2025-09-01 11:33:07 - DriftMonitor - WARNING - DRIFT ALERT: Distribution drift detected for gru model on LINKEUR (Severity: critical)
2025-09-01 11:33:07 - ValidationManager - CRITICAL - DRIFT ALERT [CRITICAL]: Distribution drift detected for gru model on LINKEUR
2025-09-01 11:33:07 - DriftMonitor - WARNING - DRIFT ALERT: Statistical drift detected for lightgbm model on LINKEUR (Severity: critical)
2025-09-01 11:33:07 - ValidationManager - CRITICAL - DRIFT ALERT [CRITICAL]: Statistical drift detected for lightgbm model on LINKEUR
2025-09-01 11:33:07 - DriftMonitor - WARNING - DRIFT ALERT: Distribution drift detected for lightgbm model on LINKEUR (Severity: critical)
2025-09-01 11:33:07 - ValidationManager - CRITICAL - DRIFT ALERT [CRITICAL]: Distribution drift detected for lightgbm model on LINKEUR
2025-09-01 11:33:07 - DriftMonitor - WARNING - DRIFT ALERT: Distribution drift detected for ppo model on LINKEUR (Severity: critical)
2025-09-01 11:33:07 - ValidationManager - CRITICAL - DRIFT ALERT [CRITICAL]: Distribution drift detected for ppo model on LINKEUR
