[Sun Aug 31 09:05:15 AM UTC 2025] Trading operations log initialized
[Sun Aug 31 09:05:15 AM UTC 2025] [INFO] Enhanced automated trading system deployment started
[Sun Aug 31 09:05:15 AM UTC 2025] [INFO] Checking comprehensive system requirements...
[Sun Aug 31 09:05:15 AM UTC 2025] [INFO] Python version: 3.10.12
[Sun Aug 31 09:05:15 AM UTC 2025] [INFO] System memory: 7.6Gi
[Sun Aug 31 09:05:15 AM UTC 2025] [INFO] Available disk space: 40G
[Sun Aug 31 09:05:15 AM UTC 2025] [SUCCESS] System requirements validated successfully
[Sun Aug 31 09:05:15 AM UTC 2025] [INFO] Validating comprehensive environment structure...
[Sun Aug 31 09:05:15 AM UTC 2025] [SUCCESS] Environment structure validated and created
[Sun Aug 31 09:05:15 AM UTC 2025] [INFO] Setting up comprehensive Python dependencies...
[Sun Aug 31 09:05:18 AM UTC 2025] [INFO] Installing requirements from requirements.txt...
[Sun Aug 31 09:05:28 AM UTC 2025] [SUCCESS] All requirements installed successfully
[Sun Aug 31 09:05:28 AM UTC 2025] [SUCCESS] Dependencies setup completed
[Sun Aug 31 09:05:28 AM UTC 2025] [INFO] Processing comprehensive trading configuration...
[Sun Aug 31 09:05:28 AM UTC 2025] [INFO] Extracting trading symbols from configuration...
[Sun Aug 31 09:05:28 AM UTC 2025] [INFO] Trading symbols extracted: BTCEUR,ETHEUR,ADAEUR,DOTEUR,LINKEUR
[Sun Aug 31 09:05:28 AM UTC 2025] [INFO] Validating configuration for symbol: BTCEUR
[Sun Aug 31 09:05:28 AM UTC 2025] [INFO] Symbol BTCEUR configuration is valid
[Sun Aug 31 09:05:28 AM UTC 2025] [INFO] Validating configuration for symbol: ETHEUR
[Sun Aug 31 09:05:28 AM UTC 2025] [INFO] Symbol ETHEUR configuration is valid
[Sun Aug 31 09:05:28 AM UTC 2025] [INFO] Validating configuration for symbol: ADAEUR
[Sun Aug 31 09:05:28 AM UTC 2025] [INFO] Symbol ADAEUR configuration is valid
[Sun Aug 31 09:05:28 AM UTC 2025] [INFO] Validating configuration for symbol: DOTEUR
[Sun Aug 31 09:05:28 AM UTC 2025] [INFO] Symbol DOTEUR configuration is valid
[Sun Aug 31 09:05:28 AM UTC 2025] [INFO] Validating configuration for symbol: LINKEUR
[Sun Aug 31 09:05:28 AM UTC 2025] [INFO] Symbol LINKEUR configuration is valid
[Sun Aug 31 09:05:28 AM UTC 2025] [SUCCESS] Configuration processing completed. Valid symbols: BTCEUR,ETHEUR,ADAEUR,DOTEUR,LINKEUR
[Sun Aug 31 09:05:28 AM UTC 2025] [INFO] Performing comprehensive model verification...
[Sun Aug 31 09:05:28 AM UTC 2025] [INFO] Verifying models for symbol: BTCEUR
[Sun Aug 31 09:05:28 AM UTC 2025] [INFO]   Found gru model for BTCEUR
[Sun Aug 31 09:05:28 AM UTC 2025] [INFO]   Found lightgbm model for BTCEUR
[Sun Aug 31 09:05:28 AM UTC 2025] [INFO]   Found ppo model for BTCEUR
[Sun Aug 31 09:05:28 AM UTC 2025] [SUCCESS] Symbol BTCEUR has 3 model(s) available
[Sun Aug 31 09:05:28 AM UTC 2025] [INFO] Verifying models for symbol: ETHEUR
[Sun Aug 31 09:05:28 AM UTC 2025] [INFO]   Found gru model for ETHEUR
[Sun Aug 31 09:05:28 AM UTC 2025] [INFO]   Found lightgbm model for ETHEUR
[Sun Aug 31 09:05:28 AM UTC 2025] [INFO]   Found ppo model for ETHEUR
[Sun Aug 31 09:05:28 AM UTC 2025] [SUCCESS] Symbol ETHEUR has 3 model(s) available
[Sun Aug 31 09:05:28 AM UTC 2025] [INFO] Verifying models for symbol: ADAEUR
[Sun Aug 31 09:05:28 AM UTC 2025] [INFO]   Found gru model for ADAEUR
[Sun Aug 31 09:05:28 AM UTC 2025] [INFO]   Found lightgbm model for ADAEUR
[Sun Aug 31 09:05:28 AM UTC 2025] [INFO]   Found ppo model for ADAEUR
[Sun Aug 31 09:05:28 AM UTC 2025] [SUCCESS] Symbol ADAEUR has 3 model(s) available
[Sun Aug 31 09:05:28 AM UTC 2025] [INFO] Verifying models for symbol: DOTEUR
[Sun Aug 31 09:05:28 AM UTC 2025] [INFO]   Found gru model for DOTEUR
[Sun Aug 31 09:05:28 AM UTC 2025] [INFO]   Found lightgbm model for DOTEUR
[Sun Aug 31 09:05:29 AM UTC 2025] [INFO]   Found ppo model for DOTEUR
[Sun Aug 31 09:05:29 AM UTC 2025] [SUCCESS] Symbol DOTEUR has 3 model(s) available
[Sun Aug 31 09:05:29 AM UTC 2025] [INFO] Verifying models for symbol: LINKEUR
[Sun Aug 31 09:05:29 AM UTC 2025] [INFO]   Found gru model for LINKEUR
[Sun Aug 31 09:05:29 AM UTC 2025] [INFO]   Found lightgbm model for LINKEUR
[Sun Aug 31 09:05:29 AM UTC 2025] [INFO]   Found ppo model for LINKEUR
[Sun Aug 31 09:05:29 AM UTC 2025] [SUCCESS] Symbol LINKEUR has 3 model(s) available
[Sun Aug 31 09:05:29 AM UTC 2025] [SUCCESS] Model verification completed. Verified symbols: BTCEUR,ETHEUR,ADAEUR,DOTEUR,LINKEUR
[Sun Aug 31 09:05:29 AM UTC 2025] [INFO] Initializing comprehensive trading system...
[Sun Aug 31 09:05:29 AM UTC 2025] [INFO] Validating Python trading environment...
[Sun Aug 31 09:05:32 AM UTC 2025] [INFO] Testing trading script functionality...
[Sun Aug 31 09:05:41 AM UTC 2025] [WARNING] Trading script test failed, but continuing...
[Sun Aug 31 09:05:41 AM UTC 2025] [SUCCESS] Trading system initialized successfully
[Sun Aug 31 09:05:41 AM UTC 2025] [INFO] Starting automated trading loop with 1800 second intervals...
[Sun Aug 31 09:05:41 AM UTC 2025] [INFO] === Starting Unified Continuous Trading ===
[Sun Aug 31 09:05:41 AM UTC 2025] [INFO] Starting unified continuous trading for all symbols: BTCEUR,ETHEUR,ADAEUR,DOTEUR,LINKEUR
2025-08-31 09:05:48 - crypto_trading_bot - INFO - Logging initialized - Level: INFO, File: logs/trading.log
2025-08-31 09:05:48 - enhanced_trader - INFO - Discovered models for symbols: ['ADAEUR', 'BTCEUR', 'DOTEUR', 'ETHEUR', 'LINKEUR']
2025-08-31 09:05:48 - enhanced_trader - INFO - Available model types: ['gru', 'lightgbm', 'ppo']
2025-08-31 09:05:48 - enhanced_trader - INFO - Trading symbols (filtered): ['BTCEUR', 'ETHEUR', 'ADAEUR', 'DOTEUR', 'LINKEUR']
2025-08-31 09:05:48 - enhanced_trader - INFO - Model types (filtered): ['gru', 'lightgbm', 'ppo']
2025-08-31 09:05:48 - src.data_pipeline.features - INFO - FeatureEngine initialized with feature selector
2025-08-31 09:05:49 - src.notifier.telegram - INFO - Telegram notifier initialized
2025-08-31 09:05:49 - enhanced_trader - INFO - Telegram notifier initialized: enabled=True
2025-08-31 09:05:49 - DriftMonitor - INFO - Drift monitoring started
2025-08-31 09:05:49 - ValidationManager - INFO - Drift monitoring started
2025-08-31 09:05:49 - enhanced_trader - INFO - Enhanced trader initialized with $10,000.00 (warm_start=False)
2025-08-31 09:05:49 - enhanced_trader - INFO - Enterprise monitoring enabled
2025-08-31 09:05:49 - enhanced_trader - INFO - Scheduled periodic health checks every 15 minutes
2025-08-31 09:05:49 - enhanced_trader - INFO - Starting Enhanced Unified Paper Trader...
2025-08-31 09:05:49 - enhanced_trader - INFO - Starting metadata hygiene processes...
2025-08-31 09:06:06 - src.validation.metadata_manager - INFO - Metadata regeneration summary: 61/61 updated (details at debug level)
2025-08-31 09:06:06 - enhanced_trader - INFO - Regenerated metadata for 0 models
2025-08-31 09:06:06 - enhanced_trader - INFO - All metadata passed hygiene validation
2025-08-31 09:06:06 - enhanced_trader - INFO - No outdated models found for cleanup
2025-08-31 09:06:06 - src.models.gru_trainer - INFO - Using device: cpu
2025-08-31 09:06:06 - src.models.gru_trainer - INFO - GRU Trainer initialized - Device: cpu, Mixed Precision: False
2025-08-31 09:06:08 - src.models.gru_trainer - INFO - Model built with 200,705 total parameters (200,705 trainable)
2025-08-31 09:06:08 - src.models.gru_trainer - INFO - GRU model loaded from models/gru/BTCEUR/gru/20250829_095213/model.pth with architecture: {'input_size': 113, 'hidden_size': 128, 'num_layers': 2, 'dropout': 0.2, 'output_size': 1}
2025-08-31 09:06:08 - src.models.gru_trainer - INFO - Restored 113 feature names
2025-08-31 09:06:08 - src.data_pipeline.feature_selector - INFO - Loaded preprocessor from models/gru/BTCEUR/preprocessor.pkl
2025-08-31 09:06:08 - enhanced_trader - INFO - Loaded enhanced gru preprocessor for BTCEUR from models/gru/BTCEUR/preprocessor.pkl
2025-08-31 09:06:08 - src.models.lgbm_trainer - INFO - LightGBM Trainer initialized for regression task
2025-08-31 09:06:08 - src.models.lgbm_trainer - INFO - LightGBM model loaded from models/lightgbm/BTCEUR/lightgbm/20250829_095836/model.pkl
2025-08-31 09:06:08 - src.models.lgbm_trainer - INFO - Restored 113 feature names
2025-08-31 09:06:08 - src.data_pipeline.feature_selector - INFO - Loaded preprocessor from models/lightgbm/BTCEUR/preprocessor.pkl
2025-08-31 09:06:08 - enhanced_trader - INFO - Loaded enhanced lightgbm preprocessor for BTCEUR from models/lightgbm/BTCEUR/preprocessor.pkl
2025-08-31 09:06:08 - src.models.ppo_trainer - INFO - PPO Trainer initialized with device: cpu, seed: 42
2025-08-31 09:06:09 - src.models.ppo_trainer - INFO - PPO metadata loaded from models/ppo/BTCEUR/ppo/20250829_101149/model_metadata.json
2025-08-31 09:06:09 - src.models.ppo_trainer - INFO - Restored 0 feature names
2025-08-31 09:06:09 - src.models.ppo_trainer - INFO - VecNormalize stats found at models/ppo/BTCEUR/ppo/20250829_101149/model_vecnormalize.pkl
2025-08-31 09:06:09 - src.models.ppo_trainer - INFO - PPO model loaded from models/ppo/BTCEUR/ppo/20250829_101149/model.zip
2025-08-31 09:06:09 - enhanced_trader - INFO - Creating fresh enhanced ppo preprocessor for BTCEUR
2025-08-31 09:06:09 - enhanced_trader - INFO - Using default feature generation for BTCEUR
2025-08-31 09:06:09 - src.models.gru_trainer - INFO - Using device: cpu
2025-08-31 09:06:09 - src.models.gru_trainer - INFO - GRU Trainer initialized - Device: cpu, Mixed Precision: False
2025-08-31 09:06:09 - src.models.gru_trainer - INFO - Model built with 200,705 total parameters (200,705 trainable)
2025-08-31 09:06:09 - src.models.gru_trainer - INFO - GRU model loaded from models/gru/ETHEUR/gru/20250829_103644/model.pth with architecture: {'input_size': 113, 'hidden_size': 128, 'num_layers': 2, 'dropout': 0.2, 'output_size': 1}
2025-08-31 09:06:09 - src.models.gru_trainer - INFO - Restored 113 feature names
2025-08-31 09:06:09 - src.data_pipeline.feature_selector - INFO - Loaded preprocessor from models/gru/ETHEUR/preprocessor.pkl
2025-08-31 09:06:09 - enhanced_trader - INFO - Loaded enhanced gru preprocessor for ETHEUR from models/gru/ETHEUR/preprocessor.pkl
2025-08-31 09:06:09 - src.models.lgbm_trainer - INFO - LightGBM Trainer initialized for regression task
2025-08-31 09:06:09 - src.models.lgbm_trainer - INFO - LightGBM model loaded from models/lightgbm/ETHEUR/lightgbm/20250829_104311/model.pkl
2025-08-31 09:06:09 - src.models.lgbm_trainer - INFO - Restored 113 feature names
2025-08-31 09:06:09 - src.data_pipeline.feature_selector - INFO - Loaded preprocessor from models/lightgbm/ETHEUR/preprocessor.pkl
2025-08-31 09:06:09 - enhanced_trader - INFO - Loaded enhanced lightgbm preprocessor for ETHEUR from models/lightgbm/ETHEUR/preprocessor.pkl
2025-08-31 09:06:09 - src.models.ppo_trainer - INFO - PPO Trainer initialized with device: cpu, seed: 42
2025-08-31 09:06:11 - src.models.ppo_trainer - INFO - PPO metadata loaded from models/ppo/ETHEUR/ppo/20250829_105727/model_metadata.json
2025-08-31 09:06:11 - src.models.ppo_trainer - INFO - Restored 0 feature names
2025-08-31 09:06:11 - src.models.ppo_trainer - INFO - VecNormalize stats found at models/ppo/ETHEUR/ppo/20250829_105727/model_vecnormalize.pkl
2025-08-31 09:06:11 - src.models.ppo_trainer - INFO - PPO model loaded from models/ppo/ETHEUR/ppo/20250829_105727/model.zip
2025-08-31 09:06:11 - enhanced_trader - INFO - Creating fresh enhanced ppo preprocessor for ETHEUR
2025-08-31 09:06:11 - enhanced_trader - INFO - Using default feature generation for ETHEUR
2025-08-31 09:06:11 - src.models.gru_trainer - INFO - Using device: cpu
2025-08-31 09:06:11 - src.models.gru_trainer - INFO - GRU Trainer initialized - Device: cpu, Mixed Precision: False
2025-08-31 09:06:11 - src.models.gru_trainer - INFO - Model built with 200,705 total parameters (200,705 trainable)
2025-08-31 09:06:11 - src.models.gru_trainer - INFO - GRU model loaded from models/gru/ADAEUR/gru/20250829_112342/model.pth with architecture: {'input_size': 113, 'hidden_size': 128, 'num_layers': 2, 'dropout': 0.2, 'output_size': 1}
2025-08-31 09:06:11 - src.models.gru_trainer - INFO - Restored 113 feature names
2025-08-31 09:06:11 - src.data_pipeline.feature_selector - INFO - Loaded preprocessor from models/gru/ADAEUR/preprocessor.pkl
2025-08-31 09:06:11 - enhanced_trader - INFO - Loaded enhanced gru preprocessor for ADAEUR from models/gru/ADAEUR/preprocessor.pkl
2025-08-31 09:06:11 - src.models.lgbm_trainer - INFO - LightGBM Trainer initialized for regression task
2025-08-31 09:06:11 - src.models.lgbm_trainer - INFO - LightGBM model loaded from models/lightgbm/ADAEUR/lightgbm/20250829_112934/model.pkl
2025-08-31 09:06:11 - src.models.lgbm_trainer - INFO - Restored 113 feature names
2025-08-31 09:06:11 - src.data_pipeline.feature_selector - INFO - Loaded preprocessor from models/lightgbm/ADAEUR/preprocessor.pkl
2025-08-31 09:06:11 - enhanced_trader - INFO - Loaded enhanced lightgbm preprocessor for ADAEUR from models/lightgbm/ADAEUR/preprocessor.pkl
2025-08-31 09:06:11 - src.models.ppo_trainer - INFO - PPO Trainer initialized with device: cpu, seed: 42
2025-08-31 09:06:13 - src.models.ppo_trainer - INFO - PPO metadata loaded from models/ppo/ADAEUR/ppo/20250829_114350/model_metadata.json
2025-08-31 09:06:13 - src.models.ppo_trainer - INFO - Restored 0 feature names
2025-08-31 09:06:13 - src.models.ppo_trainer - INFO - VecNormalize stats found at models/ppo/ADAEUR/ppo/20250829_114350/model_vecnormalize.pkl
2025-08-31 09:06:13 - src.models.ppo_trainer - INFO - PPO model loaded from models/ppo/ADAEUR/ppo/20250829_114350/model.zip
2025-08-31 09:06:13 - enhanced_trader - INFO - Creating fresh enhanced ppo preprocessor for ADAEUR
2025-08-31 09:06:13 - enhanced_trader - INFO - Using default feature generation for ADAEUR
2025-08-31 09:06:13 - src.models.gru_trainer - INFO - Using device: cpu
2025-08-31 09:06:13 - src.models.gru_trainer - INFO - GRU Trainer initialized - Device: cpu, Mixed Precision: False
2025-08-31 09:06:13 - src.models.gru_trainer - INFO - Model built with 200,705 total parameters (200,705 trainable)
2025-08-31 09:06:13 - src.models.gru_trainer - INFO - GRU model loaded from models/gru/DOTEUR/gru/20250829_120956/model.pth with architecture: {'input_size': 113, 'hidden_size': 128, 'num_layers': 2, 'dropout': 0.2, 'output_size': 1}
2025-08-31 09:06:13 - src.models.gru_trainer - INFO - Restored 113 feature names
2025-08-31 09:06:13 - src.data_pipeline.feature_selector - INFO - Loaded preprocessor from models/gru/DOTEUR/preprocessor.pkl
2025-08-31 09:06:13 - enhanced_trader - INFO - Loaded enhanced gru preprocessor for DOTEUR from models/gru/DOTEUR/preprocessor.pkl
2025-08-31 09:06:13 - src.models.lgbm_trainer - INFO - LightGBM Trainer initialized for regression task
2025-08-31 09:06:13 - src.models.lgbm_trainer - INFO - LightGBM model loaded from models/lightgbm/DOTEUR/lightgbm/20250829_121605/model.pkl
2025-08-31 09:06:13 - src.models.lgbm_trainer - INFO - Restored 113 feature names
2025-08-31 09:06:13 - src.data_pipeline.feature_selector - INFO - Loaded preprocessor from models/lightgbm/DOTEUR/preprocessor.pkl
2025-08-31 09:06:13 - enhanced_trader - INFO - Loaded enhanced lightgbm preprocessor for DOTEUR from models/lightgbm/DOTEUR/preprocessor.pkl
2025-08-31 09:06:13 - src.models.ppo_trainer - INFO - PPO Trainer initialized with device: cpu, seed: 42
2025-08-31 09:06:14 - src.models.ppo_trainer - INFO - PPO metadata loaded from models/ppo/DOTEUR/ppo/20250829_123019/model_metadata.json
2025-08-31 09:06:14 - src.models.ppo_trainer - INFO - Restored 0 feature names
2025-08-31 09:06:14 - src.models.ppo_trainer - INFO - VecNormalize stats found at models/ppo/DOTEUR/ppo/20250829_123019/model_vecnormalize.pkl
2025-08-31 09:06:14 - src.models.ppo_trainer - INFO - PPO model loaded from models/ppo/DOTEUR/ppo/20250829_123019/model.zip
2025-08-31 09:06:14 - enhanced_trader - INFO - Creating fresh enhanced ppo preprocessor for DOTEUR
2025-08-31 09:06:14 - enhanced_trader - INFO - Using default feature generation for DOTEUR
2025-08-31 09:06:14 - src.models.gru_trainer - INFO - Using device: cpu
2025-08-31 09:06:14 - src.models.gru_trainer - INFO - GRU Trainer initialized - Device: cpu, Mixed Precision: False
2025-08-31 09:06:14 - src.models.gru_trainer - INFO - Model built with 200,705 total parameters (200,705 trainable)
2025-08-31 09:06:14 - src.models.gru_trainer - INFO - GRU model loaded from models/gru/LINKEUR/gru/20250829_125623/model.pth with architecture: {'input_size': 113, 'hidden_size': 128, 'num_layers': 2, 'dropout': 0.2, 'output_size': 1}
2025-08-31 09:06:14 - src.models.gru_trainer - INFO - Restored 113 feature names
2025-08-31 09:06:14 - src.data_pipeline.feature_selector - INFO - Loaded preprocessor from models/gru/LINKEUR/preprocessor.pkl
2025-08-31 09:06:14 - enhanced_trader - INFO - Loaded enhanced gru preprocessor for LINKEUR from models/gru/LINKEUR/preprocessor.pkl
2025-08-31 09:06:14 - src.models.lgbm_trainer - INFO - LightGBM Trainer initialized for regression task
2025-08-31 09:06:14 - src.models.lgbm_trainer - INFO - LightGBM model loaded from models/lightgbm/LINKEUR/lightgbm/20250829_130301/model.pkl
2025-08-31 09:06:14 - src.models.lgbm_trainer - INFO - Restored 113 feature names
2025-08-31 09:06:14 - src.data_pipeline.feature_selector - INFO - Loaded preprocessor from models/lightgbm/LINKEUR/preprocessor.pkl
2025-08-31 09:06:14 - enhanced_trader - INFO - Loaded enhanced lightgbm preprocessor for LINKEUR from models/lightgbm/LINKEUR/preprocessor.pkl
2025-08-31 09:06:14 - src.models.ppo_trainer - INFO - PPO Trainer initialized with device: cpu, seed: 42
2025-08-31 09:06:16 - src.models.ppo_trainer - INFO - PPO metadata loaded from models/ppo/LINKEUR/ppo/20250829_131732/model_metadata.json
2025-08-31 09:06:16 - src.models.ppo_trainer - INFO - Restored 0 feature names
2025-08-31 09:06:16 - src.models.ppo_trainer - INFO - VecNormalize stats found at models/ppo/LINKEUR/ppo/20250829_131732/model_vecnormalize.pkl
2025-08-31 09:06:16 - src.models.ppo_trainer - INFO - PPO model loaded from models/ppo/LINKEUR/ppo/20250829_131732/model.zip
2025-08-31 09:06:16 - enhanced_trader - INFO - Creating fresh enhanced ppo preprocessor for LINKEUR
2025-08-31 09:06:16 - enhanced_trader - INFO - Using default feature generation for LINKEUR
2025-08-31 09:06:16 - enhanced_trader - INFO - Loaded 15 model objects across 5 symbols
2025-08-31 09:06:16 - enhanced_trader - INFO - Model summary BTCEUR: all ['gru', 'lightgbm', 'ppo'] loaded
2025-08-31 09:06:16 - enhanced_trader - INFO - Model summary ETHEUR: all ['gru', 'lightgbm', 'ppo'] loaded
2025-08-31 09:06:16 - enhanced_trader - INFO - Model summary ADAEUR: all ['gru', 'lightgbm', 'ppo'] loaded
2025-08-31 09:06:16 - enhanced_trader - INFO - Model summary DOTEUR: all ['gru', 'lightgbm', 'ppo'] loaded
2025-08-31 09:06:16 - enhanced_trader - INFO - Model summary LINKEUR: all ['gru', 'lightgbm', 'ppo'] loaded
2025-08-31 09:06:16 - enhanced_trader - INFO - Loaded 5 models
2025-08-31 09:06:16 - enhanced_trader - INFO - Trading mode: Candle-aligned (trades after new 30m candles)
2025-08-31 09:06:16 - enhanced_trader - INFO - Candle buffer: 15 seconds after new candle publication
2025-08-31 09:06:16 - httpx - INFO - HTTP Request: POST https://api.telegram.org/bot7733436451:AAH6Sls8uL4fEgd6Ty7VEKSBIMauhaVkN4c/sendMessage "HTTP/1.1 200 OK"
2025-08-31 09:06:26 - enhanced_trader - INFO - Fetching 30m candles for BTCEUR: 387s since last boundary, next boundary in 1413s
2025-08-31 09:06:26 - enhanced_trader - INFO - Fetching 30m candles for LINKEUR: 387s since last boundary, next boundary in 1413s
2025-08-31 09:06:26 - enhanced_trader - INFO - Fetching 30m candles for DOTEUR: 387s since last boundary, next boundary in 1413s
2025-08-31 09:06:26 - enhanced_trader - INFO - Latest 30m candle for BTCEUR: 09:00 UTC (6.4 minutes ago)
2025-08-31 09:06:26 - enhanced_trader - INFO - Latest 30m candle for LINKEUR: 09:00 UTC (6.4 minutes ago)
2025-08-31 09:06:26 - enhanced_trader - INFO - Successfully fetched 300 records for BTCEUR
2025-08-31 09:06:27 - src.data_pipeline.features - INFO - Generating features for 300 records
2025-08-31 09:06:27 - enhanced_trader - INFO - Successfully fetched 300 records for LINKEUR
2025-08-31 09:06:27 - src.data_pipeline.features - INFO - Validating and cleaning source data...
2025-08-31 09:06:27 - enhanced_trader - INFO - Latest 30m candle for DOTEUR: 09:00 UTC (6.5 minutes ago)
2025-08-31 09:06:27 - src.data_pipeline.features - INFO - Generating features for 300 records
2025-08-31 09:06:27 - src.data_pipeline.features - INFO - Validating and cleaning source data...
2025-08-31 09:06:27 - enhanced_trader - INFO - Successfully fetched 300 records for DOTEUR
2025-08-31 09:06:27 - src.data_pipeline.features - WARNING - Using absolute bounds for open due to corrupted statistics
2025-08-31 09:06:27 - enhanced_trader - INFO - Fetching 30m candles for ADAEUR: 388s since last boundary, next boundary in 1412s
2025-08-31 09:06:27 - src.data_pipeline.features - INFO - Generating features for 300 records
2025-08-31 09:06:27 - src.data_pipeline.features - WARNING - Using absolute bounds for high due to corrupted statistics
2025-08-31 09:06:27 - src.data_pipeline.features - INFO - Validating and cleaning source data...
2025-08-31 09:06:27 - src.data_pipeline.features - WARNING - Using absolute bounds for open due to corrupted statistics
2025-08-31 09:06:27 - enhanced_trader - INFO - Fetching 30m candles for ETHEUR: 388s since last boundary, next boundary in 1412s
2025-08-31 09:06:27 - src.data_pipeline.features - INFO - Source data validation and cleaning completed
2025-08-31 09:06:27 - src.data_pipeline.features - WARNING - Using absolute bounds for high due to corrupted statistics
2025-08-31 09:06:27 - src.data_pipeline.features - WARNING - Using absolute bounds for low due to corrupted statistics
2025-08-31 09:06:27 - src.data_pipeline.features - INFO - Applied intermediate validation after price features: clipped 1 features
2025-08-31 09:06:27 - src.data_pipeline.features - WARNING - Using absolute bounds for close due to corrupted statistics
2025-08-31 09:06:27 - src.data_pipeline.features - WARNING - Using absolute bounds for low due to corrupted statistics
2025-08-31 09:06:27 - src.data_pipeline.features - WARNING - Large volume spike detected - max: 83405.15, median: 746.41
2025-08-31 09:06:27 - src.data_pipeline.features - INFO - Source data validation and cleaning completed
2025-08-31 09:06:27 - src.data_pipeline.features - WARNING - Using absolute bounds for close due to corrupted statistics
2025-08-31 09:06:28 - enhanced_trader - INFO - Latest 30m candle for ADAEUR: 09:00 UTC (6.5 minutes ago)
2025-08-31 09:06:28 - src.data_pipeline.features - INFO - Source data validation and cleaning completed
2025-08-31 09:06:28 - enhanced_trader - INFO - Latest 30m candle for ETHEUR: 09:00 UTC (6.5 minutes ago)
2025-08-31 09:06:28 - enhanced_trader - INFO - Successfully fetched 300 records for ADAEUR
2025-08-31 09:06:28 - enhanced_trader - INFO - Successfully fetched 300 records for ETHEUR
2025-08-31 09:06:28 - src.data_pipeline.features - INFO - Generating features for 300 records
2025-08-31 09:06:28 - src.data_pipeline.features - INFO - Validating and cleaning source data...
2025-08-31 09:06:28 - src.data_pipeline.features - INFO - Generating features for 300 records
2025-08-31 09:06:28 - src.data_pipeline.features - INFO - Applied intermediate validation after price features: clipped 1 features
2025-08-31 09:06:28 - src.data_pipeline.features - INFO - Validating and cleaning source data...
2025-08-31 09:06:28 - src.data_pipeline.features - WARNING - Using absolute bounds for open due to corrupted statistics
2025-08-31 09:06:28 - src.data_pipeline.features - WARNING - Using absolute bounds for high due to corrupted statistics
2025-08-31 09:06:28 - src.data_pipeline.features - INFO - Applied intermediate validation after price features: clipped 1 features
2025-08-31 09:06:28 - src.data_pipeline.features - WARNING - Using absolute bounds for low due to corrupted statistics
2025-08-31 09:06:28 - src.data_pipeline.features - INFO - Applied intermediate validation after technical indicators: clipped 1 features
2025-08-31 09:06:28 - src.data_pipeline.features - WARNING - Using absolute bounds for close due to corrupted statistics
2025-08-31 09:06:28 - src.data_pipeline.features - INFO - Source data validation and cleaning completed
2025-08-31 09:06:28 - src.data_pipeline.features - INFO - Source data validation and cleaning completed
2025-08-31 09:06:29 - src.data_pipeline.features - INFO - Applied intermediate validation after price features: clipped 1 features
2025-08-31 09:06:29 - src.data_pipeline.features - INFO - Applied intermediate validation after price features: clipped 4 features
2025-08-31 09:06:29 - src.data_pipeline.features - INFO - Applied intermediate validation after technical indicators: clipped 1 features
2025-08-31 09:06:29 - src.data_pipeline.features - INFO - Applied intermediate validation after technical indicators: clipped 1 features
2025-08-31 09:06:30 - src.data_pipeline.features - INFO - Applied intermediate validation after technical indicators: clipped 1 features
2025-08-31 09:06:30 - src.data_pipeline.features - INFO - Applied intermediate validation after technical indicators: clipped 1 features
2025-08-31 09:06:30 - src.data_pipeline.features - INFO - Applied intermediate validation after volume features: clipped 1 features
2025-08-31 09:06:31 - src.data_pipeline.features - INFO - Applying robust feature validation...
2025-08-31 09:06:31 - src.data_pipeline.features - INFO - Applied intermediate validation after volatility features: clipped 1 features
2025-08-31 09:06:31 - src.data_pipeline.features - INFO - Applying robust feature validation...
2025-08-31 09:06:31 - src.data_pipeline.features - INFO - Applying robust feature validation...
2025-08-31 09:06:31 - src.data_pipeline.features - INFO - Applying robust feature validation...
2025-08-31 09:06:32 - src.data_pipeline.features - INFO - Applied intermediate validation after advanced features: clipped 1 features
2025-08-31 09:06:32 - src.data_pipeline.features - INFO - Applying robust feature validation...
2025-08-31 09:06:32 - src.data_pipeline.features - INFO - Feature validation completed - max absolute value: 150000.000000
2025-08-31 09:06:32 - src.data_pipeline.features - INFO - Generated 113 new features
2025-08-31 09:06:32 - src.data_pipeline.features - INFO - Final data validation: NaN=0, Inf=0
2025-08-31 09:06:32 - enhanced_trader - INFO - Fetched 300 records for BTCEUR (parallel)
2025-08-31 09:06:32 - src.data_pipeline.features - INFO - Feature validation completed - max absolute value: 150000.000000
2025-08-31 09:06:32 - src.data_pipeline.features - INFO - Generated 113 new features
2025-08-31 09:06:32 - src.data_pipeline.features - INFO - Feature validation completed - max absolute value: 150000.000000
2025-08-31 09:06:32 - src.data_pipeline.features - INFO - Feature validation completed - max absolute value: 150000.000000
2025-08-31 09:06:32 - src.data_pipeline.features - INFO - Generated 113 new features
2025-08-31 09:06:32 - src.data_pipeline.features - INFO - Final data validation: NaN=0, Inf=0
2025-08-31 09:06:32 - src.data_pipeline.features - INFO - Generated 113 new features
2025-08-31 09:06:32 - enhanced_trader - INFO - Fetched 300 records for LINKEUR (parallel)
2025-08-31 09:06:32 - src.data_pipeline.features - INFO - Final data validation: NaN=0, Inf=0
2025-08-31 09:06:32 - src.data_pipeline.features - INFO - Final data validation: NaN=0, Inf=0
2025-08-31 09:06:32 - enhanced_trader - INFO - Fetched 300 records for DOTEUR (parallel)
2025-08-31 09:06:32 - enhanced_trader - INFO - Fetched 300 records for ETHEUR (parallel)
2025-08-31 09:06:32 - src.data_pipeline.features - INFO - Feature validation completed - max absolute value: 500000.000000
2025-08-31 09:06:32 - src.data_pipeline.features - INFO - Generated 113 new features
2025-08-31 09:06:32 - src.data_pipeline.features - INFO - Final data validation: NaN=0, Inf=0
2025-08-31 09:06:32 - enhanced_trader - INFO - Fetched 300 records for ADAEUR (parallel)
2025-08-31 09:06:32 - enhanced_trader - INFO - Generating signals for 5 symbols
2025-08-31 09:06:32 - enhanced_trader - INFO - Processing signal generation for BTCEUR...
2025-08-31 09:06:32 - enhanced_trader - INFO - Preparing features for BTCEUR...
2025-08-31 09:06:32 - enhanced_trader - INFO - Starting model predictions for BTCEUR...
2025-08-31 09:06:33 - enhanced_trader - INFO - Getting GRU prediction for BTCEUR...
2025-08-31 09:06:33 - src.data_pipeline.feature_selector - INFO - Aligning features for gru_BTCEUR
2025-08-31 09:06:33 - src.data_pipeline.feature_selector - INFO - Using dynamic default feature count 113 for gru
2025-08-31 09:06:33 - src.data_pipeline.feature_selector - INFO - Intelligent selection: 113 -> 113 features for gru_BTCEUR
2025-08-31 09:06:33 - src.data_pipeline.features - INFO - Feature selector aligned 113 features for gru_BTCEUR
2025-08-31 09:06:33 - validation_logger - INFO - Schema validation with low confidence: {"event_type": "schema_decision", "symbol": "BTCEUR", "model_type": "gru", "decision": "accept", "method": "comprehensive", "confidence": 0.0, "processing_time_ms": 28.06997299194336, "action": "accept"}
2025-08-31 09:06:33 - enhanced_trader - INFO - GRU prediction for BTCEUR: 8.010265446500853e-05
2025-08-31 09:06:33 - enhanced_trader - INFO - Getting LightGBM prediction for BTCEUR...
2025-08-31 09:06:33 - src.data_pipeline.feature_selector - INFO - Aligning features for lightgbm_BTCEUR
2025-08-31 09:06:33 - src.data_pipeline.feature_selector - INFO - Using dynamic default feature count 113 for lightgbm
2025-08-31 09:06:33 - src.data_pipeline.feature_selector - INFO - Intelligent selection: 113 -> 113 features for lightgbm_BTCEUR
2025-08-31 09:06:33 - src.data_pipeline.features - INFO - Feature selector aligned 113 features for lightgbm_BTCEUR
2025-08-31 09:06:33 - validation_logger - INFO - Schema validation with low confidence: {"event_type": "schema_decision", "symbol": "BTCEUR", "model_type": "lightgbm", "decision": "accept", "method": "comprehensive", "confidence": 0.0, "processing_time_ms": 33.89406204223633, "action": "accept"}
2025-08-31 09:06:33 - enhanced_trader - INFO - LightGBM prediction for BTCEUR: 0.0006767439337909213
2025-08-31 09:06:33 - enhanced_trader - INFO - Getting PPO prediction for BTCEUR...
2025-08-31 09:06:33 - validation_logger - INFO - Schema validation with low confidence: {"event_type": "schema_decision", "symbol": "BTCEUR", "model_type": "ppo", "decision": "accept", "method": "comprehensive", "confidence": 0.0, "processing_time_ms": 12.742280960083008, "action": "accept"}
2025-08-31 09:06:33 - enhanced_trader - INFO - PPO prediction for BTCEUR: 0.0005422894954681397
2025-08-31 09:06:33 - enhanced_trader - INFO - Combining predictions for BTCEUR: [('gru', 8.010265446500853e-05), ('lightgbm', 0.0006767439337909213), ('ppo', 0.0005422894954681397)]
2025-08-31 09:06:33 - enhanced_trader - INFO - Completed signal generation for BTCEUR: 0
2025-08-31 09:06:33 - enhanced_trader - INFO - Processing signal generation for ETHEUR...
2025-08-31 09:06:33 - enhanced_trader - INFO - Preparing features for ETHEUR...
2025-08-31 09:06:33 - enhanced_trader - INFO - Starting model predictions for ETHEUR...
2025-08-31 09:06:33 - enhanced_trader - INFO - Getting GRU prediction for ETHEUR...
2025-08-31 09:06:33 - src.data_pipeline.feature_selector - INFO - Aligning features for gru_ETHEUR
2025-08-31 09:06:33 - src.data_pipeline.feature_selector - INFO - Using dynamic default feature count 113 for gru
2025-08-31 09:06:33 - src.data_pipeline.feature_selector - INFO - Intelligent selection: 113 -> 113 features for gru_ETHEUR
2025-08-31 09:06:33 - src.data_pipeline.features - INFO - Feature selector aligned 113 features for gru_ETHEUR
2025-08-31 09:06:33 - validation_logger - INFO - Schema validation with low confidence: {"event_type": "schema_decision", "symbol": "ETHEUR", "model_type": "gru", "decision": "accept", "method": "comprehensive", "confidence": 0.0, "processing_time_ms": 40.666818618774414, "action": "accept"}
2025-08-31 09:06:33 - enhanced_trader - INFO - GRU prediction for ETHEUR: 6.480143201770261e-05
2025-08-31 09:06:33 - enhanced_trader - INFO - Getting LightGBM prediction for ETHEUR...
2025-08-31 09:06:33 - src.data_pipeline.feature_selector - INFO - Aligning features for lightgbm_ETHEUR
2025-08-31 09:06:33 - src.data_pipeline.feature_selector - INFO - Using dynamic default feature count 113 for lightgbm
2025-08-31 09:06:33 - src.data_pipeline.feature_selector - INFO - Intelligent selection: 113 -> 113 features for lightgbm_ETHEUR
2025-08-31 09:06:33 - src.data_pipeline.features - INFO - Feature selector aligned 113 features for lightgbm_ETHEUR
2025-08-31 09:06:33 - validation_logger - INFO - Schema validation with low confidence: {"event_type": "schema_decision", "symbol": "ETHEUR", "model_type": "lightgbm", "decision": "accept", "method": "comprehensive", "confidence": 0.0, "processing_time_ms": 31.96406364440918, "action": "accept"}
2025-08-31 09:06:33 - enhanced_trader - INFO - LightGBM prediction for ETHEUR: -7.85299140186921e-05
2025-08-31 09:06:33 - enhanced_trader - INFO - Getting PPO prediction for ETHEUR...
2025-08-31 09:06:33 - validation_logger - INFO - Schema validation with low confidence: {"event_type": "schema_decision", "symbol": "ETHEUR", "model_type": "ppo", "decision": "accept", "method": "comprehensive", "confidence": 0.0, "processing_time_ms": 8.228302001953125, "action": "accept"}
2025-08-31 09:06:33 - enhanced_trader - INFO - PPO prediction for ETHEUR: -0.000816624641418457
2025-08-31 09:06:33 - enhanced_trader - INFO - Combining predictions for ETHEUR: [('gru', 6.480143201770261e-05), ('lightgbm', -7.85299140186921e-05), ('ppo', -0.000816624641418457)]
2025-08-31 09:06:33 - enhanced_trader - INFO - Completed signal generation for ETHEUR: 0
2025-08-31 09:06:33 - enhanced_trader - INFO - Processing signal generation for ADAEUR...
2025-08-31 09:06:33 - enhanced_trader - INFO - Preparing features for ADAEUR...
2025-08-31 09:06:33 - enhanced_trader - INFO - Starting model predictions for ADAEUR...
2025-08-31 09:06:33 - enhanced_trader - INFO - Getting GRU prediction for ADAEUR...
2025-08-31 09:06:33 - src.data_pipeline.feature_selector - INFO - Aligning features for gru_ADAEUR
2025-08-31 09:06:33 - src.data_pipeline.feature_selector - INFO - Using dynamic default feature count 113 for gru
2025-08-31 09:06:33 - src.data_pipeline.feature_selector - INFO - Intelligent selection: 113 -> 113 features for gru_ADAEUR
2025-08-31 09:06:33 - src.data_pipeline.features - INFO - Feature selector aligned 113 features for gru_ADAEUR
2025-08-31 09:06:33 - validation_logger - INFO - Schema validation with low confidence: {"event_type": "schema_decision", "symbol": "ADAEUR", "model_type": "gru", "decision": "accept", "method": "comprehensive", "confidence": 0.0, "processing_time_ms": 30.324459075927734, "action": "accept"}
2025-08-31 09:06:33 - enhanced_trader - INFO - GRU prediction for ADAEUR: 0.00011683772027026862
2025-08-31 09:06:33 - enhanced_trader - INFO - Getting LightGBM prediction for ADAEUR...
2025-08-31 09:06:33 - src.data_pipeline.feature_selector - INFO - Aligning features for lightgbm_ADAEUR
2025-08-31 09:06:33 - src.data_pipeline.feature_selector - INFO - Using dynamic default feature count 113 for lightgbm
2025-08-31 09:06:33 - src.data_pipeline.feature_selector - INFO - Intelligent selection: 113 -> 113 features for lightgbm_ADAEUR
2025-08-31 09:06:33 - src.data_pipeline.features - INFO - Feature selector aligned 113 features for lightgbm_ADAEUR
2025-08-31 09:06:33 - validation_logger - INFO - Schema validation with low confidence: {"event_type": "schema_decision", "symbol": "ADAEUR", "model_type": "lightgbm", "decision": "accept", "method": "comprehensive", "confidence": 0.0, "processing_time_ms": 36.409854888916016, "action": "accept"}
2025-08-31 09:06:33 - enhanced_trader - INFO - LightGBM prediction for ADAEUR: 0.00011396485232378576
2025-08-31 09:06:33 - enhanced_trader - INFO - Getting PPO prediction for ADAEUR...
2025-08-31 09:06:33 - validation_logger - INFO - Schema validation with low confidence: {"event_type": "schema_decision", "symbol": "ADAEUR", "model_type": "ppo", "decision": "accept", "method": "comprehensive", "confidence": 0.0, "processing_time_ms": 9.702682495117188, "action": "accept"}
2025-08-31 09:06:33 - enhanced_trader - INFO - PPO prediction for ADAEUR: -0.00012814238667488098
2025-08-31 09:06:33 - enhanced_trader - INFO - Combining predictions for ADAEUR: [('gru', 0.00011683772027026862), ('lightgbm', 0.00011396485232378576), ('ppo', -0.00012814238667488098)]
2025-08-31 09:06:33 - enhanced_trader - INFO - Completed signal generation for ADAEUR: 0
2025-08-31 09:06:33 - enhanced_trader - INFO - Processing signal generation for DOTEUR...
2025-08-31 09:06:33 - enhanced_trader - INFO - Preparing features for DOTEUR...
2025-08-31 09:06:33 - enhanced_trader - INFO - Starting model predictions for DOTEUR...
2025-08-31 09:06:33 - enhanced_trader - INFO - Getting GRU prediction for DOTEUR...
2025-08-31 09:06:33 - src.data_pipeline.feature_selector - INFO - Aligning features for gru_DOTEUR
2025-08-31 09:06:33 - src.data_pipeline.feature_selector - INFO - Using dynamic default feature count 113 for gru
2025-08-31 09:06:33 - src.data_pipeline.feature_selector - INFO - Intelligent selection: 113 -> 113 features for gru_DOTEUR
2025-08-31 09:06:33 - src.data_pipeline.features - INFO - Feature selector aligned 113 features for gru_DOTEUR
2025-08-31 09:06:33 - validation_logger - INFO - Schema validation with low confidence: {"event_type": "schema_decision", "symbol": "DOTEUR", "model_type": "gru", "decision": "accept", "method": "comprehensive", "confidence": 0.0, "processing_time_ms": 38.14888000488281, "action": "accept"}
2025-08-31 09:06:33 - enhanced_trader - INFO - GRU prediction for DOTEUR: 7.679382542846724e-05
2025-08-31 09:06:33 - enhanced_trader - INFO - Getting LightGBM prediction for DOTEUR...
2025-08-31 09:06:33 - src.data_pipeline.feature_selector - INFO - Aligning features for lightgbm_DOTEUR
2025-08-31 09:06:33 - src.data_pipeline.feature_selector - INFO - Using dynamic default feature count 113 for lightgbm
2025-08-31 09:06:33 - src.data_pipeline.feature_selector - INFO - Intelligent selection: 113 -> 113 features for lightgbm_DOTEUR
2025-08-31 09:06:33 - src.data_pipeline.features - INFO - Feature selector aligned 113 features for lightgbm_DOTEUR
2025-08-31 09:06:33 - validation_logger - INFO - Schema validation with low confidence: {"event_type": "schema_decision", "symbol": "DOTEUR", "model_type": "lightgbm", "decision": "accept", "method": "comprehensive", "confidence": 0.0, "processing_time_ms": 40.58575630187988, "action": "accept"}
2025-08-31 09:06:33 - enhanced_trader - INFO - LightGBM prediction for DOTEUR: 0.0031007750699027408
2025-08-31 09:06:33 - enhanced_trader - INFO - Getting PPO prediction for DOTEUR...
2025-08-31 09:06:33 - validation_logger - INFO - Schema validation with low confidence: {"event_type": "schema_decision", "symbol": "DOTEUR", "model_type": "ppo", "decision": "accept", "method": "comprehensive", "confidence": 0.0, "processing_time_ms": 14.603853225708008, "action": "accept"}
2025-08-31 09:06:33 - enhanced_trader - INFO - PPO prediction for DOTEUR: 0.0008211681842803956
2025-08-31 09:06:33 - enhanced_trader - INFO - Combining predictions for DOTEUR: [('gru', 7.679382542846724e-05), ('lightgbm', 0.0031007750699027408), ('ppo', 0.0008211681842803956)]
2025-08-31 09:06:33 - enhanced_trader - INFO - Completed signal generation for DOTEUR: 1
2025-08-31 09:06:33 - enhanced_trader - INFO - Processing signal generation for LINKEUR...
2025-08-31 09:06:33 - enhanced_trader - INFO - Preparing features for LINKEUR...
2025-08-31 09:06:33 - enhanced_trader - INFO - Starting model predictions for LINKEUR...
2025-08-31 09:06:33 - enhanced_trader - INFO - Getting GRU prediction for LINKEUR...
2025-08-31 09:06:33 - src.data_pipeline.feature_selector - INFO - Aligning features for gru_LINKEUR
2025-08-31 09:06:33 - src.data_pipeline.feature_selector - INFO - Using dynamic default feature count 113 for gru
2025-08-31 09:06:33 - src.data_pipeline.feature_selector - INFO - Intelligent selection: 113 -> 113 features for gru_LINKEUR
2025-08-31 09:06:33 - src.data_pipeline.features - INFO - Feature selector aligned 113 features for gru_LINKEUR
2025-08-31 09:06:33 - validation_logger - INFO - Schema validation with low confidence: {"event_type": "schema_decision", "symbol": "LINKEUR", "model_type": "gru", "decision": "accept", "method": "comprehensive", "confidence": 0.0, "processing_time_ms": 36.79966926574707, "action": "accept"}
2025-08-31 09:06:33 - enhanced_trader - INFO - GRU prediction for LINKEUR: 8.562141010770574e-05
2025-08-31 09:06:33 - enhanced_trader - INFO - Getting LightGBM prediction for LINKEUR...
2025-08-31 09:06:33 - src.data_pipeline.feature_selector - INFO - Aligning features for lightgbm_LINKEUR
2025-08-31 09:06:33 - src.data_pipeline.feature_selector - INFO - Using dynamic default feature count 113 for lightgbm
2025-08-31 09:06:33 - src.data_pipeline.feature_selector - INFO - Intelligent selection: 113 -> 113 features for lightgbm_LINKEUR
2025-08-31 09:06:33 - src.data_pipeline.features - INFO - Feature selector aligned 113 features for lightgbm_LINKEUR
2025-08-31 09:06:33 - validation_logger - INFO - Schema validation with low confidence: {"event_type": "schema_decision", "symbol": "LINKEUR", "model_type": "lightgbm", "decision": "accept", "method": "comprehensive", "confidence": 0.0, "processing_time_ms": 39.66403007507324, "action": "accept"}
2025-08-31 09:06:33 - enhanced_trader - INFO - LightGBM prediction for LINKEUR: 0.0001622937974817684
2025-08-31 09:06:33 - enhanced_trader - INFO - Getting PPO prediction for LINKEUR...
2025-08-31 09:06:33 - validation_logger - INFO - Schema validation with low confidence: {"event_type": "schema_decision", "symbol": "LINKEUR", "model_type": "ppo", "decision": "accept", "method": "comprehensive", "confidence": 0.0, "processing_time_ms": 11.325359344482422, "action": "accept"}
2025-08-31 09:06:33 - enhanced_trader - INFO - PPO prediction for LINKEUR: 0.0002621454894542694
2025-08-31 09:06:33 - enhanced_trader - INFO - Combining predictions for LINKEUR: [('gru', 8.562141010770574e-05), ('lightgbm', 0.0001622937974817684), ('ppo', 0.0002621454894542694)]
2025-08-31 09:06:33 - enhanced_trader - INFO - Completed signal generation for LINKEUR: 0
2025-08-31 09:06:33 - enhanced_trader - INFO - Signal generation completed for all symbols: {'BTCEUR': 0, 'ETHEUR': 0, 'ADAEUR': 0, 'DOTEUR': 1, 'LINKEUR': 0}
2025-08-31 09:06:33 - enhanced_trader - INFO - BUY DOTEUR: amt=304.971028 @ 3.2790 cost=1001.50 bal=8998.50
2025-08-31 09:06:33 - enhanced_trader - INFO - Next 30m candle trade: 1422s (at 09:30:15) includes 15s buffer for fresh data
2025-08-31 09:06:33 - enhanced_trader - INFO - Waiting 1422 seconds until next 30m candle
2025-08-31 09:06:33 - httpx - INFO - HTTP Request: POST https://api.telegram.org/bot7733436451:AAH6Sls8uL4fEgd6Ty7VEKSBIMauhaVkN4c/sendMessage "HTTP/1.1 200 OK"
2025-08-31 09:06:34 - httpx - INFO - HTTP Request: POST https://api.telegram.org/bot7733436451:AAH6Sls8uL4fEgd6Ty7VEKSBIMauhaVkN4c/sendMessage "HTTP/1.1 200 OK"
2025-08-31 09:30:23 - enhanced_trader - INFO - Fetching 30m candles for BTCEUR: 24s since last boundary, next boundary in 1776s
2025-08-31 09:30:24 - enhanced_trader - INFO - Latest 30m candle for BTCEUR: 09:30 UTC (0.4 minutes ago)
2025-08-31 09:30:24 - enhanced_trader - INFO - Fetching 30m candles for ETHEUR: 25s since last boundary, next boundary in 1775s
2025-08-31 09:30:24 - enhanced_trader - INFO - Successfully fetched 300 records for BTCEUR
2025-08-31 09:30:25 - src.data_pipeline.features - INFO - Generating features for 300 records
2025-08-31 09:30:25 - src.data_pipeline.features - INFO - Validating and cleaning source data...
2025-08-31 09:30:26 - enhanced_trader - INFO - Fetching 30m candles for LINKEUR: 26s since last boundary, next boundary in 1774s
2025-08-31 09:30:26 - enhanced_trader - INFO - Latest 30m candle for ETHEUR: 09:30 UTC (0.4 minutes ago)
2025-08-31 09:30:26 - enhanced_trader - INFO - Fetching 30m candles for ADAEUR: 26s since last boundary, next boundary in 1774s
2025-08-31 09:30:26 - src.data_pipeline.features - INFO - Source data validation and cleaning completed
2025-08-31 09:30:26 - enhanced_trader - INFO - Successfully fetched 300 records for ETHEUR
2025-08-31 09:30:26 - src.data_pipeline.features - INFO - Generating features for 300 records
2025-08-31 09:30:26 - src.data_pipeline.features - INFO - Validating and cleaning source data...
2025-08-31 09:30:26 - enhanced_trader - INFO - Latest 30m candle for LINKEUR: 09:30 UTC (0.4 minutes ago)
2025-08-31 09:30:26 - enhanced_trader - INFO - Successfully fetched 300 records for LINKEUR
2025-08-31 09:30:26 - enhanced_trader - INFO - Latest 30m candle for ADAEUR: 09:30 UTC (0.4 minutes ago)
2025-08-31 09:30:26 - enhanced_trader - INFO - Successfully fetched 300 records for ADAEUR
2025-08-31 09:30:26 - src.data_pipeline.features - INFO - Generating features for 300 records
2025-08-31 09:30:26 - src.data_pipeline.features - INFO - Validating and cleaning source data...
2025-08-31 09:30:26 - src.data_pipeline.features - INFO - Source data validation and cleaning completed
2025-08-31 09:30:26 - src.data_pipeline.features - INFO - Applied intermediate validation after price features: clipped 1 features
2025-08-31 09:30:26 - src.data_pipeline.features - INFO - Generating features for 300 records
2025-08-31 09:30:26 - src.data_pipeline.features - WARNING - Using absolute bounds for open due to corrupted statistics
2025-08-31 09:30:26 - src.data_pipeline.features - INFO - Validating and cleaning source data...
2025-08-31 09:30:26 - src.data_pipeline.features - WARNING - Using absolute bounds for high due to corrupted statistics
2025-08-31 09:30:27 - enhanced_trader - INFO - Fetching 30m candles for DOTEUR: 27s since last boundary, next boundary in 1773s
2025-08-31 09:30:27 - src.data_pipeline.features - WARNING - Using absolute bounds for open due to corrupted statistics
2025-08-31 09:30:27 - src.data_pipeline.features - WARNING - Using absolute bounds for low due to corrupted statistics
2025-08-31 09:30:27 - src.data_pipeline.features - WARNING - Using absolute bounds for high due to corrupted statistics
2025-08-31 09:30:27 - src.data_pipeline.features - WARNING - Using absolute bounds for close due to corrupted statistics
2025-08-31 09:30:27 - src.data_pipeline.features - WARNING - Using absolute bounds for low due to corrupted statistics
2025-08-31 09:30:27 - src.data_pipeline.features - WARNING - Large volume spike detected - max: 83405.15, median: 752.31
2025-08-31 09:30:27 - src.data_pipeline.features - INFO - Applied intermediate validation after price features: clipped 1 features
2025-08-31 09:30:27 - src.data_pipeline.features - WARNING - Using absolute bounds for close due to corrupted statistics
2025-08-31 09:30:27 - src.data_pipeline.features - INFO - Source data validation and cleaning completed
2025-08-31 09:30:27 - src.data_pipeline.features - INFO - Source data validation and cleaning completed
2025-08-31 09:30:27 - enhanced_trader - INFO - Latest 30m candle for DOTEUR: 09:30 UTC (0.5 minutes ago)
2025-08-31 09:30:27 - enhanced_trader - INFO - Successfully fetched 300 records for DOTEUR
2025-08-31 09:30:27 - src.data_pipeline.features - INFO - Applied intermediate validation after price features: clipped 1 features
2025-08-31 09:30:27 - src.data_pipeline.features - INFO - Generating features for 300 records
2025-08-31 09:30:27 - src.data_pipeline.features - INFO - Validating and cleaning source data...
2025-08-31 09:30:27 - src.data_pipeline.features - INFO - Applied intermediate validation after technical indicators: clipped 1 features
2025-08-31 09:30:27 - src.data_pipeline.features - WARNING - Using absolute bounds for open due to corrupted statistics
2025-08-31 09:30:27 - src.data_pipeline.features - INFO - Applied intermediate validation after price features: clipped 4 features
2025-08-31 09:30:27 - src.data_pipeline.features - WARNING - Using absolute bounds for high due to corrupted statistics
2025-08-31 09:30:28 - src.data_pipeline.features - WARNING - Using absolute bounds for low due to corrupted statistics
2025-08-31 09:30:28 - src.data_pipeline.features - WARNING - Using absolute bounds for close due to corrupted statistics
2025-08-31 09:30:28 - src.data_pipeline.features - INFO - Applied intermediate validation after technical indicators: clipped 1 features
2025-08-31 09:30:28 - src.data_pipeline.features - INFO - Source data validation and cleaning completed
2025-08-31 09:30:28 - src.data_pipeline.features - INFO - Applied intermediate validation after price features: clipped 1 features
2025-08-31 09:30:28 - src.data_pipeline.features - INFO - Applied intermediate validation after technical indicators: clipped 1 features
2025-08-31 09:30:28 - src.data_pipeline.features - INFO - Applied intermediate validation after technical indicators: clipped 1 features
2025-08-31 09:30:29 - src.data_pipeline.features - INFO - Applied intermediate validation after volume features: clipped 1 features
2025-08-31 09:30:29 - src.data_pipeline.features - INFO - Applying robust feature validation...
2025-08-31 09:30:29 - src.data_pipeline.features - INFO - Applied intermediate validation after volatility features: clipped 1 features
2025-08-31 09:30:29 - src.data_pipeline.features - INFO - Applied intermediate validation after technical indicators: clipped 1 features
2025-08-31 09:30:30 - src.data_pipeline.features - INFO - Applying robust feature validation...
2025-08-31 09:30:30 - src.data_pipeline.features - INFO - Applied intermediate validation after advanced features: clipped 1 features
2025-08-31 09:30:30 - src.data_pipeline.features - INFO - Applying robust feature validation...
2025-08-31 09:30:30 - src.data_pipeline.features - INFO - Feature validation completed - max absolute value: 150000.000000
2025-08-31 09:30:30 - src.data_pipeline.features - INFO - Generated 113 new features
2025-08-31 09:30:30 - src.data_pipeline.features - INFO - Applying robust feature validation...
2025-08-31 09:30:31 - src.data_pipeline.features - INFO - Final data validation: NaN=0, Inf=0
2025-08-31 09:30:31 - enhanced_trader - INFO - Fetched 300 records for BTCEUR (parallel)
2025-08-31 09:30:31 - src.data_pipeline.features - INFO - Applying robust feature validation...
2025-08-31 09:30:31 - src.data_pipeline.features - INFO - Feature validation completed - max absolute value: 150000.000000
2025-08-31 09:30:31 - src.data_pipeline.features - INFO - Generated 113 new features
2025-08-31 09:30:31 - src.data_pipeline.features - INFO - Final data validation: NaN=0, Inf=0
2025-08-31 09:30:31 - enhanced_trader - INFO - Fetched 300 records for ETHEUR (parallel)
2025-08-31 09:30:31 - src.data_pipeline.features - INFO - Feature validation completed - max absolute value: 500000.000000
2025-08-31 09:30:31 - src.data_pipeline.features - INFO - Generated 113 new features
2025-08-31 09:30:31 - src.data_pipeline.features - INFO - Final data validation: NaN=0, Inf=0
2025-08-31 09:30:31 - enhanced_trader - INFO - Fetched 300 records for ADAEUR (parallel)
2025-08-31 09:30:31 - src.data_pipeline.features - INFO - Feature validation completed - max absolute value: 150000.000000
2025-08-31 09:30:31 - src.data_pipeline.features - INFO - Generated 113 new features
2025-08-31 09:30:31 - src.data_pipeline.features - INFO - Final data validation: NaN=0, Inf=0
2025-08-31 09:30:31 - src.data_pipeline.features - INFO - Feature validation completed - max absolute value: 150000.000000
2025-08-31 09:30:31 - src.data_pipeline.features - INFO - Generated 113 new features
2025-08-31 09:30:31 - enhanced_trader - INFO - Fetched 300 records for LINKEUR (parallel)
2025-08-31 09:30:31 - src.data_pipeline.features - INFO - Final data validation: NaN=0, Inf=0
2025-08-31 09:30:31 - enhanced_trader - INFO - Fetched 300 records for DOTEUR (parallel)
2025-08-31 09:30:31 - enhanced_trader - INFO - Generating signals for 5 symbols
2025-08-31 09:30:31 - enhanced_trader - INFO - Processing signal generation for BTCEUR...
2025-08-31 09:30:31 - enhanced_trader - INFO - Preparing features for BTCEUR...
2025-08-31 09:30:31 - enhanced_trader - INFO - Starting model predictions for BTCEUR...
2025-08-31 09:30:31 - enhanced_trader - INFO - Getting GRU prediction for BTCEUR...
2025-08-31 09:30:31 - src.data_pipeline.feature_selector - INFO - Aligning features for gru_BTCEUR
2025-08-31 09:30:31 - src.data_pipeline.feature_selector - INFO - Using dynamic default feature count 113 for gru
2025-08-31 09:30:31 - src.data_pipeline.feature_selector - INFO - Intelligent selection: 113 -> 113 features for gru_BTCEUR
2025-08-31 09:30:31 - src.data_pipeline.features - INFO - Feature selector aligned 113 features for gru_BTCEUR
2025-08-31 09:30:31 - validation_logger - INFO - Schema validation with low confidence: {"event_type": "schema_decision", "symbol": "BTCEUR", "model_type": "gru", "decision": "accept", "method": "comprehensive", "confidence": 0.0, "processing_time_ms": 27.867555618286133, "action": "accept"}
2025-08-31 09:30:31 - enhanced_trader - INFO - GRU prediction for BTCEUR: 8.010265446500853e-05
2025-08-31 09:30:31 - enhanced_trader - INFO - Getting LightGBM prediction for BTCEUR...
2025-08-31 09:30:31 - src.data_pipeline.feature_selector - INFO - Aligning features for lightgbm_BTCEUR
2025-08-31 09:30:31 - src.data_pipeline.feature_selector - INFO - Using dynamic default feature count 113 for lightgbm
2025-08-31 09:30:31 - src.data_pipeline.feature_selector - INFO - Intelligent selection: 113 -> 113 features for lightgbm_BTCEUR
2025-08-31 09:30:31 - src.data_pipeline.features - INFO - Feature selector aligned 113 features for lightgbm_BTCEUR
2025-08-31 09:30:31 - validation_logger - INFO - Schema validation with low confidence: {"event_type": "schema_decision", "symbol": "BTCEUR", "model_type": "lightgbm", "decision": "accept", "method": "comprehensive", "confidence": 0.0, "processing_time_ms": 29.88576889038086, "action": "accept"}
2025-08-31 09:30:31 - enhanced_trader - INFO - LightGBM prediction for BTCEUR: 0.0006767439337909213
2025-08-31 09:30:31 - enhanced_trader - INFO - Getting PPO prediction for BTCEUR...
2025-08-31 09:30:31 - validation_logger - INFO - Schema validation with low confidence: {"event_type": "schema_decision", "symbol": "BTCEUR", "model_type": "ppo", "decision": "accept", "method": "comprehensive", "confidence": 0.0, "processing_time_ms": 8.501291275024414, "action": "accept"}
2025-08-31 09:30:31 - enhanced_trader - INFO - PPO prediction for BTCEUR: 2.9816711321473122e-05
2025-08-31 09:30:31 - enhanced_trader - INFO - Combining predictions for BTCEUR: [('gru', 8.010265446500853e-05), ('lightgbm', 0.0006767439337909213), ('ppo', 2.9816711321473122e-05)]
2025-08-31 09:30:31 - enhanced_trader - INFO - Completed signal generation for BTCEUR: 0
2025-08-31 09:30:31 - enhanced_trader - INFO - Processing signal generation for ETHEUR...
2025-08-31 09:30:31 - enhanced_trader - INFO - Preparing features for ETHEUR...
2025-08-31 09:30:31 - enhanced_trader - INFO - Starting model predictions for ETHEUR...
2025-08-31 09:30:31 - enhanced_trader - INFO - Getting GRU prediction for ETHEUR...
2025-08-31 09:30:31 - src.data_pipeline.feature_selector - INFO - Aligning features for gru_ETHEUR
2025-08-31 09:30:31 - src.data_pipeline.feature_selector - INFO - Using dynamic default feature count 113 for gru
2025-08-31 09:30:31 - src.data_pipeline.feature_selector - INFO - Intelligent selection: 113 -> 113 features for gru_ETHEUR
2025-08-31 09:30:31 - src.data_pipeline.features - INFO - Feature selector aligned 113 features for gru_ETHEUR
2025-08-31 09:30:31 - validation_logger - INFO - Schema validation with low confidence: {"event_type": "schema_decision", "symbol": "ETHEUR", "model_type": "gru", "decision": "accept", "method": "comprehensive", "confidence": 0.0, "processing_time_ms": 27.74834632873535, "action": "accept"}
2025-08-31 09:30:31 - enhanced_trader - INFO - GRU prediction for ETHEUR: 6.480143201770261e-05
2025-08-31 09:30:31 - enhanced_trader - INFO - Getting LightGBM prediction for ETHEUR...
2025-08-31 09:30:31 - src.data_pipeline.feature_selector - INFO - Aligning features for lightgbm_ETHEUR
2025-08-31 09:30:31 - src.data_pipeline.feature_selector - INFO - Using dynamic default feature count 113 for lightgbm
2025-08-31 09:30:31 - src.data_pipeline.feature_selector - INFO - Intelligent selection: 113 -> 113 features for lightgbm_ETHEUR
2025-08-31 09:30:31 - src.data_pipeline.features - INFO - Feature selector aligned 113 features for lightgbm_ETHEUR
2025-08-31 09:30:31 - validation_logger - INFO - Schema validation with low confidence: {"event_type": "schema_decision", "symbol": "ETHEUR", "model_type": "lightgbm", "decision": "accept", "method": "comprehensive", "confidence": 0.0, "processing_time_ms": 29.364824295043945, "action": "accept"}
2025-08-31 09:30:31 - enhanced_trader - INFO - LightGBM prediction for ETHEUR: 0.0004916936300080613
2025-08-31 09:30:31 - enhanced_trader - INFO - Getting PPO prediction for ETHEUR...
2025-08-31 09:30:31 - validation_logger - INFO - Schema validation with low confidence: {"event_type": "schema_decision", "symbol": "ETHEUR", "model_type": "ppo", "decision": "accept", "method": "comprehensive", "confidence": 0.0, "processing_time_ms": 9.20414924621582, "action": "accept"}
2025-08-31 09:30:31 - enhanced_trader - INFO - PPO prediction for ETHEUR: -0.0009619065523147583
2025-08-31 09:30:31 - enhanced_trader - INFO - Combining predictions for ETHEUR: [('gru', 6.480143201770261e-05), ('lightgbm', 0.0004916936300080613), ('ppo', -0.0009619065523147583)]
2025-08-31 09:30:31 - enhanced_trader - INFO - Completed signal generation for ETHEUR: 0
2025-08-31 09:30:31 - enhanced_trader - INFO - Processing signal generation for ADAEUR...
2025-08-31 09:30:31 - enhanced_trader - INFO - Preparing features for ADAEUR...
2025-08-31 09:30:31 - enhanced_trader - INFO - Starting model predictions for ADAEUR...
2025-08-31 09:30:31 - enhanced_trader - INFO - Getting GRU prediction for ADAEUR...
2025-08-31 09:30:31 - src.data_pipeline.feature_selector - INFO - Aligning features for gru_ADAEUR
2025-08-31 09:30:31 - src.data_pipeline.feature_selector - INFO - Using dynamic default feature count 113 for gru
2025-08-31 09:30:31 - src.data_pipeline.feature_selector - INFO - Intelligent selection: 113 -> 113 features for gru_ADAEUR
2025-08-31 09:30:31 - src.data_pipeline.features - INFO - Feature selector aligned 113 features for gru_ADAEUR
2025-08-31 09:30:31 - validation_logger - INFO - Schema validation with low confidence: {"event_type": "schema_decision", "symbol": "ADAEUR", "model_type": "gru", "decision": "accept", "method": "comprehensive", "confidence": 0.0, "processing_time_ms": 30.47347068786621, "action": "accept"}
2025-08-31 09:30:31 - enhanced_trader - INFO - GRU prediction for ADAEUR: 0.00011683772027026862
2025-08-31 09:30:31 - enhanced_trader - INFO - Getting LightGBM prediction for ADAEUR...
2025-08-31 09:30:31 - src.data_pipeline.feature_selector - INFO - Aligning features for lightgbm_ADAEUR
2025-08-31 09:30:31 - src.data_pipeline.feature_selector - INFO - Using dynamic default feature count 113 for lightgbm
2025-08-31 09:30:31 - src.data_pipeline.feature_selector - INFO - Intelligent selection: 113 -> 113 features for lightgbm_ADAEUR
2025-08-31 09:30:31 - src.data_pipeline.features - INFO - Feature selector aligned 113 features for lightgbm_ADAEUR
2025-08-31 09:30:31 - validation_logger - INFO - Schema validation with low confidence: {"event_type": "schema_decision", "symbol": "ADAEUR", "model_type": "lightgbm", "decision": "accept", "method": "comprehensive", "confidence": 0.0, "processing_time_ms": 26.707172393798828, "action": "accept"}
2025-08-31 09:30:31 - enhanced_trader - INFO - LightGBM prediction for ADAEUR: 0.00011396485232378576
2025-08-31 09:30:31 - enhanced_trader - INFO - Getting PPO prediction for ADAEUR...
2025-08-31 09:30:31 - validation_logger - INFO - Schema validation with low confidence: {"event_type": "schema_decision", "symbol": "ADAEUR", "model_type": "ppo", "decision": "accept", "method": "comprehensive", "confidence": 0.0, "processing_time_ms": 12.0391845703125, "action": "accept"}
2025-08-31 09:30:32 - enhanced_trader - INFO - PPO prediction for ADAEUR: -0.00012001612782478332
2025-08-31 09:30:32 - enhanced_trader - INFO - Combining predictions for ADAEUR: [('gru', 0.00011683772027026862), ('lightgbm', 0.00011396485232378576), ('ppo', -0.00012001612782478332)]
2025-08-31 09:30:32 - enhanced_trader - INFO - Completed signal generation for ADAEUR: 0
2025-08-31 09:30:32 - enhanced_trader - INFO - Processing signal generation for DOTEUR...
2025-08-31 09:30:32 - enhanced_trader - INFO - Preparing features for DOTEUR...
2025-08-31 09:30:32 - enhanced_trader - INFO - Starting model predictions for DOTEUR...
2025-08-31 09:30:32 - enhanced_trader - INFO - Getting GRU prediction for DOTEUR...
2025-08-31 09:30:32 - src.data_pipeline.feature_selector - INFO - Aligning features for gru_DOTEUR
2025-08-31 09:30:32 - src.data_pipeline.feature_selector - INFO - Using dynamic default feature count 113 for gru
2025-08-31 09:30:32 - src.data_pipeline.feature_selector - INFO - Intelligent selection: 113 -> 113 features for gru_DOTEUR
2025-08-31 09:30:32 - src.data_pipeline.features - INFO - Feature selector aligned 113 features for gru_DOTEUR
2025-08-31 09:30:32 - validation_logger - INFO - Schema validation with low confidence: {"event_type": "schema_decision", "symbol": "DOTEUR", "model_type": "gru", "decision": "accept", "method": "comprehensive", "confidence": 0.0, "processing_time_ms": 33.53571891784668, "action": "accept"}
2025-08-31 09:30:32 - enhanced_trader - INFO - GRU prediction for DOTEUR: 7.679382542846724e-05
2025-08-31 09:30:32 - enhanced_trader - INFO - Getting LightGBM prediction for DOTEUR...
2025-08-31 09:30:32 - src.data_pipeline.feature_selector - INFO - Aligning features for lightgbm_DOTEUR
2025-08-31 09:30:32 - src.data_pipeline.feature_selector - INFO - Using dynamic default feature count 113 for lightgbm
2025-08-31 09:30:32 - src.data_pipeline.feature_selector - INFO - Intelligent selection: 113 -> 113 features for lightgbm_DOTEUR
2025-08-31 09:30:32 - src.data_pipeline.features - INFO - Feature selector aligned 113 features for lightgbm_DOTEUR
2025-08-31 09:30:32 - validation_logger - INFO - Schema validation with low confidence: {"event_type": "schema_decision", "symbol": "DOTEUR", "model_type": "lightgbm", "decision": "accept", "method": "comprehensive", "confidence": 0.0, "processing_time_ms": 31.318187713623047, "action": "accept"}
2025-08-31 09:30:32 - enhanced_trader - INFO - LightGBM prediction for DOTEUR: 0.0031007750699027408
2025-08-31 09:30:32 - enhanced_trader - INFO - Getting PPO prediction for DOTEUR...
2025-08-31 09:30:32 - validation_logger - INFO - Schema validation with low confidence: {"event_type": "schema_decision", "symbol": "DOTEUR", "model_type": "ppo", "decision": "accept", "method": "comprehensive", "confidence": 0.0, "processing_time_ms": 9.437084197998047, "action": "accept"}
2025-08-31 09:30:32 - enhanced_trader - INFO - PPO prediction for DOTEUR: 0.0005956701040267944
2025-08-31 09:30:32 - enhanced_trader - INFO - Combining predictions for DOTEUR: [('gru', 7.679382542846724e-05), ('lightgbm', 0.0031007750699027408), ('ppo', 0.0005956701040267944)]
2025-08-31 09:30:32 - enhanced_trader - INFO - Completed signal generation for DOTEUR: 1
2025-08-31 09:30:32 - enhanced_trader - INFO - Processing signal generation for LINKEUR...
2025-08-31 09:30:32 - enhanced_trader - INFO - Preparing features for LINKEUR...
2025-08-31 09:30:32 - enhanced_trader - INFO - Starting model predictions for LINKEUR...
2025-08-31 09:30:32 - enhanced_trader - INFO - Getting GRU prediction for LINKEUR...
2025-08-31 09:30:32 - src.data_pipeline.feature_selector - INFO - Aligning features for gru_LINKEUR
2025-08-31 09:30:32 - src.data_pipeline.feature_selector - INFO - Using dynamic default feature count 113 for gru
2025-08-31 09:30:32 - src.data_pipeline.feature_selector - INFO - Intelligent selection: 113 -> 113 features for gru_LINKEUR
2025-08-31 09:30:32 - src.data_pipeline.features - INFO - Feature selector aligned 113 features for gru_LINKEUR
2025-08-31 09:30:32 - validation_logger - INFO - Schema validation with low confidence: {"event_type": "schema_decision", "symbol": "LINKEUR", "model_type": "gru", "decision": "accept", "method": "comprehensive", "confidence": 0.0, "processing_time_ms": 29.112815856933594, "action": "accept"}
2025-08-31 09:30:32 - enhanced_trader - INFO - GRU prediction for LINKEUR: 8.562141010770574e-05
2025-08-31 09:30:32 - enhanced_trader - INFO - Getting LightGBM prediction for LINKEUR...
2025-08-31 09:30:32 - src.data_pipeline.feature_selector - INFO - Aligning features for lightgbm_LINKEUR
2025-08-31 09:30:32 - src.data_pipeline.feature_selector - INFO - Using dynamic default feature count 113 for lightgbm
2025-08-31 09:30:32 - src.data_pipeline.feature_selector - INFO - Intelligent selection: 113 -> 113 features for lightgbm_LINKEUR
2025-08-31 09:30:32 - src.data_pipeline.features - INFO - Feature selector aligned 113 features for lightgbm_LINKEUR
2025-08-31 09:30:32 - validation_logger - INFO - Schema validation with low confidence: {"event_type": "schema_decision", "symbol": "LINKEUR", "model_type": "lightgbm", "decision": "accept", "method": "comprehensive", "confidence": 0.0, "processing_time_ms": 28.145313262939453, "action": "accept"}
2025-08-31 09:30:32 - enhanced_trader - INFO - LightGBM prediction for LINKEUR: 0.0001622937974817684
2025-08-31 09:30:32 - enhanced_trader - INFO - Getting PPO prediction for LINKEUR...
2025-08-31 09:30:32 - validation_logger - INFO - Schema validation with low confidence: {"event_type": "schema_decision", "symbol": "LINKEUR", "model_type": "ppo", "decision": "accept", "method": "comprehensive", "confidence": 0.0, "processing_time_ms": 11.064529418945312, "action": "accept"}
2025-08-31 09:30:32 - enhanced_trader - INFO - PPO prediction for LINKEUR: 0.0004611550271511078
2025-08-31 09:30:32 - enhanced_trader - INFO - Combining predictions for LINKEUR: [('gru', 8.562141010770574e-05), ('lightgbm', 0.0001622937974817684), ('ppo', 0.0004611550271511078)]
2025-08-31 09:30:32 - enhanced_trader - INFO - Completed signal generation for LINKEUR: 0
2025-08-31 09:30:32 - enhanced_trader - INFO - Signal generation completed for all symbols: {'BTCEUR': 0, 'ETHEUR': 0, 'ADAEUR': 0, 'DOTEUR': 1, 'LINKEUR': 0}
2025-08-31 09:30:32 - enhanced_trader - INFO - BUY DOTEUR: amt=274.093817 @ 3.2830 cost=901.20 bal=8097.30
2025-08-31 09:30:32 - enhanced_trader - INFO - Next 30m candle trade: 1783s (at 10:00:15) includes 15s buffer for fresh data
2025-08-31 09:30:32 - enhanced_trader - INFO - Waiting 1783 seconds until next 30m candle
2025-08-31 09:30:32 - httpx - INFO - HTTP Request: POST https://api.telegram.org/bot7733436451:AAH6Sls8uL4fEgd6Ty7VEKSBIMauhaVkN4c/sendMessage "HTTP/1.1 200 OK"
2025-08-31 09:30:33 - httpx - INFO - HTTP Request: POST https://api.telegram.org/bot7733436451:AAH6Sls8uL4fEgd6Ty7VEKSBIMauhaVkN4c/sendMessage "HTTP/1.1 200 OK"
2025-08-31 10:00:23 - enhanced_trader - INFO - Fetching 30m candles for DOTEUR: 23s since last boundary, next boundary in 1777s
2025-08-31 10:00:23 - enhanced_trader - INFO - Latest 30m candle for DOTEUR: 10:00 UTC (0.4 minutes ago)
2025-08-31 10:00:23 - enhanced_trader - INFO - Successfully fetched 300 records for DOTEUR
2025-08-31 10:00:24 - src.data_pipeline.features - INFO - Generating features for 300 records
2025-08-31 10:00:24 - src.data_pipeline.features - INFO - Validating and cleaning source data...
2025-08-31 10:00:24 - enhanced_trader - INFO - Fetching 30m candles for BTCEUR: 24s since last boundary, next boundary in 1776s
2025-08-31 10:00:24 - src.data_pipeline.features - WARNING - Using absolute bounds for open due to corrupted statistics
2025-08-31 10:00:24 - src.data_pipeline.features - WARNING - Using absolute bounds for high due to corrupted statistics
2025-08-31 10:00:24 - enhanced_trader - INFO - Fetching 30m candles for ETHEUR: 25s since last boundary, next boundary in 1775s
2025-08-31 10:00:24 - src.data_pipeline.features - WARNING - Using absolute bounds for low due to corrupted statistics
2025-08-31 10:00:24 - enhanced_trader - INFO - Latest 30m candle for BTCEUR: 10:00 UTC (0.4 minutes ago)
2025-08-31 10:00:24 - src.data_pipeline.features - WARNING - Using absolute bounds for close due to corrupted statistics
2025-08-31 10:00:25 - enhanced_trader - INFO - Successfully fetched 300 records for BTCEUR
2025-08-31 10:00:25 - src.data_pipeline.features - INFO - Source data validation and cleaning completed
2025-08-31 10:00:25 - src.data_pipeline.features - INFO - Generating features for 300 records
2025-08-31 10:00:25 - src.data_pipeline.features - INFO - Validating and cleaning source data...
2025-08-31 10:00:25 - enhanced_trader - INFO - Latest 30m candle for ETHEUR: 10:00 UTC (0.4 minutes ago)
2025-08-31 10:00:25 - src.data_pipeline.features - INFO - Applied intermediate validation after price features: clipped 1 features
2025-08-31 10:00:26 - enhanced_trader - INFO - Fetching 30m candles for ADAEUR: 26s since last boundary, next boundary in 1774s
2025-08-31 10:00:26 - enhanced_trader - INFO - Successfully fetched 300 records for ETHEUR
2025-08-31 10:00:26 - src.data_pipeline.features - INFO - Source data validation and cleaning completed
2025-08-31 10:00:26 - src.data_pipeline.features - INFO - Generating features for 300 records
2025-08-31 10:00:26 - src.data_pipeline.features - INFO - Validating and cleaning source data...
2025-08-31 10:00:26 - enhanced_trader - INFO - Latest 30m candle for ADAEUR: 10:00 UTC (0.4 minutes ago)
2025-08-31 10:00:26 - enhanced_trader - INFO - Fetching 30m candles for LINKEUR: 27s since last boundary, next boundary in 1773s
2025-08-31 10:00:26 - enhanced_trader - INFO - Successfully fetched 300 records for ADAEUR
2025-08-31 10:00:26 - src.data_pipeline.features - INFO - Source data validation and cleaning completed
2025-08-31 10:00:26 - src.data_pipeline.features - INFO - Applied intermediate validation after price features: clipped 1 features
2025-08-31 10:00:26 - src.data_pipeline.features - INFO - Generating features for 300 records
2025-08-31 10:00:26 - src.data_pipeline.features - INFO - Validating and cleaning source data...
2025-08-31 10:00:26 - enhanced_trader - INFO - Latest 30m candle for LINKEUR: 10:00 UTC (0.4 minutes ago)
2025-08-31 10:00:26 - src.data_pipeline.features - WARNING - Using absolute bounds for open due to corrupted statistics
2025-08-31 10:00:26 - src.data_pipeline.features - WARNING - Using absolute bounds for high due to corrupted statistics
2025-08-31 10:00:26 - src.data_pipeline.features - INFO - Applied intermediate validation after price features: clipped 1 features
2025-08-31 10:00:26 - enhanced_trader - INFO - Successfully fetched 300 records for LINKEUR
2025-08-31 10:00:26 - src.data_pipeline.features - INFO - Applied intermediate validation after technical indicators: clipped 1 features
2025-08-31 10:00:26 - src.data_pipeline.features - WARNING - Using absolute bounds for low due to corrupted statistics
2025-08-31 10:00:27 - src.data_pipeline.features - INFO - Generating features for 300 records
2025-08-31 10:00:27 - src.data_pipeline.features - INFO - Validating and cleaning source data...
2025-08-31 10:00:27 - src.data_pipeline.features - WARNING - Using absolute bounds for close due to corrupted statistics
2025-08-31 10:00:27 - src.data_pipeline.features - INFO - Source data validation and cleaning completed
2025-08-31 10:00:27 - src.data_pipeline.features - WARNING - Using absolute bounds for open due to corrupted statistics
2025-08-31 10:00:27 - src.data_pipeline.features - WARNING - Using absolute bounds for high due to corrupted statistics
2025-08-31 10:00:27 - src.data_pipeline.features - WARNING - Using absolute bounds for low due to corrupted statistics
2025-08-31 10:00:27 - src.data_pipeline.features - WARNING - Using absolute bounds for close due to corrupted statistics
2025-08-31 10:00:27 - src.data_pipeline.features - INFO - Applied intermediate validation after technical indicators: clipped 1 features
2025-08-31 10:00:27 - src.data_pipeline.features - WARNING - Large volume spike detected - max: 83405.15, median: 746.41
2025-08-31 10:00:27 - src.data_pipeline.features - INFO - Source data validation and cleaning completed
2025-08-31 10:00:27 - src.data_pipeline.features - INFO - Applied intermediate validation after price features: clipped 4 features
2025-08-31 10:00:27 - src.data_pipeline.features - INFO - Applied intermediate validation after technical indicators: clipped 1 features
2025-08-31 10:00:28 - src.data_pipeline.features - INFO - Applied intermediate validation after price features: clipped 1 features
2025-08-31 10:00:29 - src.data_pipeline.features - INFO - Applied intermediate validation after technical indicators: clipped 1 features
2025-08-31 10:00:29 - src.data_pipeline.features - INFO - Applying robust feature validation...
2025-08-31 10:00:29 - src.data_pipeline.features - INFO - Applied intermediate validation after technical indicators: clipped 1 features
2025-08-31 10:00:29 - src.data_pipeline.features - INFO - Applied intermediate validation after volume features: clipped 1 features
2025-08-31 10:00:29 - src.data_pipeline.features - INFO - Applying robust feature validation...
2025-08-31 10:00:29 - src.data_pipeline.features - INFO - Applied intermediate validation after volatility features: clipped 1 features
2025-08-31 10:00:30 - src.data_pipeline.features - INFO - Applying robust feature validation...
2025-08-31 10:00:30 - src.data_pipeline.features - INFO - Feature validation completed - max absolute value: 150000.000000
2025-08-31 10:00:30 - src.data_pipeline.features - INFO - Generated 113 new features
2025-08-31 10:00:30 - src.data_pipeline.features - INFO - Final data validation: NaN=0, Inf=0
2025-08-31 10:00:30 - src.data_pipeline.features - INFO - Applied intermediate validation after advanced features: clipped 1 features
2025-08-31 10:00:30 - enhanced_trader - INFO - Fetched 300 records for DOTEUR (parallel)
2025-08-31 10:00:30 - src.data_pipeline.features - INFO - Applying robust feature validation...
2025-08-31 10:00:30 - src.data_pipeline.features - INFO - Applying robust feature validation...
2025-08-31 10:00:30 - src.data_pipeline.features - INFO - Feature validation completed - max absolute value: 150000.000000
2025-08-31 10:00:30 - src.data_pipeline.features - INFO - Generated 113 new features
2025-08-31 10:00:30 - src.data_pipeline.features - INFO - Final data validation: NaN=0, Inf=0
2025-08-31 10:00:30 - enhanced_trader - INFO - Fetched 300 records for BTCEUR (parallel)
2025-08-31 10:00:30 - src.data_pipeline.features - INFO - Feature validation completed - max absolute value: 150000.000000
2025-08-31 10:00:30 - src.data_pipeline.features - INFO - Generated 113 new features
2025-08-31 10:00:30 - src.data_pipeline.features - INFO - Final data validation: NaN=0, Inf=0
2025-08-31 10:00:30 - enhanced_trader - INFO - Fetched 300 records for ETHEUR (parallel)
2025-08-31 10:00:31 - src.data_pipeline.features - INFO - Feature validation completed - max absolute value: 500000.000000
2025-08-31 10:00:31 - src.data_pipeline.features - INFO - Generated 113 new features
2025-08-31 10:00:31 - src.data_pipeline.features - INFO - Final data validation: NaN=0, Inf=0
2025-08-31 10:00:31 - enhanced_trader - INFO - Fetched 300 records for ADAEUR (parallel)
2025-08-31 10:00:31 - src.data_pipeline.features - INFO - Feature validation completed - max absolute value: 150000.000000
2025-08-31 10:00:31 - src.data_pipeline.features - INFO - Generated 113 new features
2025-08-31 10:00:31 - src.data_pipeline.features - INFO - Final data validation: NaN=0, Inf=0
2025-08-31 10:00:31 - enhanced_trader - INFO - Fetched 300 records for LINKEUR (parallel)
2025-08-31 10:00:31 - enhanced_trader - INFO - Generating signals for 5 symbols
2025-08-31 10:00:31 - enhanced_trader - INFO - Processing signal generation for BTCEUR...
2025-08-31 10:00:31 - enhanced_trader - INFO - Preparing features for BTCEUR...
2025-08-31 10:00:31 - enhanced_trader - INFO - Starting model predictions for BTCEUR...
2025-08-31 10:00:31 - enhanced_trader - INFO - Getting GRU prediction for BTCEUR...
2025-08-31 10:00:31 - src.data_pipeline.feature_selector - INFO - Aligning features for gru_BTCEUR
2025-08-31 10:00:31 - src.data_pipeline.feature_selector - INFO - Using dynamic default feature count 113 for gru
2025-08-31 10:00:31 - src.data_pipeline.feature_selector - INFO - Intelligent selection: 113 -> 113 features for gru_BTCEUR
2025-08-31 10:00:31 - src.data_pipeline.features - INFO - Feature selector aligned 113 features for gru_BTCEUR
2025-08-31 10:00:31 - validation_logger - INFO - Schema validation with low confidence: {"event_type": "schema_decision", "symbol": "BTCEUR", "model_type": "gru", "decision": "accept", "method": "comprehensive", "confidence": 0.0, "processing_time_ms": 36.32402420043945, "action": "accept"}
2025-08-31 10:00:31 - enhanced_trader - INFO - GRU prediction for BTCEUR: 8.010265446500853e-05
2025-08-31 10:00:31 - enhanced_trader - INFO - Getting LightGBM prediction for BTCEUR...
2025-08-31 10:00:31 - src.data_pipeline.feature_selector - INFO - Aligning features for lightgbm_BTCEUR
2025-08-31 10:00:31 - src.data_pipeline.feature_selector - INFO - Using dynamic default feature count 113 for lightgbm
2025-08-31 10:00:31 - src.data_pipeline.feature_selector - INFO - Intelligent selection: 113 -> 113 features for lightgbm_BTCEUR
2025-08-31 10:00:31 - src.data_pipeline.features - INFO - Feature selector aligned 113 features for lightgbm_BTCEUR
2025-08-31 10:00:31 - validation_logger - INFO - Schema validation with low confidence: {"event_type": "schema_decision", "symbol": "BTCEUR", "model_type": "lightgbm", "decision": "accept", "method": "comprehensive", "confidence": 0.0, "processing_time_ms": 30.2889347076416, "action": "accept"}
2025-08-31 10:00:31 - enhanced_trader - INFO - LightGBM prediction for BTCEUR: 0.0006767439337909213
2025-08-31 10:00:31 - enhanced_trader - INFO - Getting PPO prediction for BTCEUR...
2025-08-31 10:00:31 - validation_logger - INFO - Schema validation with low confidence: {"event_type": "schema_decision", "symbol": "BTCEUR", "model_type": "ppo", "decision": "accept", "method": "comprehensive", "confidence": 0.0, "processing_time_ms": 8.661031723022461, "action": "accept"}
2025-08-31 10:00:31 - enhanced_trader - INFO - PPO prediction for BTCEUR: 0.000249304935336113
2025-08-31 10:00:31 - enhanced_trader - INFO - Combining predictions for BTCEUR: [('gru', 8.010265446500853e-05), ('lightgbm', 0.0006767439337909213), ('ppo', 0.000249304935336113)]
2025-08-31 10:00:31 - enhanced_trader - INFO - Completed signal generation for BTCEUR: 0
2025-08-31 10:00:31 - enhanced_trader - INFO - Processing signal generation for ETHEUR...
2025-08-31 10:00:31 - enhanced_trader - INFO - Preparing features for ETHEUR...
2025-08-31 10:00:31 - enhanced_trader - INFO - Starting model predictions for ETHEUR...
2025-08-31 10:00:31 - enhanced_trader - INFO - Getting GRU prediction for ETHEUR...
2025-08-31 10:00:31 - src.data_pipeline.feature_selector - INFO - Aligning features for gru_ETHEUR
2025-08-31 10:00:31 - src.data_pipeline.feature_selector - INFO - Using dynamic default feature count 113 for gru
2025-08-31 10:00:31 - src.data_pipeline.feature_selector - INFO - Intelligent selection: 113 -> 113 features for gru_ETHEUR
2025-08-31 10:00:31 - src.data_pipeline.features - INFO - Feature selector aligned 113 features for gru_ETHEUR
2025-08-31 10:00:31 - validation_logger - INFO - Schema validation with low confidence: {"event_type": "schema_decision", "symbol": "ETHEUR", "model_type": "gru", "decision": "accept", "method": "comprehensive", "confidence": 0.0, "processing_time_ms": 40.56739807128906, "action": "accept"}
2025-08-31 10:00:31 - enhanced_trader - INFO - GRU prediction for ETHEUR: 6.480143201770261e-05
2025-08-31 10:00:31 - enhanced_trader - INFO - Getting LightGBM prediction for ETHEUR...
2025-08-31 10:00:31 - src.data_pipeline.feature_selector - INFO - Aligning features for lightgbm_ETHEUR
2025-08-31 10:00:31 - src.data_pipeline.feature_selector - INFO - Using dynamic default feature count 113 for lightgbm
2025-08-31 10:00:31 - src.data_pipeline.feature_selector - INFO - Intelligent selection: 113 -> 113 features for lightgbm_ETHEUR
2025-08-31 10:00:31 - src.data_pipeline.features - INFO - Feature selector aligned 113 features for lightgbm_ETHEUR
2025-08-31 10:00:31 - validation_logger - INFO - Schema validation with low confidence: {"event_type": "schema_decision", "symbol": "ETHEUR", "model_type": "lightgbm", "decision": "accept", "method": "comprehensive", "confidence": 0.0, "processing_time_ms": 29.092788696289062, "action": "accept"}
2025-08-31 10:00:31 - enhanced_trader - INFO - LightGBM prediction for ETHEUR: 0.0004916936300080613
2025-08-31 10:00:31 - enhanced_trader - INFO - Getting PPO prediction for ETHEUR...
2025-08-31 10:00:31 - validation_logger - INFO - Schema validation with low confidence: {"event_type": "schema_decision", "symbol": "ETHEUR", "model_type": "ppo", "decision": "accept", "method": "comprehensive", "confidence": 0.0, "processing_time_ms": 8.844614028930664, "action": "accept"}
2025-08-31 10:00:31 - enhanced_trader - INFO - PPO prediction for ETHEUR: -0.0009879656434059144
2025-08-31 10:00:31 - enhanced_trader - INFO - Combining predictions for ETHEUR: [('gru', 6.480143201770261e-05), ('lightgbm', 0.0004916936300080613), ('ppo', -0.0009879656434059144)]
2025-08-31 10:00:31 - enhanced_trader - INFO - Completed signal generation for ETHEUR: 0
2025-08-31 10:00:31 - enhanced_trader - INFO - Processing signal generation for ADAEUR...
2025-08-31 10:00:31 - enhanced_trader - INFO - Preparing features for ADAEUR...
2025-08-31 10:00:31 - enhanced_trader - INFO - Starting model predictions for ADAEUR...
2025-08-31 10:00:31 - enhanced_trader - INFO - Getting GRU prediction for ADAEUR...
2025-08-31 10:00:31 - src.data_pipeline.feature_selector - INFO - Aligning features for gru_ADAEUR
2025-08-31 10:00:31 - src.data_pipeline.feature_selector - INFO - Using dynamic default feature count 113 for gru
2025-08-31 10:00:31 - src.data_pipeline.feature_selector - INFO - Intelligent selection: 113 -> 113 features for gru_ADAEUR
2025-08-31 10:00:31 - src.data_pipeline.features - INFO - Feature selector aligned 113 features for gru_ADAEUR
2025-08-31 10:00:31 - validation_logger - INFO - Schema validation with low confidence: {"event_type": "schema_decision", "symbol": "ADAEUR", "model_type": "gru", "decision": "accept", "method": "comprehensive", "confidence": 0.0, "processing_time_ms": 38.49959373474121, "action": "accept"}
2025-08-31 10:00:31 - enhanced_trader - INFO - GRU prediction for ADAEUR: 0.000116837712994311
2025-08-31 10:00:31 - enhanced_trader - INFO - Getting LightGBM prediction for ADAEUR...
2025-08-31 10:00:31 - src.data_pipeline.feature_selector - INFO - Aligning features for lightgbm_ADAEUR
2025-08-31 10:00:31 - src.data_pipeline.feature_selector - INFO - Using dynamic default feature count 113 for lightgbm
2025-08-31 10:00:31 - src.data_pipeline.feature_selector - INFO - Intelligent selection: 113 -> 113 features for lightgbm_ADAEUR
2025-08-31 10:00:31 - src.data_pipeline.features - INFO - Feature selector aligned 113 features for lightgbm_ADAEUR
2025-08-31 10:00:31 - validation_logger - INFO - Schema validation with low confidence: {"event_type": "schema_decision", "symbol": "ADAEUR", "model_type": "lightgbm", "decision": "accept", "method": "comprehensive", "confidence": 0.0, "processing_time_ms": 37.91522979736328, "action": "accept"}
2025-08-31 10:00:31 - enhanced_trader - INFO - LightGBM prediction for ADAEUR: 0.0037230782931399614
2025-08-31 10:00:31 - enhanced_trader - INFO - Getting PPO prediction for ADAEUR...
2025-08-31 10:00:31 - validation_logger - INFO - Schema validation with low confidence: {"event_type": "schema_decision", "symbol": "ADAEUR", "model_type": "ppo", "decision": "accept", "method": "comprehensive", "confidence": 0.0, "processing_time_ms": 10.609149932861328, "action": "accept"}
2025-08-31 10:00:31 - enhanced_trader - INFO - PPO prediction for ADAEUR: -0.000133219912648201
2025-08-31 10:00:31 - enhanced_trader - INFO - Combining predictions for ADAEUR: [('gru', 0.000116837712994311), ('lightgbm', 0.0037230782931399614), ('ppo', -0.000133219912648201)]
2025-08-31 10:00:31 - enhanced_trader - INFO - Completed signal generation for ADAEUR: 1
2025-08-31 10:00:31 - enhanced_trader - INFO - Processing signal generation for DOTEUR...
2025-08-31 10:00:31 - enhanced_trader - INFO - Preparing features for DOTEUR...
2025-08-31 10:00:31 - enhanced_trader - INFO - Starting model predictions for DOTEUR...
2025-08-31 10:00:31 - enhanced_trader - INFO - Getting GRU prediction for DOTEUR...
2025-08-31 10:00:31 - src.data_pipeline.feature_selector - INFO - Aligning features for gru_DOTEUR
2025-08-31 10:00:31 - src.data_pipeline.feature_selector - INFO - Using dynamic default feature count 113 for gru
2025-08-31 10:00:31 - src.data_pipeline.feature_selector - INFO - Intelligent selection: 113 -> 113 features for gru_DOTEUR
2025-08-31 10:00:31 - src.data_pipeline.features - INFO - Feature selector aligned 113 features for gru_DOTEUR
2025-08-31 10:00:31 - validation_logger - INFO - Schema validation with low confidence: {"event_type": "schema_decision", "symbol": "DOTEUR", "model_type": "gru", "decision": "accept", "method": "comprehensive", "confidence": 0.0, "processing_time_ms": 35.871267318725586, "action": "accept"}
2025-08-31 10:00:31 - enhanced_trader - INFO - GRU prediction for DOTEUR: 7.679382542846724e-05
2025-08-31 10:00:31 - enhanced_trader - INFO - Getting LightGBM prediction for DOTEUR...
2025-08-31 10:00:31 - src.data_pipeline.feature_selector - INFO - Aligning features for lightgbm_DOTEUR
2025-08-31 10:00:31 - src.data_pipeline.feature_selector - INFO - Using dynamic default feature count 113 for lightgbm
2025-08-31 10:00:31 - src.data_pipeline.feature_selector - INFO - Intelligent selection: 113 -> 113 features for lightgbm_DOTEUR
2025-08-31 10:00:31 - src.data_pipeline.features - INFO - Feature selector aligned 113 features for lightgbm_DOTEUR
2025-08-31 10:00:31 - validation_logger - INFO - Schema validation with low confidence: {"event_type": "schema_decision", "symbol": "DOTEUR", "model_type": "lightgbm", "decision": "accept", "method": "comprehensive", "confidence": 0.0, "processing_time_ms": 28.34343910217285, "action": "accept"}
2025-08-31 10:00:31 - enhanced_trader - INFO - LightGBM prediction for DOTEUR: 0.0031007750699027408
2025-08-31 10:00:31 - enhanced_trader - INFO - Getting PPO prediction for DOTEUR...
2025-08-31 10:00:31 - validation_logger - INFO - Schema validation with low confidence: {"event_type": "schema_decision", "symbol": "DOTEUR", "model_type": "ppo", "decision": "accept", "method": "comprehensive", "confidence": 0.0, "processing_time_ms": 10.528564453125, "action": "accept"}
2025-08-31 10:00:31 - enhanced_trader - INFO - PPO prediction for DOTEUR: 0.0010189392566680908
2025-08-31 10:00:31 - enhanced_trader - INFO - Combining predictions for DOTEUR: [('gru', 7.679382542846724e-05), ('lightgbm', 0.0031007750699027408), ('ppo', 0.0010189392566680908)]
2025-08-31 10:00:31 - enhanced_trader - INFO - Completed signal generation for DOTEUR: 1
2025-08-31 10:00:31 - enhanced_trader - INFO - Processing signal generation for LINKEUR...
2025-08-31 10:00:31 - enhanced_trader - INFO - Preparing features for LINKEUR...
2025-08-31 10:00:31 - enhanced_trader - INFO - Starting model predictions for LINKEUR...
2025-08-31 10:00:31 - enhanced_trader - INFO - Getting GRU prediction for LINKEUR...
2025-08-31 10:00:31 - src.data_pipeline.feature_selector - INFO - Aligning features for gru_LINKEUR
2025-08-31 10:00:31 - src.data_pipeline.feature_selector - INFO - Using dynamic default feature count 113 for gru
2025-08-31 10:00:31 - src.data_pipeline.feature_selector - INFO - Intelligent selection: 113 -> 113 features for gru_LINKEUR
2025-08-31 10:00:31 - src.data_pipeline.features - INFO - Feature selector aligned 113 features for gru_LINKEUR
2025-08-31 10:00:31 - validation_logger - INFO - Schema validation with low confidence: {"event_type": "schema_decision", "symbol": "LINKEUR", "model_type": "gru", "decision": "accept", "method": "comprehensive", "confidence": 0.0, "processing_time_ms": 26.491165161132812, "action": "accept"}
2025-08-31 10:00:31 - enhanced_trader - INFO - GRU prediction for LINKEUR: 8.562141010770574e-05
2025-08-31 10:00:31 - enhanced_trader - INFO - Getting LightGBM prediction for LINKEUR...
2025-08-31 10:00:31 - src.data_pipeline.feature_selector - INFO - Aligning features for lightgbm_LINKEUR
2025-08-31 10:00:31 - src.data_pipeline.feature_selector - INFO - Using dynamic default feature count 113 for lightgbm
2025-08-31 10:00:31 - src.data_pipeline.feature_selector - INFO - Intelligent selection: 113 -> 113 features for lightgbm_LINKEUR
2025-08-31 10:00:31 - src.data_pipeline.features - INFO - Feature selector aligned 113 features for lightgbm_LINKEUR
2025-08-31 10:00:31 - validation_logger - INFO - Schema validation with low confidence: {"event_type": "schema_decision", "symbol": "LINKEUR", "model_type": "lightgbm", "decision": "accept", "method": "comprehensive", "confidence": 0.0, "processing_time_ms": 37.22047805786133, "action": "accept"}
2025-08-31 10:00:31 - enhanced_trader - INFO - LightGBM prediction for LINKEUR: 0.0001622937974817684
2025-08-31 10:00:31 - enhanced_trader - INFO - Getting PPO prediction for LINKEUR...
2025-08-31 10:00:31 - validation_logger - INFO - Schema validation with low confidence: {"event_type": "schema_decision", "symbol": "LINKEUR", "model_type": "ppo", "decision": "accept", "method": "comprehensive", "confidence": 0.0, "processing_time_ms": 10.684728622436523, "action": "accept"}
2025-08-31 10:00:31 - enhanced_trader - INFO - PPO prediction for LINKEUR: 0.0004270061552524567
2025-08-31 10:00:31 - enhanced_trader - INFO - Combining predictions for LINKEUR: [('gru', 8.562141010770574e-05), ('lightgbm', 0.0001622937974817684), ('ppo', 0.0004270061552524567)]
2025-08-31 10:00:31 - enhanced_trader - INFO - Completed signal generation for LINKEUR: 0
2025-08-31 10:00:31 - enhanced_trader - INFO - Signal generation completed for all symbols: {'BTCEUR': 0, 'ETHEUR': 0, 'ADAEUR': 1, 'DOTEUR': 1, 'LINKEUR': 0}
2025-08-31 10:00:31 - enhanced_trader - INFO - BUY ADAEUR: amt=1145.628215 @ 0.7068 cost=810.94 bal=7286.36
2025-08-31 10:00:31 - enhanced_trader - INFO - BUY DOTEUR: amt=222.824331 @ 3.2700 cost=729.73 bal=6556.63
2025-08-31 10:00:31 - enhanced_trader - INFO - Next 30m candle trade: 1784s (at 10:30:15) includes 15s buffer for fresh data
2025-08-31 10:00:31 - enhanced_trader - INFO - Waiting 1784 seconds until next 30m candle
2025-08-31 10:00:31 - httpx - INFO - HTTP Request: POST https://api.telegram.org/bot7733436451:AAH6Sls8uL4fEgd6Ty7VEKSBIMauhaVkN4c/sendMessage "HTTP/1.1 200 OK"
2025-08-31 10:00:32 - httpx - INFO - HTTP Request: POST https://api.telegram.org/bot7733436451:AAH6Sls8uL4fEgd6Ty7VEKSBIMauhaVkN4c/sendMessage "HTTP/1.1 200 OK"
2025-08-31 10:00:33 - httpx - INFO - HTTP Request: POST https://api.telegram.org/bot7733436451:AAH6Sls8uL4fEgd6Ty7VEKSBIMauhaVkN4c/sendMessage "HTTP/1.1 200 OK"
2025-08-31 10:30:25 - enhanced_trader - INFO - Fetching 30m candles for DOTEUR: 26s since last boundary, next boundary in 1774s
2025-08-31 10:30:26 - enhanced_trader - INFO - Latest 30m candle for DOTEUR: 10:30 UTC (0.4 minutes ago)
2025-08-31 10:30:26 - enhanced_trader - INFO - Fetching 30m candles for ETHEUR: 27s since last boundary, next boundary in 1773s
2025-08-31 10:30:26 - enhanced_trader - INFO - Successfully fetched 300 records for DOTEUR
2025-08-31 10:30:26 - enhanced_trader - INFO - Fetching 30m candles for BTCEUR: 27s since last boundary, next boundary in 1773s
2025-08-31 10:30:26 - enhanced_trader - INFO - Fetching 30m candles for ADAEUR: 27s since last boundary, next boundary in 1773s
2025-08-31 10:30:26 - src.data_pipeline.features - INFO - Generating features for 300 records
2025-08-31 10:30:26 - enhanced_trader - INFO - Fetching 30m candles for LINKEUR: 27s since last boundary, next boundary in 1773s
2025-08-31 10:30:26 - src.data_pipeline.features - INFO - Validating and cleaning source data...
2025-08-31 10:30:26 - enhanced_trader - INFO - Latest 30m candle for ETHEUR: 10:30 UTC (0.4 minutes ago)
2025-08-31 10:30:26 - src.data_pipeline.features - WARNING - Using absolute bounds for open due to corrupted statistics
2025-08-31 10:30:26 - src.data_pipeline.features - WARNING - Using absolute bounds for high due to corrupted statistics
2025-08-31 10:30:26 - enhanced_trader - INFO - Successfully fetched 300 records for ETHEUR
2025-08-31 10:30:26 - src.data_pipeline.features - WARNING - Using absolute bounds for low due to corrupted statistics
2025-08-31 10:30:27 - src.data_pipeline.features - INFO - Generating features for 300 records
2025-08-31 10:30:27 - src.data_pipeline.features - INFO - Validating and cleaning source data...
2025-08-31 10:30:27 - src.data_pipeline.features - WARNING - Using absolute bounds for close due to corrupted statistics
2025-08-31 10:30:27 - src.data_pipeline.features - INFO - Source data validation and cleaning completed
2025-08-31 10:30:27 - src.data_pipeline.features - INFO - Source data validation and cleaning completed
2025-08-31 10:30:27 - src.data_pipeline.features - INFO - Applied intermediate validation after price features: clipped 1 features
2025-08-31 10:30:27 - src.data_pipeline.features - INFO - Applied intermediate validation after price features: clipped 1 features
2025-08-31 10:30:27 - enhanced_trader - INFO - Latest 30m candle for ADAEUR: 10:30 UTC (0.5 minutes ago)
2025-08-31 10:30:27 - enhanced_trader - INFO - Latest 30m candle for BTCEUR: 10:30 UTC (0.5 minutes ago)
2025-08-31 10:30:27 - enhanced_trader - INFO - Latest 30m candle for LINKEUR: 10:30 UTC (0.5 minutes ago)
2025-08-31 10:30:27 - enhanced_trader - INFO - Successfully fetched 300 records for ADAEUR
2025-08-31 10:30:27 - enhanced_trader - INFO - Successfully fetched 300 records for BTCEUR
2025-08-31 10:30:27 - src.data_pipeline.features - INFO - Generating features for 300 records
2025-08-31 10:30:27 - src.data_pipeline.features - INFO - Generating features for 300 records
2025-08-31 10:30:27 - src.data_pipeline.features - INFO - Validating and cleaning source data...
2025-08-31 10:30:27 - src.data_pipeline.features - INFO - Validating and cleaning source data...
2025-08-31 10:30:27 - enhanced_trader - INFO - Successfully fetched 300 records for LINKEUR
2025-08-31 10:30:27 - src.data_pipeline.features - WARNING - Using absolute bounds for open due to corrupted statistics
2025-08-31 10:30:27 - src.data_pipeline.features - INFO - Generating features for 300 records
2025-08-31 10:30:27 - src.data_pipeline.features - INFO - Validating and cleaning source data...
2025-08-31 10:30:27 - src.data_pipeline.features - WARNING - Using absolute bounds for high due to corrupted statistics
2025-08-31 10:30:27 - src.data_pipeline.features - WARNING - Using absolute bounds for low due to corrupted statistics
2025-08-31 10:30:27 - src.data_pipeline.features - WARNING - Using absolute bounds for open due to corrupted statistics
2025-08-31 10:30:27 - src.data_pipeline.features - INFO - Source data validation and cleaning completed
2025-08-31 10:30:27 - src.data_pipeline.features - WARNING - Using absolute bounds for close due to corrupted statistics
2025-08-31 10:30:27 - src.data_pipeline.features - WARNING - Using absolute bounds for high due to corrupted statistics
2025-08-31 10:30:28 - src.data_pipeline.features - INFO - Source data validation and cleaning completed
2025-08-31 10:30:28 - src.data_pipeline.features - WARNING - Using absolute bounds for low due to corrupted statistics
2025-08-31 10:30:28 - src.data_pipeline.features - INFO - Applied intermediate validation after technical indicators: clipped 1 features
2025-08-31 10:30:28 - src.data_pipeline.features - WARNING - Using absolute bounds for close due to corrupted statistics
2025-08-31 10:30:28 - src.data_pipeline.features - INFO - Applied intermediate validation after price features: clipped 1 features
2025-08-31 10:30:28 - src.data_pipeline.features - WARNING - Large volume spike detected - max: 83405.15, median: 746.41
2025-08-31 10:30:28 - src.data_pipeline.features - INFO - Applied intermediate validation after technical indicators: clipped 1 features
2025-08-31 10:30:28 - src.data_pipeline.features - INFO - Source data validation and cleaning completed
2025-08-31 10:30:28 - src.data_pipeline.features - INFO - Applied intermediate validation after price features: clipped 4 features
2025-08-31 10:30:28 - src.data_pipeline.features - INFO - Applied intermediate validation after price features: clipped 1 features
2025-08-31 10:30:29 - src.data_pipeline.features - INFO - Applied intermediate validation after technical indicators: clipped 1 features
2025-08-31 10:30:29 - src.data_pipeline.features - INFO - Applied intermediate validation after technical indicators: clipped 1 features
2025-08-31 10:30:30 - src.data_pipeline.features - INFO - Applied intermediate validation after volume features: clipped 1 features
2025-08-31 10:30:30 - src.data_pipeline.features - INFO - Applied intermediate validation after technical indicators: clipped 1 features
2025-08-31 10:30:30 - src.data_pipeline.features - INFO - Applied intermediate validation after volatility features: clipped 1 features
2025-08-31 10:30:30 - src.data_pipeline.features - INFO - Applying robust feature validation...
2025-08-31 10:30:30 - src.data_pipeline.features - INFO - Applying robust feature validation...
2025-08-31 10:30:31 - src.data_pipeline.features - INFO - Applying robust feature validation...
2025-08-31 10:30:31 - src.data_pipeline.features - INFO - Applied intermediate validation after advanced features: clipped 1 features
2025-08-31 10:30:31 - src.data_pipeline.features - INFO - Applying robust feature validation...
2025-08-31 10:30:31 - src.data_pipeline.features - INFO - Feature validation completed - max absolute value: 150000.000000
2025-08-31 10:30:31 - src.data_pipeline.features - INFO - Generated 113 new features
2025-08-31 10:30:31 - src.data_pipeline.features - INFO - Final data validation: NaN=0, Inf=0
2025-08-31 10:30:31 - src.data_pipeline.features - INFO - Applying robust feature validation...
2025-08-31 10:30:31 - enhanced_trader - INFO - Fetched 300 records for ETHEUR (parallel)
2025-08-31 10:30:31 - src.data_pipeline.features - INFO - Feature validation completed - max absolute value: 150000.000000
2025-08-31 10:30:31 - src.data_pipeline.features - INFO - Generated 113 new features
2025-08-31 10:30:31 - src.data_pipeline.features - INFO - Final data validation: NaN=0, Inf=0
2025-08-31 10:30:31 - enhanced_trader - INFO - Fetched 300 records for DOTEUR (parallel)
2025-08-31 10:30:31 - src.data_pipeline.features - INFO - Feature validation completed - max absolute value: 150000.000000
2025-08-31 10:30:31 - src.data_pipeline.features - INFO - Generated 113 new features
2025-08-31 10:30:32 - src.data_pipeline.features - INFO - Final data validation: NaN=0, Inf=0
2025-08-31 10:30:32 - enhanced_trader - INFO - Fetched 300 records for BTCEUR (parallel)
2025-08-31 10:30:32 - src.data_pipeline.features - INFO - Feature validation completed - max absolute value: 500000.000000
2025-08-31 10:30:32 - src.data_pipeline.features - INFO - Generated 113 new features
2025-08-31 10:30:32 - src.data_pipeline.features - INFO - Final data validation: NaN=0, Inf=0
2025-08-31 10:30:32 - enhanced_trader - INFO - Fetched 300 records for ADAEUR (parallel)
2025-08-31 10:30:32 - src.data_pipeline.features - INFO - Feature validation completed - max absolute value: 150000.000000
2025-08-31 10:30:32 - src.data_pipeline.features - INFO - Generated 113 new features
2025-08-31 10:30:32 - src.data_pipeline.features - INFO - Final data validation: NaN=0, Inf=0
2025-08-31 10:30:32 - enhanced_trader - INFO - Fetched 300 records for LINKEUR (parallel)
2025-08-31 10:30:32 - enhanced_trader - INFO - Generating signals for 5 symbols
2025-08-31 10:30:32 - enhanced_trader - INFO - Processing signal generation for BTCEUR...
2025-08-31 10:30:32 - enhanced_trader - INFO - Preparing features for BTCEUR...
2025-08-31 10:30:32 - enhanced_trader - INFO - Starting model predictions for BTCEUR...
2025-08-31 10:30:32 - enhanced_trader - INFO - Getting GRU prediction for BTCEUR...
2025-08-31 10:30:32 - src.data_pipeline.feature_selector - INFO - Aligning features for gru_BTCEUR
2025-08-31 10:30:32 - src.data_pipeline.feature_selector - INFO - Using dynamic default feature count 113 for gru
2025-08-31 10:30:32 - src.data_pipeline.feature_selector - INFO - Intelligent selection: 113 -> 113 features for gru_BTCEUR
2025-08-31 10:30:32 - src.data_pipeline.features - INFO - Feature selector aligned 113 features for gru_BTCEUR
2025-08-31 10:30:32 - validation_logger - INFO - Schema validation with low confidence: {"event_type": "schema_decision", "symbol": "BTCEUR", "model_type": "gru", "decision": "accept", "method": "comprehensive", "confidence": 0.0, "processing_time_ms": 37.37211227416992, "action": "accept"}
2025-08-31 10:30:32 - enhanced_trader - INFO - GRU prediction for BTCEUR: 8.010265446500853e-05
2025-08-31 10:30:32 - enhanced_trader - INFO - Getting LightGBM prediction for BTCEUR...
2025-08-31 10:30:32 - src.data_pipeline.feature_selector - INFO - Aligning features for lightgbm_BTCEUR
2025-08-31 10:30:32 - src.data_pipeline.feature_selector - INFO - Using dynamic default feature count 113 for lightgbm
2025-08-31 10:30:32 - src.data_pipeline.feature_selector - INFO - Intelligent selection: 113 -> 113 features for lightgbm_BTCEUR
2025-08-31 10:30:32 - src.data_pipeline.features - INFO - Feature selector aligned 113 features for lightgbm_BTCEUR
2025-08-31 10:30:32 - validation_logger - INFO - Schema validation with low confidence: {"event_type": "schema_decision", "symbol": "BTCEUR", "model_type": "lightgbm", "decision": "accept", "method": "comprehensive", "confidence": 0.0, "processing_time_ms": 24.56212043762207, "action": "accept"}
2025-08-31 10:30:32 - enhanced_trader - INFO - LightGBM prediction for BTCEUR: 0.0006767439337909213
2025-08-31 10:30:32 - enhanced_trader - INFO - Getting PPO prediction for BTCEUR...
2025-08-31 10:30:32 - validation_logger - INFO - Schema validation with low confidence: {"event_type": "schema_decision", "symbol": "BTCEUR", "model_type": "ppo", "decision": "accept", "method": "comprehensive", "confidence": 0.0, "processing_time_ms": 7.978677749633789, "action": "accept"}
2025-08-31 10:30:32 - enhanced_trader - INFO - PPO prediction for BTCEUR: 0.00040145906805992126
2025-08-31 10:30:32 - enhanced_trader - INFO - Combining predictions for BTCEUR: [('gru', 8.010265446500853e-05), ('lightgbm', 0.0006767439337909213), ('ppo', 0.00040145906805992126)]
2025-08-31 10:30:32 - enhanced_trader - INFO - Completed signal generation for BTCEUR: 0
2025-08-31 10:30:32 - enhanced_trader - INFO - Processing signal generation for ETHEUR...
2025-08-31 10:30:32 - enhanced_trader - INFO - Preparing features for ETHEUR...
2025-08-31 10:30:32 - enhanced_trader - INFO - Starting model predictions for ETHEUR...
2025-08-31 10:30:32 - enhanced_trader - INFO - Getting GRU prediction for ETHEUR...
2025-08-31 10:30:32 - src.data_pipeline.feature_selector - INFO - Aligning features for gru_ETHEUR
2025-08-31 10:30:32 - src.data_pipeline.feature_selector - INFO - Using dynamic default feature count 113 for gru
2025-08-31 10:30:32 - src.data_pipeline.feature_selector - INFO - Intelligent selection: 113 -> 113 features for gru_ETHEUR
2025-08-31 10:30:32 - src.data_pipeline.features - INFO - Feature selector aligned 113 features for gru_ETHEUR
2025-08-31 10:30:32 - validation_logger - INFO - Schema validation with low confidence: {"event_type": "schema_decision", "symbol": "ETHEUR", "model_type": "gru", "decision": "accept", "method": "comprehensive", "confidence": 0.0, "processing_time_ms": 25.7871150970459, "action": "accept"}
2025-08-31 10:30:32 - enhanced_trader - INFO - GRU prediction for ETHEUR: 6.480143201770261e-05
2025-08-31 10:30:32 - enhanced_trader - INFO - Getting LightGBM prediction for ETHEUR...
2025-08-31 10:30:32 - src.data_pipeline.feature_selector - INFO - Aligning features for lightgbm_ETHEUR
2025-08-31 10:30:32 - src.data_pipeline.feature_selector - INFO - Using dynamic default feature count 113 for lightgbm
2025-08-31 10:30:32 - src.data_pipeline.feature_selector - INFO - Intelligent selection: 113 -> 113 features for lightgbm_ETHEUR
2025-08-31 10:30:32 - src.data_pipeline.features - INFO - Feature selector aligned 113 features for lightgbm_ETHEUR
2025-08-31 10:30:32 - validation_logger - INFO - Schema validation with low confidence: {"event_type": "schema_decision", "symbol": "ETHEUR", "model_type": "lightgbm", "decision": "accept", "method": "comprehensive", "confidence": 0.0, "processing_time_ms": 27.825593948364258, "action": "accept"}
2025-08-31 10:30:32 - enhanced_trader - INFO - LightGBM prediction for ETHEUR: 0.00036156868309249256
2025-08-31 10:30:32 - enhanced_trader - INFO - Getting PPO prediction for ETHEUR...
2025-08-31 10:30:32 - validation_logger - INFO - Schema validation with low confidence: {"event_type": "schema_decision", "symbol": "ETHEUR", "model_type": "ppo", "decision": "accept", "method": "comprehensive", "confidence": 0.0, "processing_time_ms": 10.389328002929688, "action": "accept"}
2025-08-31 10:30:32 - enhanced_trader - INFO - PPO prediction for ETHEUR: -0.000814748764038086
2025-08-31 10:30:32 - enhanced_trader - INFO - Combining predictions for ETHEUR: [('gru', 6.480143201770261e-05), ('lightgbm', 0.00036156868309249256), ('ppo', -0.000814748764038086)]
2025-08-31 10:30:32 - enhanced_trader - INFO - Completed signal generation for ETHEUR: 0
2025-08-31 10:30:32 - enhanced_trader - INFO - Processing signal generation for ADAEUR...
2025-08-31 10:30:32 - enhanced_trader - INFO - Preparing features for ADAEUR...
2025-08-31 10:30:32 - enhanced_trader - INFO - Starting model predictions for ADAEUR...
2025-08-31 10:30:32 - enhanced_trader - INFO - Getting GRU prediction for ADAEUR...
2025-08-31 10:30:32 - src.data_pipeline.feature_selector - INFO - Aligning features for gru_ADAEUR
2025-08-31 10:30:32 - src.data_pipeline.feature_selector - INFO - Using dynamic default feature count 113 for gru
2025-08-31 10:30:32 - src.data_pipeline.feature_selector - INFO - Intelligent selection: 113 -> 113 features for gru_ADAEUR
2025-08-31 10:30:32 - src.data_pipeline.features - INFO - Feature selector aligned 113 features for gru_ADAEUR
2025-08-31 10:30:32 - validation_logger - INFO - Schema validation with low confidence: {"event_type": "schema_decision", "symbol": "ADAEUR", "model_type": "gru", "decision": "accept", "method": "comprehensive", "confidence": 0.0, "processing_time_ms": 25.115489959716797, "action": "accept"}
2025-08-31 10:30:32 - enhanced_trader - INFO - GRU prediction for ADAEUR: 0.000116837712994311
2025-08-31 10:30:32 - enhanced_trader - INFO - Getting LightGBM prediction for ADAEUR...
2025-08-31 10:30:32 - src.data_pipeline.feature_selector - INFO - Aligning features for lightgbm_ADAEUR
2025-08-31 10:30:32 - src.data_pipeline.feature_selector - INFO - Using dynamic default feature count 113 for lightgbm
2025-08-31 10:30:32 - src.data_pipeline.feature_selector - INFO - Intelligent selection: 113 -> 113 features for lightgbm_ADAEUR
2025-08-31 10:30:32 - src.data_pipeline.features - INFO - Feature selector aligned 113 features for lightgbm_ADAEUR
2025-08-31 10:30:32 - validation_logger - INFO - Schema validation with low confidence: {"event_type": "schema_decision", "symbol": "ADAEUR", "model_type": "lightgbm", "decision": "accept", "method": "comprehensive", "confidence": 0.0, "processing_time_ms": 31.043529510498047, "action": "accept"}
2025-08-31 10:30:32 - enhanced_trader - INFO - LightGBM prediction for ADAEUR: 0.0037230782931399614
2025-08-31 10:30:32 - enhanced_trader - INFO - Getting PPO prediction for ADAEUR...
2025-08-31 10:30:32 - validation_logger - INFO - Schema validation with low confidence: {"event_type": "schema_decision", "symbol": "ADAEUR", "model_type": "ppo", "decision": "accept", "method": "comprehensive", "confidence": 0.0, "processing_time_ms": 7.382869720458984, "action": "accept"}
2025-08-31 10:30:32 - enhanced_trader - INFO - PPO prediction for ADAEUR: -0.0001423120051622391
2025-08-31 10:30:32 - enhanced_trader - INFO - Combining predictions for ADAEUR: [('gru', 0.000116837712994311), ('lightgbm', 0.0037230782931399614), ('ppo', -0.0001423120051622391)]
2025-08-31 10:30:32 - enhanced_trader - INFO - Completed signal generation for ADAEUR: 1
2025-08-31 10:30:32 - enhanced_trader - INFO - Processing signal generation for DOTEUR...
2025-08-31 10:30:32 - enhanced_trader - INFO - Preparing features for DOTEUR...
2025-08-31 10:30:32 - enhanced_trader - INFO - Starting model predictions for DOTEUR...
2025-08-31 10:30:32 - enhanced_trader - INFO - Getting GRU prediction for DOTEUR...
2025-08-31 10:30:32 - src.data_pipeline.feature_selector - INFO - Aligning features for gru_DOTEUR
2025-08-31 10:30:32 - src.data_pipeline.feature_selector - INFO - Using dynamic default feature count 113 for gru
2025-08-31 10:30:32 - src.data_pipeline.feature_selector - INFO - Intelligent selection: 113 -> 113 features for gru_DOTEUR
2025-08-31 10:30:32 - src.data_pipeline.features - INFO - Feature selector aligned 113 features for gru_DOTEUR
2025-08-31 10:30:32 - validation_logger - INFO - Schema validation with low confidence: {"event_type": "schema_decision", "symbol": "DOTEUR", "model_type": "gru", "decision": "accept", "method": "comprehensive", "confidence": 0.0, "processing_time_ms": 33.14375877380371, "action": "accept"}
2025-08-31 10:30:32 - enhanced_trader - INFO - GRU prediction for DOTEUR: 7.679383270442486e-05
2025-08-31 10:30:32 - enhanced_trader - INFO - Getting LightGBM prediction for DOTEUR...
2025-08-31 10:30:32 - src.data_pipeline.feature_selector - INFO - Aligning features for lightgbm_DOTEUR
2025-08-31 10:30:32 - src.data_pipeline.feature_selector - INFO - Using dynamic default feature count 113 for lightgbm
2025-08-31 10:30:32 - src.data_pipeline.feature_selector - INFO - Intelligent selection: 113 -> 113 features for lightgbm_DOTEUR
2025-08-31 10:30:32 - src.data_pipeline.features - INFO - Feature selector aligned 113 features for lightgbm_DOTEUR
2025-08-31 10:30:32 - validation_logger - INFO - Schema validation with low confidence: {"event_type": "schema_decision", "symbol": "DOTEUR", "model_type": "lightgbm", "decision": "accept", "method": "comprehensive", "confidence": 0.0, "processing_time_ms": 31.75640106201172, "action": "accept"}
2025-08-31 10:30:32 - enhanced_trader - INFO - LightGBM prediction for DOTEUR: 0.0031007750699027408
2025-08-31 10:30:32 - enhanced_trader - INFO - Getting PPO prediction for DOTEUR...
2025-08-31 10:30:32 - validation_logger - INFO - Schema validation with low confidence: {"event_type": "schema_decision", "symbol": "DOTEUR", "model_type": "ppo", "decision": "accept", "method": "comprehensive", "confidence": 0.0, "processing_time_ms": 11.526107788085938, "action": "accept"}
2025-08-31 10:30:32 - enhanced_trader - INFO - PPO prediction for DOTEUR: 0.0009959999918937683
2025-08-31 10:30:32 - enhanced_trader - INFO - Combining predictions for DOTEUR: [('gru', 7.679383270442486e-05), ('lightgbm', 0.0031007750699027408), ('ppo', 0.0009959999918937683)]
2025-08-31 10:30:32 - enhanced_trader - INFO - Completed signal generation for DOTEUR: 1
2025-08-31 10:30:32 - enhanced_trader - INFO - Processing signal generation for LINKEUR...
2025-08-31 10:30:32 - enhanced_trader - INFO - Preparing features for LINKEUR...
2025-08-31 10:30:32 - enhanced_trader - INFO - Starting model predictions for LINKEUR...
2025-08-31 10:30:32 - enhanced_trader - INFO - Getting GRU prediction for LINKEUR...
2025-08-31 10:30:32 - src.data_pipeline.feature_selector - INFO - Aligning features for gru_LINKEUR
2025-08-31 10:30:32 - src.data_pipeline.feature_selector - INFO - Using dynamic default feature count 113 for gru
2025-08-31 10:30:32 - src.data_pipeline.feature_selector - INFO - Intelligent selection: 113 -> 113 features for gru_LINKEUR
2025-08-31 10:30:32 - src.data_pipeline.features - INFO - Feature selector aligned 113 features for gru_LINKEUR
2025-08-31 10:30:32 - validation_logger - INFO - Schema validation with low confidence: {"event_type": "schema_decision", "symbol": "LINKEUR", "model_type": "gru", "decision": "accept", "method": "comprehensive", "confidence": 0.0, "processing_time_ms": 29.194116592407227, "action": "accept"}
2025-08-31 10:30:32 - enhanced_trader - INFO - GRU prediction for LINKEUR: 8.562141010770574e-05
2025-08-31 10:30:32 - enhanced_trader - INFO - Getting LightGBM prediction for LINKEUR...
2025-08-31 10:30:32 - src.data_pipeline.feature_selector - INFO - Aligning features for lightgbm_LINKEUR
2025-08-31 10:30:32 - src.data_pipeline.feature_selector - INFO - Using dynamic default feature count 113 for lightgbm
2025-08-31 10:30:32 - src.data_pipeline.feature_selector - INFO - Intelligent selection: 113 -> 113 features for lightgbm_LINKEUR
2025-08-31 10:30:32 - src.data_pipeline.features - INFO - Feature selector aligned 113 features for lightgbm_LINKEUR
2025-08-31 10:30:32 - validation_logger - INFO - Schema validation with low confidence: {"event_type": "schema_decision", "symbol": "LINKEUR", "model_type": "lightgbm", "decision": "accept", "method": "comprehensive", "confidence": 0.0, "processing_time_ms": 38.750648498535156, "action": "accept"}
2025-08-31 10:30:32 - enhanced_trader - INFO - LightGBM prediction for LINKEUR: 0.0012435534743141915
2025-08-31 10:30:32 - enhanced_trader - INFO - Getting PPO prediction for LINKEUR...
2025-08-31 10:30:32 - validation_logger - INFO - Schema validation with low confidence: {"event_type": "schema_decision", "symbol": "LINKEUR", "model_type": "ppo", "decision": "accept", "method": "comprehensive", "confidence": 0.0, "processing_time_ms": 11.912107467651367, "action": "accept"}
2025-08-31 10:30:32 - enhanced_trader - INFO - PPO prediction for LINKEUR: 0.0003415372371673584
2025-08-31 10:30:32 - enhanced_trader - INFO - Combining predictions for LINKEUR: [('gru', 8.562141010770574e-05), ('lightgbm', 0.0012435534743141915), ('ppo', 0.0003415372371673584)]
2025-08-31 10:30:32 - enhanced_trader - INFO - Completed signal generation for LINKEUR: 0
2025-08-31 10:30:32 - enhanced_trader - INFO - Signal generation completed for all symbols: {'BTCEUR': 0, 'ETHEUR': 0, 'ADAEUR': 1, 'DOTEUR': 1, 'LINKEUR': 0}
2025-08-31 10:30:32 - enhanced_trader - INFO - BUY ADAEUR: amt=933.460577 @ 0.7024 cost=656.65 bal=5899.98
2025-08-31 10:30:32 - enhanced_trader - INFO - BUY DOTEUR: amt=181.259014 @ 3.2550 cost=590.88 bal=5309.10
2025-08-31 10:30:32 - enhanced_trader - INFO - Next 30m candle trade: 1783s (at 11:00:15) includes 15s buffer for fresh data
2025-08-31 10:30:32 - enhanced_trader - INFO - Waiting 1783 seconds until next 30m candle
2025-08-31 10:30:32 - httpx - INFO - HTTP Request: POST https://api.telegram.org/bot7733436451:AAH6Sls8uL4fEgd6Ty7VEKSBIMauhaVkN4c/sendMessage "HTTP/1.1 200 OK"
2025-08-31 10:30:33 - httpx - INFO - HTTP Request: POST https://api.telegram.org/bot7733436451:AAH6Sls8uL4fEgd6Ty7VEKSBIMauhaVkN4c/sendMessage "HTTP/1.1 200 OK"
2025-08-31 10:30:34 - httpx - INFO - HTTP Request: POST https://api.telegram.org/bot7733436451:AAH6Sls8uL4fEgd6Ty7VEKSBIMauhaVkN4c/sendMessage "HTTP/1.1 200 OK"
2025-08-31 11:00:24 - enhanced_trader - INFO - Fetching 30m candles for ADAEUR: 25s since last boundary, next boundary in 1775s
2025-08-31 11:00:24 - enhanced_trader - INFO - Fetching 30m candles for DOTEUR: 25s since last boundary, next boundary in 1775s
2025-08-31 11:00:25 - enhanced_trader - INFO - Latest 30m candle for ADAEUR: 11:00 UTC (0.4 minutes ago)
2025-08-31 11:00:25 - enhanced_trader - INFO - Latest 30m candle for DOTEUR: 11:00 UTC (0.4 minutes ago)
2025-08-31 11:00:25 - enhanced_trader - INFO - Successfully fetched 300 records for ADAEUR
2025-08-31 11:00:25 - enhanced_trader - INFO - Successfully fetched 300 records for DOTEUR
2025-08-31 11:00:25 - enhanced_trader - INFO - Fetching 30m candles for BTCEUR: 25s since last boundary, next boundary in 1775s
2025-08-31 11:00:25 - src.data_pipeline.features - INFO - Generating features for 300 records
2025-08-31 11:00:25 - src.data_pipeline.features - INFO - Generating features for 300 records
2025-08-31 11:00:25 - src.data_pipeline.features - INFO - Validating and cleaning source data...
2025-08-31 11:00:25 - src.data_pipeline.features - INFO - Validating and cleaning source data...
2025-08-31 11:00:25 - enhanced_trader - INFO - Fetching 30m candles for ETHEUR: 26s since last boundary, next boundary in 1774s
2025-08-31 11:00:25 - src.data_pipeline.features - WARNING - Using absolute bounds for open due to corrupted statistics
2025-08-31 11:00:25 - enhanced_trader - INFO - Fetching 30m candles for LINKEUR: 26s since last boundary, next boundary in 1774s
2025-08-31 11:00:25 - src.data_pipeline.features - WARNING - Using absolute bounds for high due to corrupted statistics
2025-08-31 11:00:25 - src.data_pipeline.features - WARNING - Using absolute bounds for open due to corrupted statistics
2025-08-31 11:00:25 - src.data_pipeline.features - WARNING - Using absolute bounds for low due to corrupted statistics
2025-08-31 11:00:25 - src.data_pipeline.features - WARNING - Using absolute bounds for high due to corrupted statistics
2025-08-31 11:00:25 - src.data_pipeline.features - WARNING - Using absolute bounds for close due to corrupted statistics
2025-08-31 11:00:25 - src.data_pipeline.features - INFO - Source data validation and cleaning completed
2025-08-31 11:00:25 - src.data_pipeline.features - WARNING - Using absolute bounds for low due to corrupted statistics
2025-08-31 11:00:25 - src.data_pipeline.features - WARNING - Using absolute bounds for close due to corrupted statistics
2025-08-31 11:00:25 - enhanced_trader - INFO - Latest 30m candle for BTCEUR: 11:00 UTC (0.4 minutes ago)
2025-08-31 11:00:25 - src.data_pipeline.features - INFO - Applied intermediate validation after price features: clipped 1 features
2025-08-31 11:00:25 - src.data_pipeline.features - INFO - Source data validation and cleaning completed
2025-08-31 11:00:25 - enhanced_trader - INFO - Successfully fetched 300 records for BTCEUR
2025-08-31 11:00:26 - src.data_pipeline.features - INFO - Generating features for 300 records
2025-08-31 11:00:26 - src.data_pipeline.features - INFO - Validating and cleaning source data...
2025-08-31 11:00:26 - enhanced_trader - INFO - Latest 30m candle for ETHEUR: 11:00 UTC (0.4 minutes ago)
2025-08-31 11:00:26 - enhanced_trader - INFO - Latest 30m candle for LINKEUR: 11:00 UTC (0.4 minutes ago)
2025-08-31 11:00:26 - enhanced_trader - INFO - Successfully fetched 300 records for LINKEUR
2025-08-31 11:00:26 - enhanced_trader - INFO - Successfully fetched 300 records for ETHEUR
2025-08-31 11:00:26 - src.data_pipeline.features - INFO - Source data validation and cleaning completed
2025-08-31 11:00:26 - src.data_pipeline.features - INFO - Applied intermediate validation after price features: clipped 4 features
2025-08-31 11:00:26 - src.data_pipeline.features - INFO - Generating features for 300 records
2025-08-31 11:00:26 - src.data_pipeline.features - INFO - Validating and cleaning source data...
2025-08-31 11:00:26 - src.data_pipeline.features - INFO - Generating features for 300 records
2025-08-31 11:00:26 - src.data_pipeline.features - INFO - Validating and cleaning source data...
2025-08-31 11:00:26 - src.data_pipeline.features - WARNING - Using absolute bounds for open due to corrupted statistics
2025-08-31 11:00:26 - src.data_pipeline.features - WARNING - Using absolute bounds for high due to corrupted statistics
2025-08-31 11:00:26 - src.data_pipeline.features - WARNING - Using absolute bounds for low due to corrupted statistics
2025-08-31 11:00:26 - src.data_pipeline.features - INFO - Applied intermediate validation after price features: clipped 1 features
2025-08-31 11:00:26 - src.data_pipeline.features - INFO - Source data validation and cleaning completed
2025-08-31 11:00:26 - src.data_pipeline.features - WARNING - Using absolute bounds for close due to corrupted statistics
2025-08-31 11:00:27 - src.data_pipeline.features - WARNING - Large volume spike detected - max: 83405.15, median: 737.94
2025-08-31 11:00:27 - src.data_pipeline.features - INFO - Source data validation and cleaning completed
2025-08-31 11:00:27 - src.data_pipeline.features - INFO - Applied intermediate validation after technical indicators: clipped 1 features
2025-08-31 11:00:27 - src.data_pipeline.features - INFO - Applied intermediate validation after price features: clipped 1 features
2025-08-31 11:00:27 - src.data_pipeline.features - INFO - Applied intermediate validation after price features: clipped 1 features
2025-08-31 11:00:27 - src.data_pipeline.features - INFO - Applied intermediate validation after technical indicators: clipped 1 features
2025-08-31 11:00:27 - src.data_pipeline.features - INFO - Applied intermediate validation after technical indicators: clipped 1 features
2025-08-31 11:00:28 - src.data_pipeline.features - INFO - Applied intermediate validation after volume features: clipped 1 features
2025-08-31 11:00:28 - src.data_pipeline.features - INFO - Applied intermediate validation after volatility features: clipped 1 features
2025-08-31 11:00:28 - src.data_pipeline.features - INFO - Applied intermediate validation after technical indicators: clipped 1 features
2025-08-31 11:00:28 - src.data_pipeline.features - INFO - Applied intermediate validation after technical indicators: clipped 1 features
2025-08-31 11:00:29 - src.data_pipeline.features - INFO - Applying robust feature validation...
2025-08-31 11:00:30 - src.data_pipeline.features - INFO - Applying robust feature validation...
2025-08-31 11:00:30 - src.data_pipeline.features - INFO - Applied intermediate validation after advanced features: clipped 1 features
2025-08-31 11:00:30 - src.data_pipeline.features - INFO - Applying robust feature validation...
2025-08-31 11:00:30 - src.data_pipeline.features - INFO - Applying robust feature validation...
2025-08-31 11:00:30 - src.data_pipeline.features - INFO - Applying robust feature validation...
2025-08-31 11:00:31 - src.data_pipeline.features - INFO - Feature validation completed - max absolute value: 150000.000000
2025-08-31 11:00:31 - src.data_pipeline.features - INFO - Generated 113 new features
2025-08-31 11:00:31 - src.data_pipeline.features - INFO - Final data validation: NaN=0, Inf=0
2025-08-31 11:00:31 - enhanced_trader - INFO - Fetched 300 records for DOTEUR (parallel)
2025-08-31 11:00:31 - src.data_pipeline.features - INFO - Feature validation completed - max absolute value: 150000.000000
2025-08-31 11:00:31 - src.data_pipeline.features - INFO - Generated 113 new features
2025-08-31 11:00:31 - src.data_pipeline.features - INFO - Final data validation: NaN=0, Inf=0
2025-08-31 11:00:31 - enhanced_trader - INFO - Fetched 300 records for BTCEUR (parallel)
2025-08-31 11:00:31 - src.data_pipeline.features - INFO - Feature validation completed - max absolute value: 500000.000000
2025-08-31 11:00:31 - src.data_pipeline.features - INFO - Generated 113 new features
2025-08-31 11:00:31 - src.data_pipeline.features - INFO - Final data validation: NaN=0, Inf=0
2025-08-31 11:00:31 - enhanced_trader - INFO - Fetched 300 records for ADAEUR (parallel)
2025-08-31 11:00:31 - src.data_pipeline.features - INFO - Feature validation completed - max absolute value: 150000.000000
2025-08-31 11:00:31 - src.data_pipeline.features - INFO - Generated 113 new features
2025-08-31 11:00:31 - src.data_pipeline.features - INFO - Final data validation: NaN=0, Inf=0
2025-08-31 11:00:31 - enhanced_trader - INFO - Fetched 300 records for ETHEUR (parallel)
2025-08-31 11:00:31 - src.data_pipeline.features - INFO - Feature validation completed - max absolute value: 150000.000000
2025-08-31 11:00:31 - src.data_pipeline.features - INFO - Generated 113 new features
2025-08-31 11:00:31 - src.data_pipeline.features - INFO - Final data validation: NaN=0, Inf=0
2025-08-31 11:00:31 - enhanced_trader - INFO - Fetched 300 records for LINKEUR (parallel)
2025-08-31 11:00:31 - enhanced_trader - INFO - Generating signals for 5 symbols
2025-08-31 11:00:31 - enhanced_trader - INFO - Processing signal generation for BTCEUR...
2025-08-31 11:00:31 - enhanced_trader - INFO - Preparing features for BTCEUR...
2025-08-31 11:00:31 - enhanced_trader - INFO - Starting model predictions for BTCEUR...
2025-08-31 11:00:31 - enhanced_trader - INFO - Getting GRU prediction for BTCEUR...
2025-08-31 11:00:31 - src.data_pipeline.feature_selector - INFO - Aligning features for gru_BTCEUR
2025-08-31 11:00:31 - src.data_pipeline.feature_selector - INFO - Using dynamic default feature count 113 for gru
2025-08-31 11:00:31 - src.data_pipeline.feature_selector - INFO - Intelligent selection: 113 -> 113 features for gru_BTCEUR
2025-08-31 11:00:31 - src.data_pipeline.features - INFO - Feature selector aligned 113 features for gru_BTCEUR
2025-08-31 11:00:31 - validation_logger - INFO - Schema validation with low confidence: {"event_type": "schema_decision", "symbol": "BTCEUR", "model_type": "gru", "decision": "accept", "method": "comprehensive", "confidence": 0.0, "processing_time_ms": 33.17117691040039, "action": "accept"}
2025-08-31 11:00:31 - enhanced_trader - INFO - GRU prediction for BTCEUR: 8.010265446500853e-05
2025-08-31 11:00:31 - enhanced_trader - INFO - Getting LightGBM prediction for BTCEUR...
2025-08-31 11:00:31 - src.data_pipeline.feature_selector - INFO - Aligning features for lightgbm_BTCEUR
2025-08-31 11:00:31 - src.data_pipeline.feature_selector - INFO - Using dynamic default feature count 113 for lightgbm
2025-08-31 11:00:31 - src.data_pipeline.feature_selector - INFO - Intelligent selection: 113 -> 113 features for lightgbm_BTCEUR
2025-08-31 11:00:31 - src.data_pipeline.features - INFO - Feature selector aligned 113 features for lightgbm_BTCEUR
2025-08-31 11:00:31 - validation_logger - INFO - Schema validation with low confidence: {"event_type": "schema_decision", "symbol": "BTCEUR", "model_type": "lightgbm", "decision": "accept", "method": "comprehensive", "confidence": 0.0, "processing_time_ms": 35.71772575378418, "action": "accept"}
2025-08-31 11:00:31 - enhanced_trader - INFO - LightGBM prediction for BTCEUR: 0.0006767439337909213
2025-08-31 11:00:31 - enhanced_trader - INFO - Getting PPO prediction for BTCEUR...
2025-08-31 11:00:31 - validation_logger - INFO - Schema validation with low confidence: {"event_type": "schema_decision", "symbol": "BTCEUR", "model_type": "ppo", "decision": "accept", "method": "comprehensive", "confidence": 0.0, "processing_time_ms": 10.528802871704102, "action": "accept"}
2025-08-31 11:00:31 - enhanced_trader - INFO - PPO prediction for BTCEUR: 0.0003389720618724823
2025-08-31 11:00:31 - enhanced_trader - INFO - Combining predictions for BTCEUR: [('gru', 8.010265446500853e-05), ('lightgbm', 0.0006767439337909213), ('ppo', 0.0003389720618724823)]
2025-08-31 11:00:31 - enhanced_trader - INFO - Completed signal generation for BTCEUR: 0
2025-08-31 11:00:31 - enhanced_trader - INFO - Processing signal generation for ETHEUR...
2025-08-31 11:00:31 - enhanced_trader - INFO - Preparing features for ETHEUR...
2025-08-31 11:00:31 - enhanced_trader - INFO - Starting model predictions for ETHEUR...
2025-08-31 11:00:31 - enhanced_trader - INFO - Getting GRU prediction for ETHEUR...
2025-08-31 11:00:31 - src.data_pipeline.feature_selector - INFO - Aligning features for gru_ETHEUR
2025-08-31 11:00:31 - src.data_pipeline.feature_selector - INFO - Using dynamic default feature count 113 for gru
2025-08-31 11:00:31 - src.data_pipeline.feature_selector - INFO - Intelligent selection: 113 -> 113 features for gru_ETHEUR
2025-08-31 11:00:31 - src.data_pipeline.features - INFO - Feature selector aligned 113 features for gru_ETHEUR
2025-08-31 11:00:31 - validation_logger - INFO - Schema validation with low confidence: {"event_type": "schema_decision", "symbol": "ETHEUR", "model_type": "gru", "decision": "accept", "method": "comprehensive", "confidence": 0.0, "processing_time_ms": 37.36424446105957, "action": "accept"}
2025-08-31 11:00:31 - enhanced_trader - INFO - GRU prediction for ETHEUR: 6.480143201770261e-05
2025-08-31 11:00:31 - enhanced_trader - INFO - Getting LightGBM prediction for ETHEUR...
2025-08-31 11:00:31 - src.data_pipeline.feature_selector - INFO - Aligning features for lightgbm_ETHEUR
2025-08-31 11:00:31 - src.data_pipeline.feature_selector - INFO - Using dynamic default feature count 113 for lightgbm
2025-08-31 11:00:31 - src.data_pipeline.feature_selector - INFO - Intelligent selection: 113 -> 113 features for lightgbm_ETHEUR
2025-08-31 11:00:31 - src.data_pipeline.features - INFO - Feature selector aligned 113 features for lightgbm_ETHEUR
2025-08-31 11:00:31 - validation_logger - INFO - Schema validation with low confidence: {"event_type": "schema_decision", "symbol": "ETHEUR", "model_type": "lightgbm", "decision": "accept", "method": "comprehensive", "confidence": 0.0, "processing_time_ms": 33.068180084228516, "action": "accept"}
2025-08-31 11:00:31 - enhanced_trader - INFO - LightGBM prediction for ETHEUR: 0.00036156868309249256
2025-08-31 11:00:31 - enhanced_trader - INFO - Getting PPO prediction for ETHEUR...
2025-08-31 11:00:31 - validation_logger - INFO - Schema validation with low confidence: {"event_type": "schema_decision", "symbol": "ETHEUR", "model_type": "ppo", "decision": "accept", "method": "comprehensive", "confidence": 0.0, "processing_time_ms": 8.85629653930664, "action": "accept"}
2025-08-31 11:00:31 - enhanced_trader - INFO - PPO prediction for ETHEUR: -0.0005190807580947876
2025-08-31 11:00:31 - enhanced_trader - INFO - Combining predictions for ETHEUR: [('gru', 6.480143201770261e-05), ('lightgbm', 0.00036156868309249256), ('ppo', -0.0005190807580947876)]
2025-08-31 11:00:31 - enhanced_trader - INFO - Completed signal generation for ETHEUR: 0
2025-08-31 11:00:31 - enhanced_trader - INFO - Processing signal generation for ADAEUR...
2025-08-31 11:00:31 - enhanced_trader - INFO - Preparing features for ADAEUR...
2025-08-31 11:00:31 - enhanced_trader - INFO - Starting model predictions for ADAEUR...
2025-08-31 11:00:31 - enhanced_trader - INFO - Getting GRU prediction for ADAEUR...
2025-08-31 11:00:31 - src.data_pipeline.feature_selector - INFO - Aligning features for gru_ADAEUR
2025-08-31 11:00:31 - src.data_pipeline.feature_selector - INFO - Using dynamic default feature count 113 for gru
2025-08-31 11:00:31 - src.data_pipeline.feature_selector - INFO - Intelligent selection: 113 -> 113 features for gru_ADAEUR
2025-08-31 11:00:31 - src.data_pipeline.features - INFO - Feature selector aligned 113 features for gru_ADAEUR
2025-08-31 11:00:31 - validation_logger - INFO - Schema validation with low confidence: {"event_type": "schema_decision", "symbol": "ADAEUR", "model_type": "gru", "decision": "accept", "method": "comprehensive", "confidence": 0.0, "processing_time_ms": 40.308237075805664, "action": "accept"}
2025-08-31 11:00:31 - enhanced_trader - INFO - GRU prediction for ADAEUR: 0.000116837712994311
2025-08-31 11:00:31 - enhanced_trader - INFO - Getting LightGBM prediction for ADAEUR...
2025-08-31 11:00:31 - src.data_pipeline.feature_selector - INFO - Aligning features for lightgbm_ADAEUR
2025-08-31 11:00:31 - src.data_pipeline.feature_selector - INFO - Using dynamic default feature count 113 for lightgbm
2025-08-31 11:00:31 - src.data_pipeline.feature_selector - INFO - Intelligent selection: 113 -> 113 features for lightgbm_ADAEUR
2025-08-31 11:00:31 - src.data_pipeline.features - INFO - Feature selector aligned 113 features for lightgbm_ADAEUR
2025-08-31 11:00:31 - validation_logger - INFO - Schema validation with low confidence: {"event_type": "schema_decision", "symbol": "ADAEUR", "model_type": "lightgbm", "decision": "accept", "method": "comprehensive", "confidence": 0.0, "processing_time_ms": 30.231475830078125, "action": "accept"}
2025-08-31 11:00:31 - enhanced_trader - INFO - LightGBM prediction for ADAEUR: 0.0037230782931399614
2025-08-31 11:00:31 - enhanced_trader - INFO - Getting PPO prediction for ADAEUR...
2025-08-31 11:00:31 - validation_logger - INFO - Schema validation with low confidence: {"event_type": "schema_decision", "symbol": "ADAEUR", "model_type": "ppo", "decision": "accept", "method": "comprehensive", "confidence": 0.0, "processing_time_ms": 10.532855987548828, "action": "accept"}
2025-08-31 11:00:31 - enhanced_trader - INFO - PPO prediction for ADAEUR: -0.00012498780339956285
2025-08-31 11:00:31 - enhanced_trader - INFO - Combining predictions for ADAEUR: [('gru', 0.000116837712994311), ('lightgbm', 0.0037230782931399614), ('ppo', -0.00012498780339956285)]
2025-08-31 11:00:31 - enhanced_trader - INFO - Completed signal generation for ADAEUR: 1
2025-08-31 11:00:31 - enhanced_trader - INFO - Processing signal generation for DOTEUR...
2025-08-31 11:00:31 - enhanced_trader - INFO - Preparing features for DOTEUR...
2025-08-31 11:00:31 - enhanced_trader - INFO - Starting model predictions for DOTEUR...
2025-08-31 11:00:31 - enhanced_trader - INFO - Getting GRU prediction for DOTEUR...
2025-08-31 11:00:31 - src.data_pipeline.feature_selector - INFO - Aligning features for gru_DOTEUR
2025-08-31 11:00:31 - src.data_pipeline.feature_selector - INFO - Using dynamic default feature count 113 for gru
2025-08-31 11:00:31 - src.data_pipeline.feature_selector - INFO - Intelligent selection: 113 -> 113 features for gru_DOTEUR
2025-08-31 11:00:31 - src.data_pipeline.features - INFO - Feature selector aligned 113 features for gru_DOTEUR
2025-08-31 11:00:31 - validation_logger - INFO - Schema validation with low confidence: {"event_type": "schema_decision", "symbol": "DOTEUR", "model_type": "gru", "decision": "accept", "method": "comprehensive", "confidence": 0.0, "processing_time_ms": 29.89339828491211, "action": "accept"}
2025-08-31 11:00:31 - enhanced_trader - INFO - GRU prediction for DOTEUR: 7.679383270442486e-05
2025-08-31 11:00:31 - enhanced_trader - INFO - Getting LightGBM prediction for DOTEUR...
2025-08-31 11:00:31 - src.data_pipeline.feature_selector - INFO - Aligning features for lightgbm_DOTEUR
2025-08-31 11:00:31 - src.data_pipeline.feature_selector - INFO - Using dynamic default feature count 113 for lightgbm
2025-08-31 11:00:31 - src.data_pipeline.feature_selector - INFO - Intelligent selection: 113 -> 113 features for lightgbm_DOTEUR
2025-08-31 11:00:31 - src.data_pipeline.features - INFO - Feature selector aligned 113 features for lightgbm_DOTEUR
2025-08-31 11:00:31 - validation_logger - INFO - Schema validation with low confidence: {"event_type": "schema_decision", "symbol": "DOTEUR", "model_type": "lightgbm", "decision": "accept", "method": "comprehensive", "confidence": 0.0, "processing_time_ms": 28.04255485534668, "action": "accept"}
2025-08-31 11:00:31 - enhanced_trader - INFO - LightGBM prediction for DOTEUR: 0.0031007750699027408
2025-08-31 11:00:31 - enhanced_trader - INFO - Getting PPO prediction for DOTEUR...
2025-08-31 11:00:31 - validation_logger - INFO - Schema validation with low confidence: {"event_type": "schema_decision", "symbol": "DOTEUR", "model_type": "ppo", "decision": "accept", "method": "comprehensive", "confidence": 0.0, "processing_time_ms": 7.642030715942383, "action": "accept"}
2025-08-31 11:00:31 - enhanced_trader - INFO - PPO prediction for DOTEUR: 0.0009067688584327698
2025-08-31 11:00:31 - enhanced_trader - INFO - Combining predictions for DOTEUR: [('gru', 7.679383270442486e-05), ('lightgbm', 0.0031007750699027408), ('ppo', 0.0009067688584327698)]
2025-08-31 11:00:31 - enhanced_trader - INFO - Completed signal generation for DOTEUR: 0
2025-08-31 11:00:31 - enhanced_trader - INFO - Processing signal generation for LINKEUR...
2025-08-31 11:00:31 - enhanced_trader - INFO - Preparing features for LINKEUR...
2025-08-31 11:00:31 - enhanced_trader - INFO - Starting model predictions for LINKEUR...
2025-08-31 11:00:31 - enhanced_trader - INFO - Getting GRU prediction for LINKEUR...
2025-08-31 11:00:31 - src.data_pipeline.feature_selector - INFO - Aligning features for gru_LINKEUR
2025-08-31 11:00:31 - src.data_pipeline.feature_selector - INFO - Using dynamic default feature count 113 for gru
2025-08-31 11:00:31 - src.data_pipeline.feature_selector - INFO - Intelligent selection: 113 -> 113 features for gru_LINKEUR
2025-08-31 11:00:31 - src.data_pipeline.features - INFO - Feature selector aligned 113 features for gru_LINKEUR
2025-08-31 11:00:31 - validation_logger - INFO - Schema validation with low confidence: {"event_type": "schema_decision", "symbol": "LINKEUR", "model_type": "gru", "decision": "accept", "method": "comprehensive", "confidence": 0.0, "processing_time_ms": 27.7559757232666, "action": "accept"}
2025-08-31 11:00:31 - enhanced_trader - INFO - GRU prediction for LINKEUR: 8.562141010770574e-05
2025-08-31 11:00:31 - enhanced_trader - INFO - Getting LightGBM prediction for LINKEUR...
2025-08-31 11:00:31 - src.data_pipeline.feature_selector - INFO - Aligning features for lightgbm_LINKEUR
2025-08-31 11:00:31 - src.data_pipeline.feature_selector - INFO - Using dynamic default feature count 113 for lightgbm
2025-08-31 11:00:31 - src.data_pipeline.feature_selector - INFO - Intelligent selection: 113 -> 113 features for lightgbm_LINKEUR
2025-08-31 11:00:31 - src.data_pipeline.features - INFO - Feature selector aligned 113 features for lightgbm_LINKEUR
2025-08-31 11:00:31 - validation_logger - INFO - Schema validation with low confidence: {"event_type": "schema_decision", "symbol": "LINKEUR", "model_type": "lightgbm", "decision": "accept", "method": "comprehensive", "confidence": 0.0, "processing_time_ms": 26.824235916137695, "action": "accept"}
2025-08-31 11:00:31 - enhanced_trader - INFO - LightGBM prediction for LINKEUR: 0.0012435534743141915
2025-08-31 11:00:31 - enhanced_trader - INFO - Getting PPO prediction for LINKEUR...
2025-08-31 11:00:31 - validation_logger - INFO - Schema validation with low confidence: {"event_type": "schema_decision", "symbol": "LINKEUR", "model_type": "ppo", "decision": "accept", "method": "comprehensive", "confidence": 0.0, "processing_time_ms": 10.578155517578125, "action": "accept"}
2025-08-31 11:00:31 - enhanced_trader - INFO - PPO prediction for LINKEUR: 0.00043504902720451356
2025-08-31 11:00:31 - enhanced_trader - INFO - Combining predictions for LINKEUR: [('gru', 8.562141010770574e-05), ('lightgbm', 0.0012435534743141915), ('ppo', 0.00043504902720451356)]
2025-08-31 11:00:31 - enhanced_trader - INFO - Completed signal generation for LINKEUR: 0
2025-08-31 11:00:31 - enhanced_trader - INFO - Signal generation completed for all symbols: {'BTCEUR': 0, 'ETHEUR': 0, 'ADAEUR': 1, 'DOTEUR': 0, 'LINKEUR': 0}
2025-08-31 11:00:31 - enhanced_trader - INFO - BUY ADAEUR: amt=755.205946 @ 0.7030 cost=531.71 bal=4777.39
2025-08-31 11:00:31 - enhanced_trader - INFO - Next 30m candle trade: 1784s (at 11:30:15) includes 15s buffer for fresh data
2025-08-31 11:00:31 - enhanced_trader - INFO - Waiting 1784 seconds until next 30m candle
2025-08-31 11:00:31 - httpx - INFO - HTTP Request: POST https://api.telegram.org/bot7733436451:AAH6Sls8uL4fEgd6Ty7VEKSBIMauhaVkN4c/sendMessage "HTTP/1.1 200 OK"
2025-08-31 11:00:32 - httpx - INFO - HTTP Request: POST https://api.telegram.org/bot7733436451:AAH6Sls8uL4fEgd6Ty7VEKSBIMauhaVkN4c/sendMessage "HTTP/1.1 200 OK"
2025-08-31 11:30:24 - enhanced_trader - INFO - Fetching 30m candles for ADAEUR: 25s since last boundary, next boundary in 1775s
2025-08-31 11:30:25 - enhanced_trader - INFO - Fetching 30m candles for DOTEUR: 25s since last boundary, next boundary in 1775s
2025-08-31 11:30:25 - enhanced_trader - INFO - Latest 30m candle for ADAEUR: 11:30 UTC (0.4 minutes ago)
2025-08-31 11:30:25 - enhanced_trader - INFO - Successfully fetched 300 records for ADAEUR
2025-08-31 11:30:25 - enhanced_trader - INFO - Fetching 30m candles for BTCEUR: 25s since last boundary, next boundary in 1775s
2025-08-31 11:30:25 - src.data_pipeline.features - INFO - Generating features for 300 records
2025-08-31 11:30:25 - enhanced_trader - INFO - Latest 30m candle for DOTEUR: 11:30 UTC (0.4 minutes ago)
2025-08-31 11:30:25 - src.data_pipeline.features - INFO - Validating and cleaning source data...
2025-08-31 11:30:25 - enhanced_trader - INFO - Successfully fetched 300 records for DOTEUR
2025-08-31 11:30:25 - src.data_pipeline.features - WARNING - Using absolute bounds for open due to corrupted statistics
2025-08-31 11:30:26 - src.data_pipeline.features - INFO - Generating features for 300 records
2025-08-31 11:30:26 - src.data_pipeline.features - WARNING - Using absolute bounds for high due to corrupted statistics
2025-08-31 11:30:26 - enhanced_trader - INFO - Latest 30m candle for BTCEUR: 11:30 UTC (0.4 minutes ago)
2025-08-31 11:30:26 - src.data_pipeline.features - INFO - Validating and cleaning source data...
2025-08-31 11:30:26 - src.data_pipeline.features - WARNING - Using absolute bounds for open due to corrupted statistics
2025-08-31 11:30:26 - src.data_pipeline.features - WARNING - Using absolute bounds for low due to corrupted statistics
2025-08-31 11:30:26 - enhanced_trader - INFO - Successfully fetched 300 records for BTCEUR
2025-08-31 11:30:26 - enhanced_trader - INFO - Fetching 30m candles for ETHEUR: 27s since last boundary, next boundary in 1773s
2025-08-31 11:30:26 - src.data_pipeline.features - WARNING - Using absolute bounds for high due to corrupted statistics
2025-08-31 11:30:26 - src.data_pipeline.features - WARNING - Using absolute bounds for close due to corrupted statistics
2025-08-31 11:30:26 - src.data_pipeline.features - INFO - Generating features for 300 records
2025-08-31 11:30:26 - src.data_pipeline.features - WARNING - Using absolute bounds for low due to corrupted statistics
2025-08-31 11:30:26 - src.data_pipeline.features - INFO - Source data validation and cleaning completed
2025-08-31 11:30:26 - src.data_pipeline.features - INFO - Validating and cleaning source data...
2025-08-31 11:30:26 - enhanced_trader - INFO - Fetching 30m candles for LINKEUR: 27s since last boundary, next boundary in 1773s
2025-08-31 11:30:26 - src.data_pipeline.features - WARNING - Using absolute bounds for close due to corrupted statistics
2025-08-31 11:30:26 - src.data_pipeline.features - INFO - Source data validation and cleaning completed
2025-08-31 11:30:26 - src.data_pipeline.features - INFO - Source data validation and cleaning completed
2025-08-31 11:30:27 - src.data_pipeline.features - INFO - Applied intermediate validation after price features: clipped 4 features
2025-08-31 11:30:27 - src.data_pipeline.features - INFO - Applied intermediate validation after price features: clipped 1 features
2025-08-31 11:30:27 - src.data_pipeline.features - INFO - Applied intermediate validation after price features: clipped 1 features
2025-08-31 11:30:27 - enhanced_trader - INFO - Latest 30m candle for LINKEUR: 11:30 UTC (0.5 minutes ago)
2025-08-31 11:30:27 - enhanced_trader - INFO - Latest 30m candle for ETHEUR: 11:30 UTC (0.5 minutes ago)
2025-08-31 11:30:27 - enhanced_trader - INFO - Successfully fetched 300 records for LINKEUR
2025-08-31 11:30:27 - enhanced_trader - INFO - Successfully fetched 300 records for ETHEUR
2025-08-31 11:30:27 - src.data_pipeline.features - INFO - Generating features for 300 records
2025-08-31 11:30:27 - src.data_pipeline.features - INFO - Validating and cleaning source data...
2025-08-31 11:30:27 - src.data_pipeline.features - INFO - Generating features for 300 records
2025-08-31 11:30:27 - src.data_pipeline.features - WARNING - Using absolute bounds for open due to corrupted statistics
2025-08-31 11:30:27 - src.data_pipeline.features - INFO - Validating and cleaning source data...
2025-08-31 11:30:27 - src.data_pipeline.features - WARNING - Using absolute bounds for high due to corrupted statistics
2025-08-31 11:30:27 - src.data_pipeline.features - WARNING - Using absolute bounds for low due to corrupted statistics
2025-08-31 11:30:27 - src.data_pipeline.features - WARNING - Using absolute bounds for close due to corrupted statistics
2025-08-31 11:30:27 - src.data_pipeline.features - WARNING - Large volume spike detected - max: 83405.15, median: 724.84
2025-08-31 11:30:27 - src.data_pipeline.features - INFO - Source data validation and cleaning completed
2025-08-31 11:30:28 - src.data_pipeline.features - INFO - Source data validation and cleaning completed
2025-08-31 11:30:28 - src.data_pipeline.features - INFO - Applied intermediate validation after technical indicators: clipped 1 features
2025-08-31 11:30:28 - src.data_pipeline.features - INFO - Applied intermediate validation after technical indicators: clipped 1 features
2025-08-31 11:30:28 - src.data_pipeline.features - INFO - Applied intermediate validation after technical indicators: clipped 1 features
2025-08-31 11:30:28 - src.data_pipeline.features - INFO - Applied intermediate validation after price features: clipped 1 features
2025-08-31 11:30:28 - src.data_pipeline.features - INFO - Applied intermediate validation after price features: clipped 1 features
2025-08-31 11:30:28 - src.data_pipeline.features - INFO - Applied intermediate validation after volume features: clipped 1 features
2025-08-31 11:30:29 - src.data_pipeline.features - INFO - Applied intermediate validation after volatility features: clipped 1 features
2025-08-31 11:30:29 - src.data_pipeline.features - INFO - Applied intermediate validation after technical indicators: clipped 1 features
2025-08-31 11:30:29 - src.data_pipeline.features - INFO - Applied intermediate validation after technical indicators: clipped 1 features
2025-08-31 11:30:30 - src.data_pipeline.features - INFO - Applied intermediate validation after advanced features: clipped 1 features
2025-08-31 11:30:30 - src.data_pipeline.features - INFO - Applying robust feature validation...
2025-08-31 11:30:30 - src.data_pipeline.features - INFO - Applying robust feature validation...
2025-08-31 11:30:30 - src.data_pipeline.features - INFO - Applying robust feature validation...
2025-08-31 11:30:31 - src.data_pipeline.features - INFO - Applying robust feature validation...
2025-08-31 11:30:31 - src.data_pipeline.features - INFO - Applying robust feature validation...
2025-08-31 11:30:31 - src.data_pipeline.features - INFO - Feature validation completed - max absolute value: 150000.000000
2025-08-31 11:30:31 - src.data_pipeline.features - INFO - Generated 113 new features
2025-08-31 11:30:31 - src.data_pipeline.features - INFO - Final data validation: NaN=0, Inf=0
2025-08-31 11:30:31 - enhanced_trader - INFO - Fetched 300 records for DOTEUR (parallel)
2025-08-31 11:30:31 - src.data_pipeline.features - INFO - Feature validation completed - max absolute value: 150000.000000
2025-08-31 11:30:31 - src.data_pipeline.features - INFO - Feature validation completed - max absolute value: 500000.000000
2025-08-31 11:30:31 - src.data_pipeline.features - INFO - Generated 113 new features
2025-08-31 11:30:31 - src.data_pipeline.features - INFO - Generated 113 new features
2025-08-31 11:30:31 - src.data_pipeline.features - INFO - Final data validation: NaN=0, Inf=0
2025-08-31 11:30:31 - enhanced_trader - INFO - Fetched 300 records for BTCEUR (parallel)
2025-08-31 11:30:31 - src.data_pipeline.features - INFO - Final data validation: NaN=0, Inf=0
2025-08-31 11:30:31 - enhanced_trader - INFO - Fetched 300 records for ADAEUR (parallel)
2025-08-31 11:30:31 - src.data_pipeline.features - INFO - Feature validation completed - max absolute value: 150000.000000
2025-08-31 11:30:31 - src.data_pipeline.features - INFO - Generated 113 new features
2025-08-31 11:30:31 - src.data_pipeline.features - INFO - Feature validation completed - max absolute value: 150000.000000
2025-08-31 11:30:31 - src.data_pipeline.features - INFO - Generated 113 new features
2025-08-31 11:30:31 - src.data_pipeline.features - INFO - Final data validation: NaN=0, Inf=0
2025-08-31 11:30:31 - src.data_pipeline.features - INFO - Final data validation: NaN=0, Inf=0
2025-08-31 11:30:31 - enhanced_trader - INFO - Fetched 300 records for LINKEUR (parallel)
2025-08-31 11:30:31 - enhanced_trader - INFO - Fetched 300 records for ETHEUR (parallel)
2025-08-31 11:30:31 - enhanced_trader - INFO - Generating signals for 5 symbols
2025-08-31 11:30:31 - enhanced_trader - INFO - Processing signal generation for BTCEUR...
2025-08-31 11:30:31 - enhanced_trader - INFO - Preparing features for BTCEUR...
2025-08-31 11:30:31 - enhanced_trader - INFO - Starting model predictions for BTCEUR...
2025-08-31 11:30:31 - enhanced_trader - INFO - Getting GRU prediction for BTCEUR...
2025-08-31 11:30:31 - src.data_pipeline.feature_selector - INFO - Aligning features for gru_BTCEUR
2025-08-31 11:30:31 - src.data_pipeline.feature_selector - INFO - Using dynamic default feature count 113 for gru
2025-08-31 11:30:31 - src.data_pipeline.feature_selector - INFO - Intelligent selection: 113 -> 113 features for gru_BTCEUR
2025-08-31 11:30:31 - src.data_pipeline.features - INFO - Feature selector aligned 113 features for gru_BTCEUR
2025-08-31 11:30:31 - validation_logger - INFO - Schema validation with low confidence: {"event_type": "schema_decision", "symbol": "BTCEUR", "model_type": "gru", "decision": "accept", "method": "comprehensive", "confidence": 0.0, "processing_time_ms": 30.6854248046875, "action": "accept"}
2025-08-31 11:30:31 - enhanced_trader - INFO - GRU prediction for BTCEUR: 8.010265446500853e-05
2025-08-31 11:30:31 - enhanced_trader - INFO - Getting LightGBM prediction for BTCEUR...
2025-08-31 11:30:31 - src.data_pipeline.feature_selector - INFO - Aligning features for lightgbm_BTCEUR
2025-08-31 11:30:31 - src.data_pipeline.feature_selector - INFO - Using dynamic default feature count 113 for lightgbm
2025-08-31 11:30:31 - src.data_pipeline.feature_selector - INFO - Intelligent selection: 113 -> 113 features for lightgbm_BTCEUR
2025-08-31 11:30:31 - src.data_pipeline.features - INFO - Feature selector aligned 113 features for lightgbm_BTCEUR
2025-08-31 11:30:31 - validation_logger - INFO - Schema validation with low confidence: {"event_type": "schema_decision", "symbol": "BTCEUR", "model_type": "lightgbm", "decision": "accept", "method": "comprehensive", "confidence": 0.0, "processing_time_ms": 25.972604751586914, "action": "accept"}
2025-08-31 11:30:31 - enhanced_trader - INFO - LightGBM prediction for BTCEUR: 0.0006767439337909213
2025-08-31 11:30:31 - enhanced_trader - INFO - Getting PPO prediction for BTCEUR...
2025-08-31 11:30:31 - validation_logger - INFO - Schema validation with low confidence: {"event_type": "schema_decision", "symbol": "BTCEUR", "model_type": "ppo", "decision": "accept", "method": "comprehensive", "confidence": 0.0, "processing_time_ms": 7.902622222900391, "action": "accept"}
2025-08-31 11:30:31 - enhanced_trader - INFO - PPO prediction for BTCEUR: 0.0005320659279823304
2025-08-31 11:30:31 - enhanced_trader - INFO - Combining predictions for BTCEUR: [('gru', 8.010265446500853e-05), ('lightgbm', 0.0006767439337909213), ('ppo', 0.0005320659279823304)]
2025-08-31 11:30:31 - enhanced_trader - INFO - Completed signal generation for BTCEUR: 0
2025-08-31 11:30:31 - enhanced_trader - INFO - Processing signal generation for ETHEUR...
2025-08-31 11:30:31 - enhanced_trader - INFO - Preparing features for ETHEUR...
2025-08-31 11:30:31 - enhanced_trader - INFO - Starting model predictions for ETHEUR...
2025-08-31 11:30:31 - enhanced_trader - INFO - Getting GRU prediction for ETHEUR...
2025-08-31 11:30:31 - src.data_pipeline.feature_selector - INFO - Aligning features for gru_ETHEUR
2025-08-31 11:30:31 - src.data_pipeline.feature_selector - INFO - Using dynamic default feature count 113 for gru
2025-08-31 11:30:31 - src.data_pipeline.feature_selector - INFO - Intelligent selection: 113 -> 113 features for gru_ETHEUR
2025-08-31 11:30:31 - src.data_pipeline.features - INFO - Feature selector aligned 113 features for gru_ETHEUR
2025-08-31 11:30:31 - validation_logger - INFO - Schema validation with low confidence: {"event_type": "schema_decision", "symbol": "ETHEUR", "model_type": "gru", "decision": "accept", "method": "comprehensive", "confidence": 0.0, "processing_time_ms": 28.252363204956055, "action": "accept"}
2025-08-31 11:30:31 - enhanced_trader - INFO - GRU prediction for ETHEUR: 6.480143201770261e-05
2025-08-31 11:30:31 - enhanced_trader - INFO - Getting LightGBM prediction for ETHEUR...
2025-08-31 11:30:31 - src.data_pipeline.feature_selector - INFO - Aligning features for lightgbm_ETHEUR
2025-08-31 11:30:31 - src.data_pipeline.feature_selector - INFO - Using dynamic default feature count 113 for lightgbm
2025-08-31 11:30:31 - src.data_pipeline.feature_selector - INFO - Intelligent selection: 113 -> 113 features for lightgbm_ETHEUR
2025-08-31 11:30:31 - src.data_pipeline.features - INFO - Feature selector aligned 113 features for lightgbm_ETHEUR
2025-08-31 11:30:32 - validation_logger - INFO - Schema validation with low confidence: {"event_type": "schema_decision", "symbol": "ETHEUR", "model_type": "lightgbm", "decision": "accept", "method": "comprehensive", "confidence": 0.0, "processing_time_ms": 34.47437286376953, "action": "accept"}
2025-08-31 11:30:32 - enhanced_trader - INFO - LightGBM prediction for ETHEUR: -7.85299140186921e-05
2025-08-31 11:30:32 - enhanced_trader - INFO - Getting PPO prediction for ETHEUR...
2025-08-31 11:30:32 - validation_logger - INFO - Schema validation with low confidence: {"event_type": "schema_decision", "symbol": "ETHEUR", "model_type": "ppo", "decision": "accept", "method": "comprehensive", "confidence": 0.0, "processing_time_ms": 9.943962097167969, "action": "accept"}
2025-08-31 11:30:32 - enhanced_trader - INFO - PPO prediction for ETHEUR: -0.0003580477833747864
2025-08-31 11:30:32 - enhanced_trader - INFO - Combining predictions for ETHEUR: [('gru', 6.480143201770261e-05), ('lightgbm', -7.85299140186921e-05), ('ppo', -0.0003580477833747864)]
2025-08-31 11:30:32 - enhanced_trader - INFO - Completed signal generation for ETHEUR: 0
2025-08-31 11:30:32 - enhanced_trader - INFO - Processing signal generation for ADAEUR...
2025-08-31 11:30:32 - enhanced_trader - INFO - Preparing features for ADAEUR...
2025-08-31 11:30:32 - enhanced_trader - INFO - Starting model predictions for ADAEUR...
2025-08-31 11:30:32 - enhanced_trader - INFO - Getting GRU prediction for ADAEUR...
2025-08-31 11:30:32 - src.data_pipeline.feature_selector - INFO - Aligning features for gru_ADAEUR
2025-08-31 11:30:32 - src.data_pipeline.feature_selector - INFO - Using dynamic default feature count 113 for gru
2025-08-31 11:30:32 - src.data_pipeline.feature_selector - INFO - Intelligent selection: 113 -> 113 features for gru_ADAEUR
2025-08-31 11:30:32 - src.data_pipeline.features - INFO - Feature selector aligned 113 features for gru_ADAEUR
2025-08-31 11:30:32 - validation_logger - INFO - Schema validation with low confidence: {"event_type": "schema_decision", "symbol": "ADAEUR", "model_type": "gru", "decision": "accept", "method": "comprehensive", "confidence": 0.0, "processing_time_ms": 31.702041625976562, "action": "accept"}
2025-08-31 11:30:32 - enhanced_trader - INFO - GRU prediction for ADAEUR: 0.000116837712994311
2025-08-31 11:30:32 - enhanced_trader - INFO - Getting LightGBM prediction for ADAEUR...
2025-08-31 11:30:32 - src.data_pipeline.feature_selector - INFO - Aligning features for lightgbm_ADAEUR
2025-08-31 11:30:32 - src.data_pipeline.feature_selector - INFO - Using dynamic default feature count 113 for lightgbm
2025-08-31 11:30:32 - src.data_pipeline.feature_selector - INFO - Intelligent selection: 113 -> 113 features for lightgbm_ADAEUR
2025-08-31 11:30:32 - src.data_pipeline.features - INFO - Feature selector aligned 113 features for lightgbm_ADAEUR
2025-08-31 11:30:32 - validation_logger - INFO - Schema validation with low confidence: {"event_type": "schema_decision", "symbol": "ADAEUR", "model_type": "lightgbm", "decision": "accept", "method": "comprehensive", "confidence": 0.0, "processing_time_ms": 27.693510055541992, "action": "accept"}
2025-08-31 11:30:32 - enhanced_trader - INFO - LightGBM prediction for ADAEUR: 0.0037230782931399614
2025-08-31 11:30:32 - enhanced_trader - INFO - Getting PPO prediction for ADAEUR...
2025-08-31 11:30:32 - validation_logger - INFO - Schema validation with low confidence: {"event_type": "schema_decision", "symbol": "ADAEUR", "model_type": "ppo", "decision": "accept", "method": "comprehensive", "confidence": 0.0, "processing_time_ms": 7.546186447143555, "action": "accept"}
2025-08-31 11:30:32 - enhanced_trader - INFO - PPO prediction for ADAEUR: -0.0002003486603498459
2025-08-31 11:30:32 - enhanced_trader - INFO - Combining predictions for ADAEUR: [('gru', 0.000116837712994311), ('lightgbm', 0.0037230782931399614), ('ppo', -0.0002003486603498459)]
2025-08-31 11:30:32 - enhanced_trader - INFO - Completed signal generation for ADAEUR: 1
2025-08-31 11:30:32 - enhanced_trader - INFO - Processing signal generation for DOTEUR...
2025-08-31 11:30:32 - enhanced_trader - INFO - Preparing features for DOTEUR...
2025-08-31 11:30:32 - enhanced_trader - INFO - Starting model predictions for DOTEUR...
2025-08-31 11:30:32 - enhanced_trader - INFO - Getting GRU prediction for DOTEUR...
2025-08-31 11:30:32 - src.data_pipeline.feature_selector - INFO - Aligning features for gru_DOTEUR
2025-08-31 11:30:32 - src.data_pipeline.feature_selector - INFO - Using dynamic default feature count 113 for gru
2025-08-31 11:30:32 - src.data_pipeline.feature_selector - INFO - Intelligent selection: 113 -> 113 features for gru_DOTEUR
2025-08-31 11:30:32 - src.data_pipeline.features - INFO - Feature selector aligned 113 features for gru_DOTEUR
2025-08-31 11:30:32 - validation_logger - INFO - Schema validation with low confidence: {"event_type": "schema_decision", "symbol": "DOTEUR", "model_type": "gru", "decision": "accept", "method": "comprehensive", "confidence": 0.0, "processing_time_ms": 26.808500289916992, "action": "accept"}
2025-08-31 11:30:32 - enhanced_trader - INFO - GRU prediction for DOTEUR: 7.679383270442486e-05
2025-08-31 11:30:32 - enhanced_trader - INFO - Getting LightGBM prediction for DOTEUR...
2025-08-31 11:30:32 - src.data_pipeline.feature_selector - INFO - Aligning features for lightgbm_DOTEUR
2025-08-31 11:30:32 - src.data_pipeline.feature_selector - INFO - Using dynamic default feature count 113 for lightgbm
2025-08-31 11:30:32 - src.data_pipeline.feature_selector - INFO - Intelligent selection: 113 -> 113 features for lightgbm_DOTEUR
2025-08-31 11:30:32 - src.data_pipeline.features - INFO - Feature selector aligned 113 features for lightgbm_DOTEUR
2025-08-31 11:30:32 - validation_logger - INFO - Schema validation with low confidence: {"event_type": "schema_decision", "symbol": "DOTEUR", "model_type": "lightgbm", "decision": "accept", "method": "comprehensive", "confidence": 0.0, "processing_time_ms": 30.45511245727539, "action": "accept"}
2025-08-31 11:30:32 - enhanced_trader - INFO - LightGBM prediction for DOTEUR: 0.0031007750699027408
2025-08-31 11:30:32 - enhanced_trader - INFO - Getting PPO prediction for DOTEUR...
2025-08-31 11:30:32 - validation_logger - INFO - Schema validation with low confidence: {"event_type": "schema_decision", "symbol": "DOTEUR", "model_type": "ppo", "decision": "accept", "method": "comprehensive", "confidence": 0.0, "processing_time_ms": 9.010076522827148, "action": "accept"}
2025-08-31 11:30:32 - enhanced_trader - INFO - PPO prediction for DOTEUR: 0.0006935288906097412
2025-08-31 11:30:32 - enhanced_trader - INFO - Combining predictions for DOTEUR: [('gru', 7.679383270442486e-05), ('lightgbm', 0.0031007750699027408), ('ppo', 0.0006935288906097412)]
2025-08-31 11:30:32 - enhanced_trader - INFO - Completed signal generation for DOTEUR: 0
2025-08-31 11:30:32 - enhanced_trader - INFO - Processing signal generation for LINKEUR...
2025-08-31 11:30:32 - enhanced_trader - INFO - Preparing features for LINKEUR...
2025-08-31 11:30:32 - enhanced_trader - INFO - Starting model predictions for LINKEUR...
2025-08-31 11:30:32 - enhanced_trader - INFO - Getting GRU prediction for LINKEUR...
2025-08-31 11:30:32 - src.data_pipeline.feature_selector - INFO - Aligning features for gru_LINKEUR
2025-08-31 11:30:32 - src.data_pipeline.feature_selector - INFO - Using dynamic default feature count 113 for gru
2025-08-31 11:30:32 - src.data_pipeline.feature_selector - INFO - Intelligent selection: 113 -> 113 features for gru_LINKEUR
2025-08-31 11:30:32 - src.data_pipeline.features - INFO - Feature selector aligned 113 features for gru_LINKEUR
2025-08-31 11:30:32 - validation_logger - INFO - Schema validation with low confidence: {"event_type": "schema_decision", "symbol": "LINKEUR", "model_type": "gru", "decision": "accept", "method": "comprehensive", "confidence": 0.0, "processing_time_ms": 31.169652938842773, "action": "accept"}
2025-08-31 11:30:32 - enhanced_trader - INFO - GRU prediction for LINKEUR: 8.562141010770574e-05
2025-08-31 11:30:32 - enhanced_trader - INFO - Getting LightGBM prediction for LINKEUR...
2025-08-31 11:30:32 - src.data_pipeline.feature_selector - INFO - Aligning features for lightgbm_LINKEUR
2025-08-31 11:30:32 - src.data_pipeline.feature_selector - INFO - Using dynamic default feature count 113 for lightgbm
2025-08-31 11:30:32 - src.data_pipeline.feature_selector - INFO - Intelligent selection: 113 -> 113 features for lightgbm_LINKEUR
2025-08-31 11:30:32 - src.data_pipeline.features - INFO - Feature selector aligned 113 features for lightgbm_LINKEUR
2025-08-31 11:30:32 - validation_logger - INFO - Schema validation with low confidence: {"event_type": "schema_decision", "symbol": "LINKEUR", "model_type": "lightgbm", "decision": "accept", "method": "comprehensive", "confidence": 0.0, "processing_time_ms": 33.92219543457031, "action": "accept"}
2025-08-31 11:30:32 - enhanced_trader - INFO - LightGBM prediction for LINKEUR: 0.0012435534743141915
2025-08-31 11:30:32 - enhanced_trader - INFO - Getting PPO prediction for LINKEUR...
2025-08-31 11:30:32 - validation_logger - INFO - Schema validation with low confidence: {"event_type": "schema_decision", "symbol": "LINKEUR", "model_type": "ppo", "decision": "accept", "method": "comprehensive", "confidence": 0.0, "processing_time_ms": 8.781909942626953, "action": "accept"}
2025-08-31 11:30:32 - enhanced_trader - INFO - PPO prediction for LINKEUR: 0.00014270646870136262
2025-08-31 11:30:32 - enhanced_trader - INFO - Combining predictions for LINKEUR: [('gru', 8.562141010770574e-05), ('lightgbm', 0.0012435534743141915), ('ppo', 0.00014270646870136262)]
2025-08-31 11:30:32 - enhanced_trader - INFO - Completed signal generation for LINKEUR: 0
2025-08-31 11:30:32 - enhanced_trader - INFO - Signal generation completed for all symbols: {'BTCEUR': 0, 'ETHEUR': 0, 'ADAEUR': 1, 'DOTEUR': 0, 'LINKEUR': 0}
2025-08-31 11:30:32 - enhanced_trader - INFO - BUY ADAEUR: amt=677.452022 @ 0.7052 cost=478.46 bal=4298.94
2025-08-31 11:30:32 - enhanced_trader - INFO - Next 30m candle trade: 1783s (at 12:00:15) includes 15s buffer for fresh data
2025-08-31 11:30:32 - enhanced_trader - INFO - Waiting 1783 seconds until next 30m candle
2025-08-31 11:30:32 - httpx - INFO - HTTP Request: POST https://api.telegram.org/bot7733436451:AAH6Sls8uL4fEgd6Ty7VEKSBIMauhaVkN4c/sendMessage "HTTP/1.1 200 OK"
2025-08-31 11:30:33 - httpx - INFO - HTTP Request: POST https://api.telegram.org/bot7733436451:AAH6Sls8uL4fEgd6Ty7VEKSBIMauhaVkN4c/sendMessage "HTTP/1.1 200 OK"
2025-08-31 12:00:24 - enhanced_trader - INFO - Fetching 30m candles for ADAEUR: 25s since last boundary, next boundary in 1775s
2025-08-31 12:00:25 - enhanced_trader - INFO - Fetching 30m candles for ETHEUR: 25s since last boundary, next boundary in 1775s
2025-08-31 12:00:25 - enhanced_trader - INFO - Latest 30m candle for ADAEUR: 12:00 UTC (0.4 minutes ago)
2025-08-31 12:00:25 - enhanced_trader - INFO - Fetching 30m candles for LINKEUR: 25s since last boundary, next boundary in 1775s
2025-08-31 12:00:25 - enhanced_trader - INFO - Successfully fetched 300 records for ADAEUR
2025-08-31 12:00:25 - enhanced_trader - INFO - Latest 30m candle for ETHEUR: 12:00 UTC (0.4 minutes ago)
2025-08-31 12:00:25 - enhanced_trader - INFO - Successfully fetched 300 records for ETHEUR
2025-08-31 12:00:25 - src.data_pipeline.features - INFO - Generating features for 300 records
2025-08-31 12:00:25 - src.data_pipeline.features - INFO - Generating features for 300 records
2025-08-31 12:00:25 - src.data_pipeline.features - INFO - Validating and cleaning source data...
2025-08-31 12:00:25 - src.data_pipeline.features - INFO - Validating and cleaning source data...
2025-08-31 12:00:26 - enhanced_trader - INFO - Latest 30m candle for LINKEUR: 12:00 UTC (0.4 minutes ago)
2025-08-31 12:00:26 - enhanced_trader - INFO - Fetching 30m candles for DOTEUR: 26s since last boundary, next boundary in 1774s
2025-08-31 12:00:26 - src.data_pipeline.features - WARNING - Using absolute bounds for open due to corrupted statistics
2025-08-31 12:00:26 - enhanced_trader - INFO - Successfully fetched 300 records for LINKEUR
2025-08-31 12:00:26 - src.data_pipeline.features - WARNING - Using absolute bounds for high due to corrupted statistics
2025-08-31 12:00:26 - src.data_pipeline.features - INFO - Source data validation and cleaning completed
2025-08-31 12:00:26 - src.data_pipeline.features - WARNING - Using absolute bounds for low due to corrupted statistics
2025-08-31 12:00:26 - enhanced_trader - INFO - Fetching 30m candles for BTCEUR: 27s since last boundary, next boundary in 1773s
2025-08-31 12:00:26 - src.data_pipeline.features - INFO - Generating features for 300 records
2025-08-31 12:00:26 - src.data_pipeline.features - WARNING - Using absolute bounds for close due to corrupted statistics
2025-08-31 12:00:26 - src.data_pipeline.features - INFO - Validating and cleaning source data...
2025-08-31 12:00:26 - src.data_pipeline.features - INFO - Source data validation and cleaning completed
2025-08-31 12:00:26 - src.data_pipeline.features - WARNING - Using absolute bounds for open due to corrupted statistics
2025-08-31 12:00:26 - enhanced_trader - INFO - Latest 30m candle for DOTEUR: 12:00 UTC (0.4 minutes ago)
2025-08-31 12:00:26 - src.data_pipeline.features - INFO - Applied intermediate validation after price features: clipped 1 features
2025-08-31 12:00:26 - src.data_pipeline.features - WARNING - Using absolute bounds for high due to corrupted statistics
2025-08-31 12:00:26 - enhanced_trader - INFO - Successfully fetched 300 records for DOTEUR
2025-08-31 12:00:26 - src.data_pipeline.features - INFO - Applied intermediate validation after price features: clipped 4 features
2025-08-31 12:00:26 - src.data_pipeline.features - WARNING - Using absolute bounds for low due to corrupted statistics
2025-08-31 12:00:27 - src.data_pipeline.features - INFO - Generating features for 300 records
2025-08-31 12:00:27 - enhanced_trader - INFO - Latest 30m candle for BTCEUR: 12:00 UTC (0.5 minutes ago)
2025-08-31 12:00:27 - src.data_pipeline.features - INFO - Validating and cleaning source data...
2025-08-31 12:00:27 - src.data_pipeline.features - WARNING - Using absolute bounds for close due to corrupted statistics
2025-08-31 12:00:27 - src.data_pipeline.features - WARNING - Using absolute bounds for open due to corrupted statistics
2025-08-31 12:00:27 - enhanced_trader - INFO - Successfully fetched 300 records for BTCEUR
2025-08-31 12:00:27 - src.data_pipeline.features - WARNING - Large volume spike detected - max: 83405.15, median: 704.77
2025-08-31 12:00:27 - src.data_pipeline.features - WARNING - Using absolute bounds for high due to corrupted statistics
2025-08-31 12:00:27 - src.data_pipeline.features - INFO - Generating features for 300 records
2025-08-31 12:00:27 - src.data_pipeline.features - INFO - Source data validation and cleaning completed
2025-08-31 12:00:27 - src.data_pipeline.features - INFO - Validating and cleaning source data...
2025-08-31 12:00:27 - src.data_pipeline.features - WARNING - Using absolute bounds for low due to corrupted statistics
2025-08-31 12:00:27 - src.data_pipeline.features - WARNING - Using absolute bounds for close due to corrupted statistics
2025-08-31 12:00:27 - src.data_pipeline.features - INFO - Source data validation and cleaning completed
2025-08-31 12:00:27 - src.data_pipeline.features - INFO - Source data validation and cleaning completed
2025-08-31 12:00:27 - src.data_pipeline.features - INFO - Applied intermediate validation after technical indicators: clipped 1 features
2025-08-31 12:00:27 - src.data_pipeline.features - INFO - Applied intermediate validation after technical indicators: clipped 1 features
2025-08-31 12:00:27 - src.data_pipeline.features - INFO - Applied intermediate validation after price features: clipped 1 features
2025-08-31 12:00:27 - src.data_pipeline.features - INFO - Applied intermediate validation after price features: clipped 1 features
2025-08-31 12:00:28 - src.data_pipeline.features - INFO - Applied intermediate validation after price features: clipped 1 features
2025-08-31 12:00:28 - src.data_pipeline.features - INFO - Applied intermediate validation after volume features: clipped 1 features
2025-08-31 12:00:29 - src.data_pipeline.features - INFO - Applied intermediate validation after volatility features: clipped 1 features
2025-08-31 12:00:29 - src.data_pipeline.features - INFO - Applied intermediate validation after technical indicators: clipped 1 features
2025-08-31 12:00:29 - src.data_pipeline.features - INFO - Applied intermediate validation after technical indicators: clipped 1 features
2025-08-31 12:00:29 - src.data_pipeline.features - INFO - Applied intermediate validation after technical indicators: clipped 1 features
2025-08-31 12:00:30 - src.data_pipeline.features - INFO - Applying robust feature validation...
2025-08-31 12:00:30 - src.data_pipeline.features - INFO - Applied intermediate validation after advanced features: clipped 1 features
2025-08-31 12:00:30 - src.data_pipeline.features - INFO - Applying robust feature validation...
2025-08-31 12:00:31 - src.data_pipeline.features - INFO - Applying robust feature validation...
2025-08-31 12:00:31 - src.data_pipeline.features - INFO - Applying robust feature validation...
2025-08-31 12:00:31 - src.data_pipeline.features - INFO - Applying robust feature validation...
2025-08-31 12:00:31 - src.data_pipeline.features - INFO - Feature validation completed - max absolute value: 150000.000000
2025-08-31 12:00:31 - src.data_pipeline.features - INFO - Generated 113 new features
2025-08-31 12:00:32 - src.data_pipeline.features - INFO - Final data validation: NaN=0, Inf=0
2025-08-31 12:00:32 - enhanced_trader - INFO - Fetched 300 records for ETHEUR (parallel)
2025-08-31 12:00:32 - src.data_pipeline.features - INFO - Feature validation completed - max absolute value: 500000.000000
2025-08-31 12:00:32 - src.data_pipeline.features - INFO - Generated 113 new features
2025-08-31 12:00:32 - src.data_pipeline.features - INFO - Final data validation: NaN=0, Inf=0
2025-08-31 12:00:32 - enhanced_trader - INFO - Fetched 300 records for ADAEUR (parallel)
2025-08-31 12:00:32 - src.data_pipeline.features - INFO - Feature validation completed - max absolute value: 150000.000000
2025-08-31 12:00:32 - src.data_pipeline.features - INFO - Feature validation completed - max absolute value: 150000.000000
2025-08-31 12:00:32 - src.data_pipeline.features - INFO - Generated 113 new features
2025-08-31 12:00:32 - src.data_pipeline.features - INFO - Generated 113 new features
2025-08-31 12:00:32 - src.data_pipeline.features - INFO - Final data validation: NaN=0, Inf=0
2025-08-31 12:00:32 - enhanced_trader - INFO - Fetched 300 records for LINKEUR (parallel)
2025-08-31 12:00:32 - src.data_pipeline.features - INFO - Final data validation: NaN=0, Inf=0
2025-08-31 12:00:32 - src.data_pipeline.features - INFO - Feature validation completed - max absolute value: 150000.000000
2025-08-31 12:00:32 - enhanced_trader - INFO - Fetched 300 records for BTCEUR (parallel)
2025-08-31 12:00:32 - src.data_pipeline.features - INFO - Generated 113 new features
2025-08-31 12:00:32 - src.data_pipeline.features - INFO - Final data validation: NaN=0, Inf=0
2025-08-31 12:00:32 - enhanced_trader - INFO - Fetched 300 records for DOTEUR (parallel)
2025-08-31 12:00:32 - enhanced_trader - INFO - Generating signals for 5 symbols
2025-08-31 12:00:32 - enhanced_trader - INFO - Processing signal generation for BTCEUR...
2025-08-31 12:00:32 - enhanced_trader - INFO - Preparing features for BTCEUR...
2025-08-31 12:00:32 - enhanced_trader - INFO - Starting model predictions for BTCEUR...
2025-08-31 12:00:32 - enhanced_trader - INFO - Getting GRU prediction for BTCEUR...
2025-08-31 12:00:32 - src.data_pipeline.feature_selector - INFO - Aligning features for gru_BTCEUR
2025-08-31 12:00:32 - src.data_pipeline.feature_selector - INFO - Using dynamic default feature count 113 for gru
2025-08-31 12:00:32 - src.data_pipeline.feature_selector - INFO - Intelligent selection: 113 -> 113 features for gru_BTCEUR
2025-08-31 12:00:32 - src.data_pipeline.features - INFO - Feature selector aligned 113 features for gru_BTCEUR
2025-08-31 12:00:32 - validation_logger - INFO - Schema validation with low confidence: {"event_type": "schema_decision", "symbol": "BTCEUR", "model_type": "gru", "decision": "accept", "method": "comprehensive", "confidence": 0.0, "processing_time_ms": 30.6396484375, "action": "accept"}
2025-08-31 12:00:32 - enhanced_trader - INFO - GRU prediction for BTCEUR: 8.010265446500853e-05
2025-08-31 12:00:32 - enhanced_trader - INFO - Getting LightGBM prediction for BTCEUR...
2025-08-31 12:00:32 - src.data_pipeline.feature_selector - INFO - Aligning features for lightgbm_BTCEUR
2025-08-31 12:00:32 - src.data_pipeline.feature_selector - INFO - Using dynamic default feature count 113 for lightgbm
2025-08-31 12:00:32 - src.data_pipeline.feature_selector - INFO - Intelligent selection: 113 -> 113 features for lightgbm_BTCEUR
2025-08-31 12:00:32 - src.data_pipeline.features - INFO - Feature selector aligned 113 features for lightgbm_BTCEUR
2025-08-31 12:00:32 - validation_logger - INFO - Schema validation with low confidence: {"event_type": "schema_decision", "symbol": "BTCEUR", "model_type": "lightgbm", "decision": "accept", "method": "comprehensive", "confidence": 0.0, "processing_time_ms": 32.45139122009277, "action": "accept"}
2025-08-31 12:00:32 - enhanced_trader - INFO - LightGBM prediction for BTCEUR: 0.0006767439337909213
2025-08-31 12:00:32 - enhanced_trader - INFO - Getting PPO prediction for BTCEUR...
2025-08-31 12:00:32 - validation_logger - INFO - Schema validation with low confidence: {"event_type": "schema_decision", "symbol": "BTCEUR", "model_type": "ppo", "decision": "accept", "method": "comprehensive", "confidence": 0.0, "processing_time_ms": 9.864091873168945, "action": "accept"}
2025-08-31 12:00:32 - enhanced_trader - INFO - PPO prediction for BTCEUR: 0.00029294511675834656
2025-08-31 12:00:32 - enhanced_trader - INFO - Combining predictions for BTCEUR: [('gru', 8.010265446500853e-05), ('lightgbm', 0.0006767439337909213), ('ppo', 0.00029294511675834656)]
2025-08-31 12:00:32 - enhanced_trader - INFO - Completed signal generation for BTCEUR: 0
2025-08-31 12:00:32 - enhanced_trader - INFO - Processing signal generation for ETHEUR...
2025-08-31 12:00:32 - enhanced_trader - INFO - Preparing features for ETHEUR...
2025-08-31 12:00:32 - enhanced_trader - INFO - Starting model predictions for ETHEUR...
2025-08-31 12:00:32 - enhanced_trader - INFO - Getting GRU prediction for ETHEUR...
2025-08-31 12:00:32 - src.data_pipeline.feature_selector - INFO - Aligning features for gru_ETHEUR
2025-08-31 12:00:32 - src.data_pipeline.feature_selector - INFO - Using dynamic default feature count 113 for gru
2025-08-31 12:00:32 - src.data_pipeline.feature_selector - INFO - Intelligent selection: 113 -> 113 features for gru_ETHEUR
2025-08-31 12:00:32 - src.data_pipeline.features - INFO - Feature selector aligned 113 features for gru_ETHEUR
2025-08-31 12:00:32 - validation_logger - INFO - Schema validation with low confidence: {"event_type": "schema_decision", "symbol": "ETHEUR", "model_type": "gru", "decision": "accept", "method": "comprehensive", "confidence": 0.0, "processing_time_ms": 40.85493087768555, "action": "accept"}
2025-08-31 12:00:32 - enhanced_trader - INFO - GRU prediction for ETHEUR: 6.480143201770261e-05
2025-08-31 12:00:32 - enhanced_trader - INFO - Getting LightGBM prediction for ETHEUR...
2025-08-31 12:00:32 - src.data_pipeline.feature_selector - INFO - Aligning features for lightgbm_ETHEUR
2025-08-31 12:00:32 - src.data_pipeline.feature_selector - INFO - Using dynamic default feature count 113 for lightgbm
2025-08-31 12:00:32 - src.data_pipeline.feature_selector - INFO - Intelligent selection: 113 -> 113 features for lightgbm_ETHEUR
2025-08-31 12:00:32 - src.data_pipeline.features - INFO - Feature selector aligned 113 features for lightgbm_ETHEUR
2025-08-31 12:00:32 - validation_logger - INFO - Schema validation with low confidence: {"event_type": "schema_decision", "symbol": "ETHEUR", "model_type": "lightgbm", "decision": "accept", "method": "comprehensive", "confidence": 0.0, "processing_time_ms": 33.75720977783203, "action": "accept"}
2025-08-31 12:00:32 - enhanced_trader - INFO - LightGBM prediction for ETHEUR: 0.00036156868309249256
2025-08-31 12:00:32 - enhanced_trader - INFO - Getting PPO prediction for ETHEUR...
2025-08-31 12:00:32 - validation_logger - INFO - Schema validation with low confidence: {"event_type": "schema_decision", "symbol": "ETHEUR", "model_type": "ppo", "decision": "accept", "method": "comprehensive", "confidence": 0.0, "processing_time_ms": 9.783506393432617, "action": "accept"}
2025-08-31 12:00:32 - enhanced_trader - INFO - PPO prediction for ETHEUR: -0.0002879373133182526
2025-08-31 12:00:32 - enhanced_trader - INFO - Combining predictions for ETHEUR: [('gru', 6.480143201770261e-05), ('lightgbm', 0.00036156868309249256), ('ppo', -0.0002879373133182526)]
2025-08-31 12:00:32 - enhanced_trader - INFO - Completed signal generation for ETHEUR: 0
2025-08-31 12:00:32 - enhanced_trader - INFO - Processing signal generation for ADAEUR...
2025-08-31 12:00:32 - enhanced_trader - INFO - Preparing features for ADAEUR...
2025-08-31 12:00:32 - enhanced_trader - INFO - Starting model predictions for ADAEUR...
2025-08-31 12:00:32 - enhanced_trader - INFO - Getting GRU prediction for ADAEUR...
2025-08-31 12:00:32 - src.data_pipeline.feature_selector - INFO - Aligning features for gru_ADAEUR
2025-08-31 12:00:32 - src.data_pipeline.feature_selector - INFO - Using dynamic default feature count 113 for gru
2025-08-31 12:00:32 - src.data_pipeline.feature_selector - INFO - Intelligent selection: 113 -> 113 features for gru_ADAEUR
2025-08-31 12:00:32 - src.data_pipeline.features - INFO - Feature selector aligned 113 features for gru_ADAEUR
2025-08-31 12:00:32 - validation_logger - INFO - Schema validation with low confidence: {"event_type": "schema_decision", "symbol": "ADAEUR", "model_type": "gru", "decision": "accept", "method": "comprehensive", "confidence": 0.0, "processing_time_ms": 31.43310546875, "action": "accept"}
2025-08-31 12:00:32 - enhanced_trader - INFO - GRU prediction for ADAEUR: 0.000116837712994311
2025-08-31 12:00:32 - enhanced_trader - INFO - Getting LightGBM prediction for ADAEUR...
2025-08-31 12:00:32 - src.data_pipeline.feature_selector - INFO - Aligning features for lightgbm_ADAEUR
2025-08-31 12:00:32 - src.data_pipeline.feature_selector - INFO - Using dynamic default feature count 113 for lightgbm
2025-08-31 12:00:32 - src.data_pipeline.feature_selector - INFO - Intelligent selection: 113 -> 113 features for lightgbm_ADAEUR
2025-08-31 12:00:32 - src.data_pipeline.features - INFO - Feature selector aligned 113 features for lightgbm_ADAEUR
2025-08-31 12:00:32 - validation_logger - INFO - Schema validation with low confidence: {"event_type": "schema_decision", "symbol": "ADAEUR", "model_type": "lightgbm", "decision": "accept", "method": "comprehensive", "confidence": 0.0, "processing_time_ms": 36.78154945373535, "action": "accept"}
2025-08-31 12:00:32 - enhanced_trader - INFO - LightGBM prediction for ADAEUR: 0.0037230782931399614
2025-08-31 12:00:32 - enhanced_trader - INFO - Getting PPO prediction for ADAEUR...
2025-08-31 12:00:32 - validation_logger - INFO - Schema validation with low confidence: {"event_type": "schema_decision", "symbol": "ADAEUR", "model_type": "ppo", "decision": "accept", "method": "comprehensive", "confidence": 0.0, "processing_time_ms": 8.886575698852539, "action": "accept"}
2025-08-31 12:00:32 - enhanced_trader - INFO - PPO prediction for ADAEUR: -4.908093810081482e-05
2025-08-31 12:00:32 - enhanced_trader - INFO - Combining predictions for ADAEUR: [('gru', 0.000116837712994311), ('lightgbm', 0.0037230782931399614), ('ppo', -4.908093810081482e-05)]
2025-08-31 12:00:32 - enhanced_trader - INFO - Completed signal generation for ADAEUR: 1
2025-08-31 12:00:32 - enhanced_trader - INFO - Processing signal generation for DOTEUR...
2025-08-31 12:00:32 - enhanced_trader - INFO - Preparing features for DOTEUR...
2025-08-31 12:00:32 - enhanced_trader - INFO - Starting model predictions for DOTEUR...
2025-08-31 12:00:32 - enhanced_trader - INFO - Getting GRU prediction for DOTEUR...
2025-08-31 12:00:32 - src.data_pipeline.feature_selector - INFO - Aligning features for gru_DOTEUR
2025-08-31 12:00:32 - src.data_pipeline.feature_selector - INFO - Using dynamic default feature count 113 for gru
2025-08-31 12:00:32 - src.data_pipeline.feature_selector - INFO - Intelligent selection: 113 -> 113 features for gru_DOTEUR
2025-08-31 12:00:32 - src.data_pipeline.features - INFO - Feature selector aligned 113 features for gru_DOTEUR
2025-08-31 12:00:32 - validation_logger - INFO - Schema validation with low confidence: {"event_type": "schema_decision", "symbol": "DOTEUR", "model_type": "gru", "decision": "accept", "method": "comprehensive", "confidence": 0.0, "processing_time_ms": 34.35182571411133, "action": "accept"}
2025-08-31 12:00:32 - enhanced_trader - INFO - GRU prediction for DOTEUR: 7.679382542846724e-05
2025-08-31 12:00:32 - enhanced_trader - INFO - Getting LightGBM prediction for DOTEUR...
2025-08-31 12:00:32 - src.data_pipeline.feature_selector - INFO - Aligning features for lightgbm_DOTEUR
2025-08-31 12:00:32 - src.data_pipeline.feature_selector - INFO - Using dynamic default feature count 113 for lightgbm
2025-08-31 12:00:32 - src.data_pipeline.feature_selector - INFO - Intelligent selection: 113 -> 113 features for lightgbm_DOTEUR
2025-08-31 12:00:32 - src.data_pipeline.features - INFO - Feature selector aligned 113 features for lightgbm_DOTEUR
2025-08-31 12:00:32 - validation_logger - INFO - Schema validation with low confidence: {"event_type": "schema_decision", "symbol": "DOTEUR", "model_type": "lightgbm", "decision": "accept", "method": "comprehensive", "confidence": 0.0, "processing_time_ms": 29.082536697387695, "action": "accept"}
2025-08-31 12:00:32 - enhanced_trader - INFO - LightGBM prediction for DOTEUR: 0.0031007750699027408
2025-08-31 12:00:32 - enhanced_trader - INFO - Getting PPO prediction for DOTEUR...
2025-08-31 12:00:32 - validation_logger - INFO - Schema validation with low confidence: {"event_type": "schema_decision", "symbol": "DOTEUR", "model_type": "ppo", "decision": "accept", "method": "comprehensive", "confidence": 0.0, "processing_time_ms": 8.686542510986328, "action": "accept"}
2025-08-31 12:00:32 - enhanced_trader - INFO - PPO prediction for DOTEUR: 0.0009161214828491211
2025-08-31 12:00:32 - enhanced_trader - INFO - Combining predictions for DOTEUR: [('gru', 7.679382542846724e-05), ('lightgbm', 0.0031007750699027408), ('ppo', 0.0009161214828491211)]
2025-08-31 12:00:32 - enhanced_trader - INFO - Completed signal generation for DOTEUR: 0
2025-08-31 12:00:32 - enhanced_trader - INFO - Processing signal generation for LINKEUR...
2025-08-31 12:00:32 - enhanced_trader - INFO - Preparing features for LINKEUR...
2025-08-31 12:00:32 - enhanced_trader - INFO - Starting model predictions for LINKEUR...
2025-08-31 12:00:32 - enhanced_trader - INFO - Getting GRU prediction for LINKEUR...
2025-08-31 12:00:32 - src.data_pipeline.feature_selector - INFO - Aligning features for gru_LINKEUR
2025-08-31 12:00:32 - src.data_pipeline.feature_selector - INFO - Using dynamic default feature count 113 for gru
2025-08-31 12:00:32 - src.data_pipeline.feature_selector - INFO - Intelligent selection: 113 -> 113 features for gru_LINKEUR
2025-08-31 12:00:32 - src.data_pipeline.features - INFO - Feature selector aligned 113 features for gru_LINKEUR
2025-08-31 12:00:32 - validation_logger - INFO - Schema validation with low confidence: {"event_type": "schema_decision", "symbol": "LINKEUR", "model_type": "gru", "decision": "accept", "method": "comprehensive", "confidence": 0.0, "processing_time_ms": 27.202367782592773, "action": "accept"}
2025-08-31 12:00:32 - enhanced_trader - INFO - GRU prediction for LINKEUR: 8.562141010770574e-05
2025-08-31 12:00:32 - enhanced_trader - INFO - Getting LightGBM prediction for LINKEUR...
2025-08-31 12:00:32 - src.data_pipeline.feature_selector - INFO - Aligning features for lightgbm_LINKEUR
2025-08-31 12:00:32 - src.data_pipeline.feature_selector - INFO - Using dynamic default feature count 113 for lightgbm
2025-08-31 12:00:32 - src.data_pipeline.feature_selector - INFO - Intelligent selection: 113 -> 113 features for lightgbm_LINKEUR
2025-08-31 12:00:32 - src.data_pipeline.features - INFO - Feature selector aligned 113 features for lightgbm_LINKEUR
2025-08-31 12:00:32 - validation_logger - INFO - Schema validation with low confidence: {"event_type": "schema_decision", "symbol": "LINKEUR", "model_type": "lightgbm", "decision": "accept", "method": "comprehensive", "confidence": 0.0, "processing_time_ms": 32.37128257751465, "action": "accept"}
2025-08-31 12:00:32 - enhanced_trader - INFO - LightGBM prediction for LINKEUR: 0.0001622937974817684
2025-08-31 12:00:32 - enhanced_trader - INFO - Getting PPO prediction for LINKEUR...
2025-08-31 12:00:32 - validation_logger - INFO - Schema validation with low confidence: {"event_type": "schema_decision", "symbol": "LINKEUR", "model_type": "ppo", "decision": "accept", "method": "comprehensive", "confidence": 0.0, "processing_time_ms": 11.415481567382812, "action": "accept"}
2025-08-31 12:00:32 - enhanced_trader - INFO - PPO prediction for LINKEUR: 0.0004215417206287384
2025-08-31 12:00:32 - enhanced_trader - INFO - Combining predictions for LINKEUR: [('gru', 8.562141010770574e-05), ('lightgbm', 0.0001622937974817684), ('ppo', 0.0004215417206287384)]
2025-08-31 12:00:32 - enhanced_trader - INFO - Completed signal generation for LINKEUR: 0
2025-08-31 12:00:32 - enhanced_trader - INFO - Signal generation completed for all symbols: {'BTCEUR': 0, 'ETHEUR': 0, 'ADAEUR': 1, 'DOTEUR': 0, 'LINKEUR': 0}
2025-08-31 12:00:32 - enhanced_trader - INFO - BUY ADAEUR: amt=609.173287 @ 0.7057 cost=430.54 bal=3868.40
2025-08-31 12:00:32 - enhanced_trader - INFO - Next 30m candle trade: 1783s (at 12:30:15) includes 15s buffer for fresh data
2025-08-31 12:00:32 - enhanced_trader - INFO - Waiting 1783 seconds until next 30m candle
2025-08-31 12:00:32 - httpx - INFO - HTTP Request: POST https://api.telegram.org/bot7733436451:AAH6Sls8uL4fEgd6Ty7VEKSBIMauhaVkN4c/sendMessage "HTTP/1.1 200 OK"
2025-08-31 12:00:34 - httpx - INFO - HTTP Request: POST https://api.telegram.org/bot7733436451:AAH6Sls8uL4fEgd6Ty7VEKSBIMauhaVkN4c/sendMessage "HTTP/1.1 200 OK"
2025-08-31 12:30:25 - enhanced_trader - INFO - Fetching 30m candles for ADAEUR: 26s since last boundary, next boundary in 1774s
2025-08-31 12:30:26 - enhanced_trader - INFO - Fetching 30m candles for BTCEUR: 26s since last boundary, next boundary in 1774s
2025-08-31 12:30:26 - enhanced_trader - INFO - Latest 30m candle for ADAEUR: 12:30 UTC (0.4 minutes ago)
2025-08-31 12:30:27 - enhanced_trader - INFO - Successfully fetched 300 records for ADAEUR
2025-08-31 12:30:27 - enhanced_trader - INFO - Fetching 30m candles for DOTEUR: 27s since last boundary, next boundary in 1773s
2025-08-31 12:30:27 - enhanced_trader - INFO - Fetching 30m candles for LINKEUR: 27s since last boundary, next boundary in 1773s
2025-08-31 12:30:27 - enhanced_trader - INFO - Latest 30m candle for BTCEUR: 12:30 UTC (0.5 minutes ago)
2025-08-31 12:30:27 - enhanced_trader - INFO - Successfully fetched 300 records for BTCEUR
2025-08-31 12:30:27 - src.data_pipeline.features - INFO - Generating features for 300 records
2025-08-31 12:30:27 - src.data_pipeline.features - INFO - Validating and cleaning source data...
2025-08-31 12:30:27 - src.data_pipeline.features - INFO - Generating features for 300 records
2025-08-31 12:30:27 - src.data_pipeline.features - INFO - Validating and cleaning source data...
2025-08-31 12:30:27 - src.data_pipeline.features - WARNING - Using absolute bounds for open due to corrupted statistics
2025-08-31 12:30:27 - src.data_pipeline.features - WARNING - Using absolute bounds for high due to corrupted statistics
2025-08-31 12:30:27 - src.data_pipeline.features - WARNING - Using absolute bounds for low due to corrupted statistics
2025-08-31 12:30:27 - enhanced_trader - INFO - Latest 30m candle for LINKEUR: 12:30 UTC (0.5 minutes ago)
2025-08-31 12:30:27 - enhanced_trader - INFO - Fetching 30m candles for ETHEUR: 28s since last boundary, next boundary in 1772s
2025-08-31 12:30:27 - src.data_pipeline.features - WARNING - Using absolute bounds for close due to corrupted statistics
2025-08-31 12:30:27 - src.data_pipeline.features - INFO - Source data validation and cleaning completed
2025-08-31 12:30:27 - enhanced_trader - INFO - Latest 30m candle for DOTEUR: 12:30 UTC (0.5 minutes ago)
2025-08-31 12:30:27 - enhanced_trader - INFO - Successfully fetched 300 records for LINKEUR
2025-08-31 12:30:27 - src.data_pipeline.features - INFO - Source data validation and cleaning completed
2025-08-31 12:30:27 - src.data_pipeline.features - INFO - Generating features for 300 records
2025-08-31 12:30:27 - enhanced_trader - INFO - Successfully fetched 300 records for DOTEUR
2025-08-31 12:30:27 - src.data_pipeline.features - INFO - Validating and cleaning source data...
2025-08-31 12:30:27 - src.data_pipeline.features - INFO - Applied intermediate validation after price features: clipped 1 features
2025-08-31 12:30:27 - src.data_pipeline.features - INFO - Applied intermediate validation after price features: clipped 4 features
2025-08-31 12:30:27 - src.data_pipeline.features - INFO - Generating features for 300 records
2025-08-31 12:30:27 - src.data_pipeline.features - WARNING - Using absolute bounds for open due to corrupted statistics
2025-08-31 12:30:27 - enhanced_trader - INFO - Latest 30m candle for ETHEUR: 12:30 UTC (0.5 minutes ago)
2025-08-31 12:30:27 - src.data_pipeline.features - INFO - Validating and cleaning source data...
2025-08-31 12:30:27 - src.data_pipeline.features - WARNING - Using absolute bounds for high due to corrupted statistics
2025-08-31 12:30:28 - src.data_pipeline.features - WARNING - Using absolute bounds for open due to corrupted statistics
2025-08-31 12:30:28 - enhanced_trader - INFO - Successfully fetched 300 records for ETHEUR
2025-08-31 12:30:28 - src.data_pipeline.features - WARNING - Using absolute bounds for low due to corrupted statistics
2025-08-31 12:30:28 - src.data_pipeline.features - WARNING - Using absolute bounds for high due to corrupted statistics
2025-08-31 12:30:28 - src.data_pipeline.features - INFO - Generating features for 300 records
2025-08-31 12:30:28 - src.data_pipeline.features - WARNING - Using absolute bounds for close due to corrupted statistics
2025-08-31 12:30:28 - src.data_pipeline.features - INFO - Validating and cleaning source data...
2025-08-31 12:30:28 - src.data_pipeline.features - WARNING - Using absolute bounds for low due to corrupted statistics
2025-08-31 12:30:28 - src.data_pipeline.features - WARNING - Large volume spike detected - max: 83405.15, median: 704.77
2025-08-31 12:30:28 - src.data_pipeline.features - INFO - Applied intermediate validation after technical indicators: clipped 1 features
2025-08-31 12:30:28 - src.data_pipeline.features - INFO - Applied intermediate validation after technical indicators: clipped 1 features
2025-08-31 12:30:28 - src.data_pipeline.features - WARNING - Using absolute bounds for close due to corrupted statistics
2025-08-31 12:30:28 - src.data_pipeline.features - INFO - Source data validation and cleaning completed
2025-08-31 12:30:28 - src.data_pipeline.features - INFO - Source data validation and cleaning completed
2025-08-31 12:30:28 - src.data_pipeline.features - INFO - Source data validation and cleaning completed
2025-08-31 12:30:28 - src.data_pipeline.features - INFO - Applied intermediate validation after price features: clipped 1 features
2025-08-31 12:30:28 - src.data_pipeline.features - INFO - Applied intermediate validation after price features: clipped 1 features
2025-08-31 12:30:29 - src.data_pipeline.features - INFO - Applied intermediate validation after volume features: clipped 1 features
2025-08-31 12:30:29 - src.data_pipeline.features - INFO - Applied intermediate validation after price features: clipped 1 features
2025-08-31 12:30:29 - src.data_pipeline.features - INFO - Applied intermediate validation after volatility features: clipped 1 features
2025-08-31 12:30:30 - src.data_pipeline.features - INFO - Applied intermediate validation after technical indicators: clipped 1 features
2025-08-31 12:30:30 - src.data_pipeline.features - INFO - Applied intermediate validation after technical indicators: clipped 1 features
2025-08-31 12:30:30 - src.data_pipeline.features - INFO - Applied intermediate validation after technical indicators: clipped 1 features
2025-08-31 12:30:30 - src.data_pipeline.features - INFO - Applied intermediate validation after advanced features: clipped 1 features
2025-08-31 12:30:30 - src.data_pipeline.features - INFO - Applying robust feature validation...
2025-08-31 12:30:30 - src.data_pipeline.features - INFO - Applying robust feature validation...
2025-08-31 12:30:31 - src.data_pipeline.features - INFO - Applying robust feature validation...
2025-08-31 12:30:31 - src.data_pipeline.features - INFO - Applying robust feature validation...
2025-08-31 12:30:32 - src.data_pipeline.features - INFO - Applying robust feature validation...
2025-08-31 12:30:32 - src.data_pipeline.features - INFO - Feature validation completed - max absolute value: 150000.000000
2025-08-31 12:30:32 - src.data_pipeline.features - INFO - Generated 113 new features
2025-08-31 12:30:32 - src.data_pipeline.features - INFO - Final data validation: NaN=0, Inf=0
2025-08-31 12:30:32 - src.data_pipeline.features - INFO - Feature validation completed - max absolute value: 500000.000000
2025-08-31 12:30:32 - enhanced_trader - INFO - Fetched 300 records for BTCEUR (parallel)
2025-08-31 12:30:32 - src.data_pipeline.features - INFO - Generated 113 new features
2025-08-31 12:30:32 - src.data_pipeline.features - INFO - Final data validation: NaN=0, Inf=0
2025-08-31 12:30:32 - enhanced_trader - INFO - Fetched 300 records for ADAEUR (parallel)
2025-08-31 12:30:32 - src.data_pipeline.features - INFO - Feature validation completed - max absolute value: 150000.000000
2025-08-31 12:30:32 - src.data_pipeline.features - INFO - Generated 113 new features
2025-08-31 12:30:32 - src.data_pipeline.features - INFO - Feature validation completed - max absolute value: 150000.000000
2025-08-31 12:30:32 - src.data_pipeline.features - INFO - Generated 113 new features
2025-08-31 12:30:32 - src.data_pipeline.features - INFO - Final data validation: NaN=0, Inf=0
2025-08-31 12:30:32 - src.data_pipeline.features - INFO - Final data validation: NaN=0, Inf=0
2025-08-31 12:30:32 - enhanced_trader - INFO - Fetched 300 records for DOTEUR (parallel)
2025-08-31 12:30:32 - enhanced_trader - INFO - Fetched 300 records for ETHEUR (parallel)
2025-08-31 12:30:32 - src.data_pipeline.features - INFO - Feature validation completed - max absolute value: 150000.000000
2025-08-31 12:30:32 - src.data_pipeline.features - INFO - Generated 113 new features
2025-08-31 12:30:32 - src.data_pipeline.features - INFO - Final data validation: NaN=0, Inf=0
2025-08-31 12:30:32 - enhanced_trader - INFO - Fetched 300 records for LINKEUR (parallel)
2025-08-31 12:30:32 - enhanced_trader - INFO - Generating signals for 5 symbols
2025-08-31 12:30:32 - enhanced_trader - INFO - Processing signal generation for BTCEUR...
2025-08-31 12:30:32 - enhanced_trader - INFO - Preparing features for BTCEUR...
2025-08-31 12:30:32 - enhanced_trader - INFO - Starting model predictions for BTCEUR...
2025-08-31 12:30:32 - enhanced_trader - INFO - Getting GRU prediction for BTCEUR...
2025-08-31 12:30:32 - src.data_pipeline.feature_selector - INFO - Aligning features for gru_BTCEUR
2025-08-31 12:30:32 - src.data_pipeline.feature_selector - INFO - Using dynamic default feature count 113 for gru
2025-08-31 12:30:32 - src.data_pipeline.feature_selector - INFO - Intelligent selection: 113 -> 113 features for gru_BTCEUR
2025-08-31 12:30:32 - src.data_pipeline.features - INFO - Feature selector aligned 113 features for gru_BTCEUR
2025-08-31 12:30:32 - validation_logger - INFO - Schema validation with low confidence: {"event_type": "schema_decision", "symbol": "BTCEUR", "model_type": "gru", "decision": "accept", "method": "comprehensive", "confidence": 0.0, "processing_time_ms": 34.13558006286621, "action": "accept"}
2025-08-31 12:30:32 - enhanced_trader - INFO - GRU prediction for BTCEUR: 8.010265446500853e-05
2025-08-31 12:30:32 - enhanced_trader - INFO - Getting LightGBM prediction for BTCEUR...
2025-08-31 12:30:32 - src.data_pipeline.feature_selector - INFO - Aligning features for lightgbm_BTCEUR
2025-08-31 12:30:32 - src.data_pipeline.feature_selector - INFO - Using dynamic default feature count 113 for lightgbm
2025-08-31 12:30:32 - src.data_pipeline.feature_selector - INFO - Intelligent selection: 113 -> 113 features for lightgbm_BTCEUR
2025-08-31 12:30:32 - src.data_pipeline.features - INFO - Feature selector aligned 113 features for lightgbm_BTCEUR
2025-08-31 12:30:32 - validation_logger - INFO - Schema validation with low confidence: {"event_type": "schema_decision", "symbol": "BTCEUR", "model_type": "lightgbm", "decision": "accept", "method": "comprehensive", "confidence": 0.0, "processing_time_ms": 31.470537185668945, "action": "accept"}
2025-08-31 12:30:32 - enhanced_trader - INFO - LightGBM prediction for BTCEUR: 0.0006767439337909213
2025-08-31 12:30:32 - enhanced_trader - INFO - Getting PPO prediction for BTCEUR...
2025-08-31 12:30:32 - validation_logger - INFO - Schema validation with low confidence: {"event_type": "schema_decision", "symbol": "BTCEUR", "model_type": "ppo", "decision": "accept", "method": "comprehensive", "confidence": 0.0, "processing_time_ms": 9.737253189086914, "action": "accept"}
2025-08-31 12:30:32 - enhanced_trader - INFO - PPO prediction for BTCEUR: 0.0003354158401489258
2025-08-31 12:30:32 - enhanced_trader - INFO - Combining predictions for BTCEUR: [('gru', 8.010265446500853e-05), ('lightgbm', 0.0006767439337909213), ('ppo', 0.0003354158401489258)]
2025-08-31 12:30:32 - enhanced_trader - INFO - Completed signal generation for BTCEUR: 0
2025-08-31 12:30:32 - enhanced_trader - INFO - Processing signal generation for ETHEUR...
2025-08-31 12:30:32 - enhanced_trader - INFO - Preparing features for ETHEUR...
2025-08-31 12:30:32 - enhanced_trader - INFO - Starting model predictions for ETHEUR...
2025-08-31 12:30:32 - enhanced_trader - INFO - Getting GRU prediction for ETHEUR...
2025-08-31 12:30:32 - src.data_pipeline.feature_selector - INFO - Aligning features for gru_ETHEUR
2025-08-31 12:30:32 - src.data_pipeline.feature_selector - INFO - Using dynamic default feature count 113 for gru
2025-08-31 12:30:32 - src.data_pipeline.feature_selector - INFO - Intelligent selection: 113 -> 113 features for gru_ETHEUR
2025-08-31 12:30:32 - src.data_pipeline.features - INFO - Feature selector aligned 113 features for gru_ETHEUR
2025-08-31 12:30:32 - validation_logger - INFO - Schema validation with low confidence: {"event_type": "schema_decision", "symbol": "ETHEUR", "model_type": "gru", "decision": "accept", "method": "comprehensive", "confidence": 0.0, "processing_time_ms": 38.01393508911133, "action": "accept"}
2025-08-31 12:30:32 - enhanced_trader - INFO - GRU prediction for ETHEUR: 6.480143201770261e-05
2025-08-31 12:30:32 - enhanced_trader - INFO - Getting LightGBM prediction for ETHEUR...
2025-08-31 12:30:32 - src.data_pipeline.feature_selector - INFO - Aligning features for lightgbm_ETHEUR
2025-08-31 12:30:32 - src.data_pipeline.feature_selector - INFO - Using dynamic default feature count 113 for lightgbm
2025-08-31 12:30:32 - src.data_pipeline.feature_selector - INFO - Intelligent selection: 113 -> 113 features for lightgbm_ETHEUR
2025-08-31 12:30:32 - src.data_pipeline.features - INFO - Feature selector aligned 113 features for lightgbm_ETHEUR
2025-08-31 12:30:32 - validation_logger - INFO - Schema validation with low confidence: {"event_type": "schema_decision", "symbol": "ETHEUR", "model_type": "lightgbm", "decision": "accept", "method": "comprehensive", "confidence": 0.0, "processing_time_ms": 35.98618507385254, "action": "accept"}
2025-08-31 12:30:32 - enhanced_trader - INFO - LightGBM prediction for ETHEUR: -7.85299140186921e-05
2025-08-31 12:30:32 - enhanced_trader - INFO - Getting PPO prediction for ETHEUR...
2025-08-31 12:30:32 - validation_logger - INFO - Schema validation with low confidence: {"event_type": "schema_decision", "symbol": "ETHEUR", "model_type": "ppo", "decision": "accept", "method": "comprehensive", "confidence": 0.0, "processing_time_ms": 9.802579879760742, "action": "accept"}
2025-08-31 12:30:32 - enhanced_trader - INFO - PPO prediction for ETHEUR: -0.00020054736733436584
2025-08-31 12:30:32 - enhanced_trader - INFO - Combining predictions for ETHEUR: [('gru', 6.480143201770261e-05), ('lightgbm', -7.85299140186921e-05), ('ppo', -0.00020054736733436584)]
2025-08-31 12:30:32 - enhanced_trader - INFO - Completed signal generation for ETHEUR: 0
2025-08-31 12:30:32 - enhanced_trader - INFO - Processing signal generation for ADAEUR...
2025-08-31 12:30:32 - enhanced_trader - INFO - Preparing features for ADAEUR...
2025-08-31 12:30:32 - enhanced_trader - INFO - Starting model predictions for ADAEUR...
2025-08-31 12:30:32 - enhanced_trader - INFO - Getting GRU prediction for ADAEUR...
2025-08-31 12:30:32 - src.data_pipeline.feature_selector - INFO - Aligning features for gru_ADAEUR
2025-08-31 12:30:32 - src.data_pipeline.feature_selector - INFO - Using dynamic default feature count 113 for gru
2025-08-31 12:30:32 - src.data_pipeline.feature_selector - INFO - Intelligent selection: 113 -> 113 features for gru_ADAEUR
2025-08-31 12:30:32 - src.data_pipeline.features - INFO - Feature selector aligned 113 features for gru_ADAEUR
2025-08-31 12:30:32 - validation_logger - INFO - Schema validation with low confidence: {"event_type": "schema_decision", "symbol": "ADAEUR", "model_type": "gru", "decision": "accept", "method": "comprehensive", "confidence": 0.0, "processing_time_ms": 37.07170486450195, "action": "accept"}
2025-08-31 12:30:32 - enhanced_trader - INFO - GRU prediction for ADAEUR: 0.000116837712994311
2025-08-31 12:30:32 - enhanced_trader - INFO - Getting LightGBM prediction for ADAEUR...
2025-08-31 12:30:32 - src.data_pipeline.feature_selector - INFO - Aligning features for lightgbm_ADAEUR
2025-08-31 12:30:32 - src.data_pipeline.feature_selector - INFO - Using dynamic default feature count 113 for lightgbm
2025-08-31 12:30:32 - src.data_pipeline.feature_selector - INFO - Intelligent selection: 113 -> 113 features for lightgbm_ADAEUR
2025-08-31 12:30:32 - src.data_pipeline.features - INFO - Feature selector aligned 113 features for lightgbm_ADAEUR
2025-08-31 12:30:32 - validation_logger - INFO - Schema validation with low confidence: {"event_type": "schema_decision", "symbol": "ADAEUR", "model_type": "lightgbm", "decision": "accept", "method": "comprehensive", "confidence": 0.0, "processing_time_ms": 28.899192810058594, "action": "accept"}
2025-08-31 12:30:32 - enhanced_trader - INFO - LightGBM prediction for ADAEUR: 0.002285566525587741
2025-08-31 12:30:32 - enhanced_trader - INFO - Getting PPO prediction for ADAEUR...
2025-08-31 12:30:32 - validation_logger - INFO - Schema validation with low confidence: {"event_type": "schema_decision", "symbol": "ADAEUR", "model_type": "ppo", "decision": "accept", "method": "comprehensive", "confidence": 0.0, "processing_time_ms": 8.846282958984375, "action": "accept"}
2025-08-31 12:30:32 - enhanced_trader - INFO - PPO prediction for ADAEUR: -5.678803846240044e-05
2025-08-31 12:30:32 - enhanced_trader - INFO - Combining predictions for ADAEUR: [('gru', 0.000116837712994311), ('lightgbm', 0.002285566525587741), ('ppo', -5.678803846240044e-05)]
2025-08-31 12:30:32 - enhanced_trader - INFO - Completed signal generation for ADAEUR: 1
2025-08-31 12:30:32 - enhanced_trader - INFO - Processing signal generation for DOTEUR...
2025-08-31 12:30:32 - enhanced_trader - INFO - Preparing features for DOTEUR...
2025-08-31 12:30:32 - enhanced_trader - INFO - Starting model predictions for DOTEUR...
2025-08-31 12:30:32 - enhanced_trader - INFO - Getting GRU prediction for DOTEUR...
2025-08-31 12:30:32 - src.data_pipeline.feature_selector - INFO - Aligning features for gru_DOTEUR
2025-08-31 12:30:32 - src.data_pipeline.feature_selector - INFO - Using dynamic default feature count 113 for gru
2025-08-31 12:30:32 - src.data_pipeline.feature_selector - INFO - Intelligent selection: 113 -> 113 features for gru_DOTEUR
2025-08-31 12:30:32 - src.data_pipeline.features - INFO - Feature selector aligned 113 features for gru_DOTEUR
2025-08-31 12:30:32 - validation_logger - INFO - Schema validation with low confidence: {"event_type": "schema_decision", "symbol": "DOTEUR", "model_type": "gru", "decision": "accept", "method": "comprehensive", "confidence": 0.0, "processing_time_ms": 39.67452049255371, "action": "accept"}
2025-08-31 12:30:32 - enhanced_trader - INFO - GRU prediction for DOTEUR: 7.679382542846724e-05
2025-08-31 12:30:32 - enhanced_trader - INFO - Getting LightGBM prediction for DOTEUR...
2025-08-31 12:30:32 - src.data_pipeline.feature_selector - INFO - Aligning features for lightgbm_DOTEUR
2025-08-31 12:30:32 - src.data_pipeline.feature_selector - INFO - Using dynamic default feature count 113 for lightgbm
2025-08-31 12:30:32 - src.data_pipeline.feature_selector - INFO - Intelligent selection: 113 -> 113 features for lightgbm_DOTEUR
2025-08-31 12:30:32 - src.data_pipeline.features - INFO - Feature selector aligned 113 features for lightgbm_DOTEUR
2025-08-31 12:30:32 - validation_logger - INFO - Schema validation with low confidence: {"event_type": "schema_decision", "symbol": "DOTEUR", "model_type": "lightgbm", "decision": "accept", "method": "comprehensive", "confidence": 0.0, "processing_time_ms": 39.71552848815918, "action": "accept"}
2025-08-31 12:30:32 - enhanced_trader - INFO - LightGBM prediction for DOTEUR: 0.0031007750699027408
2025-08-31 12:30:32 - enhanced_trader - INFO - Getting PPO prediction for DOTEUR...
2025-08-31 12:30:32 - validation_logger - INFO - Schema validation with low confidence: {"event_type": "schema_decision", "symbol": "DOTEUR", "model_type": "ppo", "decision": "accept", "method": "comprehensive", "confidence": 0.0, "processing_time_ms": 11.231660842895508, "action": "accept"}
2025-08-31 12:30:32 - enhanced_trader - INFO - PPO prediction for DOTEUR: 0.0009852988123893738
2025-08-31 12:30:32 - enhanced_trader - INFO - Combining predictions for DOTEUR: [('gru', 7.679382542846724e-05), ('lightgbm', 0.0031007750699027408), ('ppo', 0.0009852988123893738)]
2025-08-31 12:30:32 - enhanced_trader - INFO - Completed signal generation for DOTEUR: 0
2025-08-31 12:30:32 - enhanced_trader - INFO - Processing signal generation for LINKEUR...
2025-08-31 12:30:32 - enhanced_trader - INFO - Preparing features for LINKEUR...
2025-08-31 12:30:32 - enhanced_trader - INFO - Starting model predictions for LINKEUR...
2025-08-31 12:30:32 - enhanced_trader - INFO - Getting GRU prediction for LINKEUR...
2025-08-31 12:30:32 - src.data_pipeline.feature_selector - INFO - Aligning features for gru_LINKEUR
2025-08-31 12:30:32 - src.data_pipeline.feature_selector - INFO - Using dynamic default feature count 113 for gru
2025-08-31 12:30:32 - src.data_pipeline.feature_selector - INFO - Intelligent selection: 113 -> 113 features for gru_LINKEUR
2025-08-31 12:30:32 - src.data_pipeline.features - INFO - Feature selector aligned 113 features for gru_LINKEUR
2025-08-31 12:30:32 - validation_logger - INFO - Schema validation with low confidence: {"event_type": "schema_decision", "symbol": "LINKEUR", "model_type": "gru", "decision": "accept", "method": "comprehensive", "confidence": 0.0, "processing_time_ms": 38.99335861206055, "action": "accept"}
2025-08-31 12:30:32 - enhanced_trader - INFO - GRU prediction for LINKEUR: 8.562141010770574e-05
2025-08-31 12:30:32 - enhanced_trader - INFO - Getting LightGBM prediction for LINKEUR...
2025-08-31 12:30:32 - src.data_pipeline.feature_selector - INFO - Aligning features for lightgbm_LINKEUR
2025-08-31 12:30:32 - src.data_pipeline.feature_selector - INFO - Using dynamic default feature count 113 for lightgbm
2025-08-31 12:30:32 - src.data_pipeline.feature_selector - INFO - Intelligent selection: 113 -> 113 features for lightgbm_LINKEUR
2025-08-31 12:30:32 - src.data_pipeline.features - INFO - Feature selector aligned 113 features for lightgbm_LINKEUR
2025-08-31 12:30:33 - validation_logger - INFO - Schema validation with low confidence: {"event_type": "schema_decision", "symbol": "LINKEUR", "model_type": "lightgbm", "decision": "accept", "method": "comprehensive", "confidence": 0.0, "processing_time_ms": 39.728641510009766, "action": "accept"}
2025-08-31 12:30:33 - enhanced_trader - INFO - LightGBM prediction for LINKEUR: 0.0001622937974817684
2025-08-31 12:30:33 - enhanced_trader - INFO - Getting PPO prediction for LINKEUR...
2025-08-31 12:30:33 - validation_logger - INFO - Schema validation with low confidence: {"event_type": "schema_decision", "symbol": "LINKEUR", "model_type": "ppo", "decision": "accept", "method": "comprehensive", "confidence": 0.0, "processing_time_ms": 12.033939361572266, "action": "accept"}
2025-08-31 12:30:33 - enhanced_trader - INFO - PPO prediction for LINKEUR: 0.0005232232213020324
2025-08-31 12:30:33 - enhanced_trader - INFO - Combining predictions for LINKEUR: [('gru', 8.562141010770574e-05), ('lightgbm', 0.0001622937974817684), ('ppo', 0.0005232232213020324)]
2025-08-31 12:30:33 - enhanced_trader - INFO - Completed signal generation for LINKEUR: 0
2025-08-31 12:30:33 - enhanced_trader - INFO - Signal generation completed for all symbols: {'BTCEUR': 0, 'ETHEUR': 0, 'ADAEUR': 1, 'DOTEUR': 0, 'LINKEUR': 0}
2025-08-31 12:30:33 - enhanced_trader - INFO - BUY ADAEUR: amt=550.113404 @ 0.7032 cost=387.42 bal=3480.98
2025-08-31 12:30:33 - enhanced_trader - INFO - Next 30m candle trade: 1782s (at 13:00:15) includes 15s buffer for fresh data
2025-08-31 12:30:33 - enhanced_trader - INFO - Waiting 1782 seconds until next 30m candle
2025-08-31 12:30:33 - httpx - INFO - HTTP Request: POST https://api.telegram.org/bot7733436451:AAH6Sls8uL4fEgd6Ty7VEKSBIMauhaVkN4c/sendMessage "HTTP/1.1 200 OK"
2025-08-31 12:30:34 - httpx - INFO - HTTP Request: POST https://api.telegram.org/bot7733436451:AAH6Sls8uL4fEgd6Ty7VEKSBIMauhaVkN4c/sendMessage "HTTP/1.1 200 OK"
2025-08-31 13:00:23 - enhanced_trader - INFO - Fetching 30m candles for DOTEUR: 24s since last boundary, next boundary in 1776s
2025-08-31 13:00:24 - enhanced_trader - INFO - Latest 30m candle for DOTEUR: 13:00 UTC (0.4 minutes ago)
2025-08-31 13:00:24 - enhanced_trader - INFO - Successfully fetched 300 records for DOTEUR
2025-08-31 13:00:24 - src.data_pipeline.features - INFO - Generating features for 300 records
2025-08-31 13:00:24 - src.data_pipeline.features - INFO - Validating and cleaning source data...
2025-08-31 13:00:25 - enhanced_trader - INFO - Fetching 30m candles for LINKEUR: 25s since last boundary, next boundary in 1775s
2025-08-31 13:00:25 - src.data_pipeline.features - WARNING - Using absolute bounds for open due to corrupted statistics
2025-08-31 13:00:25 - src.data_pipeline.features - WARNING - Using absolute bounds for high due to corrupted statistics
2025-08-31 13:00:25 - enhanced_trader - INFO - Fetching 30m candles for ADAEUR: 25s since last boundary, next boundary in 1775s
2025-08-31 13:00:25 - src.data_pipeline.features - WARNING - Using absolute bounds for low due to corrupted statistics
2025-08-31 13:00:25 - enhanced_trader - INFO - Fetching 30m candles for ETHEUR: 25s since last boundary, next boundary in 1775s
2025-08-31 13:00:25 - src.data_pipeline.features - WARNING - Using absolute bounds for close due to corrupted statistics
2025-08-31 13:00:25 - enhanced_trader - INFO - Fetching 30m candles for BTCEUR: 25s since last boundary, next boundary in 1775s
2025-08-31 13:00:25 - enhanced_trader - INFO - Latest 30m candle for LINKEUR: 13:00 UTC (0.4 minutes ago)
2025-08-31 13:00:25 - src.data_pipeline.features - INFO - Source data validation and cleaning completed
2025-08-31 13:00:25 - enhanced_trader - INFO - Successfully fetched 300 records for LINKEUR
2025-08-31 13:00:25 - src.data_pipeline.features - INFO - Generating features for 300 records
2025-08-31 13:00:25 - src.data_pipeline.features - INFO - Validating and cleaning source data...
2025-08-31 13:00:25 - src.data_pipeline.features - WARNING - Using absolute bounds for open due to corrupted statistics
2025-08-31 13:00:25 - src.data_pipeline.features - INFO - Applied intermediate validation after price features: clipped 1 features
2025-08-31 13:00:25 - src.data_pipeline.features - WARNING - Using absolute bounds for high due to corrupted statistics
2025-08-31 13:00:25 - enhanced_trader - INFO - Latest 30m candle for ADAEUR: 13:00 UTC (0.4 minutes ago)
2025-08-31 13:00:25 - src.data_pipeline.features - WARNING - Using absolute bounds for low due to corrupted statistics
2025-08-31 13:00:25 - enhanced_trader - INFO - Latest 30m candle for ETHEUR: 13:00 UTC (0.4 minutes ago)
2025-08-31 13:00:25 - enhanced_trader - INFO - Successfully fetched 300 records for ADAEUR
2025-08-31 13:00:25 - enhanced_trader - INFO - Latest 30m candle for BTCEUR: 13:00 UTC (0.4 minutes ago)
2025-08-31 13:00:25 - src.data_pipeline.features - WARNING - Using absolute bounds for close due to corrupted statistics
2025-08-31 13:00:25 - enhanced_trader - INFO - Successfully fetched 300 records for ETHEUR
2025-08-31 13:00:25 - src.data_pipeline.features - WARNING - Large volume spike detected - max: 83405.15, median: 704.77
2025-08-31 13:00:25 - src.data_pipeline.features - INFO - Generating features for 300 records
2025-08-31 13:00:25 - enhanced_trader - INFO - Successfully fetched 300 records for BTCEUR
2025-08-31 13:00:26 - src.data_pipeline.features - INFO - Validating and cleaning source data...
2025-08-31 13:00:26 - src.data_pipeline.features - INFO - Generating features for 300 records
2025-08-31 13:00:26 - src.data_pipeline.features - INFO - Source data validation and cleaning completed
2025-08-31 13:00:26 - src.data_pipeline.features - INFO - Validating and cleaning source data...
2025-08-31 13:00:26 - src.data_pipeline.features - INFO - Generating features for 300 records
2025-08-31 13:00:26 - src.data_pipeline.features - WARNING - Using absolute bounds for open due to corrupted statistics
2025-08-31 13:00:26 - src.data_pipeline.features - INFO - Validating and cleaning source data...
2025-08-31 13:00:26 - src.data_pipeline.features - INFO - Source data validation and cleaning completed
2025-08-31 13:00:26 - src.data_pipeline.features - INFO - Applied intermediate validation after price features: clipped 1 features
2025-08-31 13:00:26 - src.data_pipeline.features - WARNING - Using absolute bounds for high due to corrupted statistics
2025-08-31 13:00:26 - src.data_pipeline.features - WARNING - Using absolute bounds for low due to corrupted statistics
2025-08-31 13:00:26 - src.data_pipeline.features - INFO - Applied intermediate validation after technical indicators: clipped 1 features
2025-08-31 13:00:26 - src.data_pipeline.features - INFO - Source data validation and cleaning completed
2025-08-31 13:00:26 - src.data_pipeline.features - WARNING - Using absolute bounds for close due to corrupted statistics
2025-08-31 13:00:26 - src.data_pipeline.features - INFO - Applied intermediate validation after price features: clipped 1 features
2025-08-31 13:00:26 - src.data_pipeline.features - INFO - Source data validation and cleaning completed
2025-08-31 13:00:27 - src.data_pipeline.features - INFO - Applied intermediate validation after price features: clipped 1 features
2025-08-31 13:00:27 - src.data_pipeline.features - INFO - Applied intermediate validation after price features: clipped 4 features
2025-08-31 13:00:27 - src.data_pipeline.features - INFO - Applied intermediate validation after technical indicators: clipped 1 features
2025-08-31 13:00:27 - src.data_pipeline.features - INFO - Applied intermediate validation after technical indicators: clipped 1 features
2025-08-31 13:00:28 - src.data_pipeline.features - INFO - Applied intermediate validation after technical indicators: clipped 1 features
2025-08-31 13:00:28 - src.data_pipeline.features - INFO - Applied intermediate validation after technical indicators: clipped 1 features
2025-08-31 13:00:28 - src.data_pipeline.features - INFO - Applying robust feature validation...
2025-08-31 13:00:29 - src.data_pipeline.features - INFO - Applied intermediate validation after volume features: clipped 1 features
2025-08-31 13:00:29 - src.data_pipeline.features - INFO - Applying robust feature validation...
2025-08-31 13:00:29 - src.data_pipeline.features - INFO - Applying robust feature validation...
2025-08-31 13:00:30 - src.data_pipeline.features - INFO - Applying robust feature validation...
2025-08-31 13:00:30 - src.data_pipeline.features - INFO - Applied intermediate validation after advanced features: clipped 1 features
2025-08-31 13:00:30 - src.data_pipeline.features - INFO - Applying robust feature validation...
2025-08-31 13:00:30 - src.data_pipeline.features - INFO - Feature validation completed - max absolute value: 150000.000000
2025-08-31 13:00:30 - src.data_pipeline.features - INFO - Generated 113 new features
2025-08-31 13:00:30 - src.data_pipeline.features - INFO - Final data validation: NaN=0, Inf=0
2025-08-31 13:00:30 - enhanced_trader - INFO - Fetched 300 records for DOTEUR (parallel)
2025-08-31 13:00:30 - src.data_pipeline.features - INFO - Feature validation completed - max absolute value: 150000.000000
2025-08-31 13:00:30 - src.data_pipeline.features - INFO - Generated 113 new features
2025-08-31 13:00:30 - src.data_pipeline.features - INFO - Final data validation: NaN=0, Inf=0
2025-08-31 13:00:30 - enhanced_trader - INFO - Fetched 300 records for LINKEUR (parallel)
2025-08-31 13:00:30 - src.data_pipeline.features - INFO - Feature validation completed - max absolute value: 150000.000000
2025-08-31 13:00:30 - src.data_pipeline.features - INFO - Generated 113 new features
2025-08-31 13:00:30 - src.data_pipeline.features - INFO - Final data validation: NaN=0, Inf=0
2025-08-31 13:00:31 - enhanced_trader - INFO - Fetched 300 records for ETHEUR (parallel)
2025-08-31 13:00:31 - src.data_pipeline.features - INFO - Feature validation completed - max absolute value: 150000.000000
2025-08-31 13:00:31 - src.data_pipeline.features - INFO - Generated 113 new features
2025-08-31 13:00:31 - src.data_pipeline.features - INFO - Final data validation: NaN=0, Inf=0
2025-08-31 13:00:31 - src.data_pipeline.features - INFO - Feature validation completed - max absolute value: 500000.000000
2025-08-31 13:00:31 - src.data_pipeline.features - INFO - Generated 113 new features
2025-08-31 13:00:31 - enhanced_trader - INFO - Fetched 300 records for BTCEUR (parallel)
2025-08-31 13:00:31 - src.data_pipeline.features - INFO - Final data validation: NaN=0, Inf=0
2025-08-31 13:00:31 - enhanced_trader - INFO - Fetched 300 records for ADAEUR (parallel)
2025-08-31 13:00:31 - enhanced_trader - INFO - Generating signals for 5 symbols
2025-08-31 13:00:31 - enhanced_trader - INFO - Processing signal generation for BTCEUR...
2025-08-31 13:00:31 - enhanced_trader - INFO - Preparing features for BTCEUR...
2025-08-31 13:00:31 - enhanced_trader - INFO - Starting model predictions for BTCEUR...
2025-08-31 13:00:31 - enhanced_trader - INFO - Getting GRU prediction for BTCEUR...
2025-08-31 13:00:31 - src.data_pipeline.feature_selector - INFO - Aligning features for gru_BTCEUR
2025-08-31 13:00:31 - src.data_pipeline.feature_selector - INFO - Using dynamic default feature count 113 for gru
2025-08-31 13:00:31 - src.data_pipeline.feature_selector - INFO - Intelligent selection: 113 -> 113 features for gru_BTCEUR
2025-08-31 13:00:31 - src.data_pipeline.features - INFO - Feature selector aligned 113 features for gru_BTCEUR
2025-08-31 13:00:31 - validation_logger - INFO - Schema validation with low confidence: {"event_type": "schema_decision", "symbol": "BTCEUR", "model_type": "gru", "decision": "accept", "method": "comprehensive", "confidence": 0.0, "processing_time_ms": 36.31281852722168, "action": "accept"}
2025-08-31 13:00:31 - enhanced_trader - INFO - GRU prediction for BTCEUR: 8.010265446500853e-05
2025-08-31 13:00:31 - enhanced_trader - INFO - Getting LightGBM prediction for BTCEUR...
2025-08-31 13:00:31 - src.data_pipeline.feature_selector - INFO - Aligning features for lightgbm_BTCEUR
2025-08-31 13:00:31 - src.data_pipeline.feature_selector - INFO - Using dynamic default feature count 113 for lightgbm
2025-08-31 13:00:31 - src.data_pipeline.feature_selector - INFO - Intelligent selection: 113 -> 113 features for lightgbm_BTCEUR
2025-08-31 13:00:31 - src.data_pipeline.features - INFO - Feature selector aligned 113 features for lightgbm_BTCEUR
2025-08-31 13:00:31 - validation_logger - INFO - Schema validation with low confidence: {"event_type": "schema_decision", "symbol": "BTCEUR", "model_type": "lightgbm", "decision": "accept", "method": "comprehensive", "confidence": 0.0, "processing_time_ms": 30.050277709960938, "action": "accept"}
2025-08-31 13:00:31 - enhanced_trader - INFO - LightGBM prediction for BTCEUR: 0.0006767439337909213
2025-08-31 13:00:31 - enhanced_trader - INFO - Getting PPO prediction for BTCEUR...
2025-08-31 13:00:31 - validation_logger - INFO - Schema validation with low confidence: {"event_type": "schema_decision", "symbol": "BTCEUR", "model_type": "ppo", "decision": "accept", "method": "comprehensive", "confidence": 0.0, "processing_time_ms": 8.358001708984375, "action": "accept"}
2025-08-31 13:00:31 - enhanced_trader - INFO - PPO prediction for BTCEUR: 8.44716727733612e-05
2025-08-31 13:00:31 - enhanced_trader - INFO - Combining predictions for BTCEUR: [('gru', 8.010265446500853e-05), ('lightgbm', 0.0006767439337909213), ('ppo', 8.44716727733612e-05)]
2025-08-31 13:00:31 - enhanced_trader - INFO - Completed signal generation for BTCEUR: 0
2025-08-31 13:00:31 - enhanced_trader - INFO - Processing signal generation for ETHEUR...
2025-08-31 13:00:31 - enhanced_trader - INFO - Preparing features for ETHEUR...
2025-08-31 13:00:31 - enhanced_trader - INFO - Starting model predictions for ETHEUR...
2025-08-31 13:00:31 - enhanced_trader - INFO - Getting GRU prediction for ETHEUR...
2025-08-31 13:00:31 - src.data_pipeline.feature_selector - INFO - Aligning features for gru_ETHEUR
2025-08-31 13:00:31 - src.data_pipeline.feature_selector - INFO - Using dynamic default feature count 113 for gru
2025-08-31 13:00:31 - src.data_pipeline.feature_selector - INFO - Intelligent selection: 113 -> 113 features for gru_ETHEUR
2025-08-31 13:00:31 - src.data_pipeline.features - INFO - Feature selector aligned 113 features for gru_ETHEUR
2025-08-31 13:00:31 - validation_logger - INFO - Schema validation with low confidence: {"event_type": "schema_decision", "symbol": "ETHEUR", "model_type": "gru", "decision": "accept", "method": "comprehensive", "confidence": 0.0, "processing_time_ms": 34.82246398925781, "action": "accept"}
2025-08-31 13:00:31 - enhanced_trader - INFO - GRU prediction for ETHEUR: 6.480143201770261e-05
2025-08-31 13:00:31 - enhanced_trader - INFO - Getting LightGBM prediction for ETHEUR...
2025-08-31 13:00:31 - src.data_pipeline.feature_selector - INFO - Aligning features for lightgbm_ETHEUR
2025-08-31 13:00:31 - src.data_pipeline.feature_selector - INFO - Using dynamic default feature count 113 for lightgbm
2025-08-31 13:00:31 - src.data_pipeline.feature_selector - INFO - Intelligent selection: 113 -> 113 features for lightgbm_ETHEUR
2025-08-31 13:00:31 - src.data_pipeline.features - INFO - Feature selector aligned 113 features for lightgbm_ETHEUR
2025-08-31 13:00:31 - validation_logger - INFO - Schema validation with low confidence: {"event_type": "schema_decision", "symbol": "ETHEUR", "model_type": "lightgbm", "decision": "accept", "method": "comprehensive", "confidence": 0.0, "processing_time_ms": 31.133651733398438, "action": "accept"}
2025-08-31 13:00:31 - enhanced_trader - INFO - LightGBM prediction for ETHEUR: 0.00036156868309249256
2025-08-31 13:00:31 - enhanced_trader - INFO - Getting PPO prediction for ETHEUR...
2025-08-31 13:00:31 - validation_logger - INFO - Schema validation with low confidence: {"event_type": "schema_decision", "symbol": "ETHEUR", "model_type": "ppo", "decision": "accept", "method": "comprehensive", "confidence": 0.0, "processing_time_ms": 9.119749069213867, "action": "accept"}
2025-08-31 13:00:31 - enhanced_trader - INFO - PPO prediction for ETHEUR: -0.00018920445442199707
2025-08-31 13:00:31 - enhanced_trader - INFO - Combining predictions for ETHEUR: [('gru', 6.480143201770261e-05), ('lightgbm', 0.00036156868309249256), ('ppo', -0.00018920445442199707)]
2025-08-31 13:00:31 - enhanced_trader - INFO - Completed signal generation for ETHEUR: 0
2025-08-31 13:00:31 - enhanced_trader - INFO - Processing signal generation for ADAEUR...
2025-08-31 13:00:31 - enhanced_trader - INFO - Preparing features for ADAEUR...
2025-08-31 13:00:31 - enhanced_trader - INFO - Starting model predictions for ADAEUR...
2025-08-31 13:00:31 - enhanced_trader - INFO - Getting GRU prediction for ADAEUR...
2025-08-31 13:00:31 - src.data_pipeline.feature_selector - INFO - Aligning features for gru_ADAEUR
2025-08-31 13:00:31 - src.data_pipeline.feature_selector - INFO - Using dynamic default feature count 113 for gru
2025-08-31 13:00:31 - src.data_pipeline.feature_selector - INFO - Intelligent selection: 113 -> 113 features for gru_ADAEUR
2025-08-31 13:00:31 - src.data_pipeline.features - INFO - Feature selector aligned 113 features for gru_ADAEUR
2025-08-31 13:00:31 - validation_logger - INFO - Schema validation with low confidence: {"event_type": "schema_decision", "symbol": "ADAEUR", "model_type": "gru", "decision": "accept", "method": "comprehensive", "confidence": 0.0, "processing_time_ms": 28.16319465637207, "action": "accept"}
2025-08-31 13:00:31 - enhanced_trader - INFO - GRU prediction for ADAEUR: 0.000116837712994311
2025-08-31 13:00:31 - enhanced_trader - INFO - Getting LightGBM prediction for ADAEUR...
2025-08-31 13:00:31 - src.data_pipeline.feature_selector - INFO - Aligning features for lightgbm_ADAEUR
2025-08-31 13:00:31 - src.data_pipeline.feature_selector - INFO - Using dynamic default feature count 113 for lightgbm
2025-08-31 13:00:31 - src.data_pipeline.feature_selector - INFO - Intelligent selection: 113 -> 113 features for lightgbm_ADAEUR
2025-08-31 13:00:31 - src.data_pipeline.features - INFO - Feature selector aligned 113 features for lightgbm_ADAEUR
2025-08-31 13:00:31 - validation_logger - INFO - Schema validation with low confidence: {"event_type": "schema_decision", "symbol": "ADAEUR", "model_type": "lightgbm", "decision": "accept", "method": "comprehensive", "confidence": 0.0, "processing_time_ms": 32.73749351501465, "action": "accept"}
2025-08-31 13:00:31 - enhanced_trader - INFO - LightGBM prediction for ADAEUR: 0.00011396485232378576
2025-08-31 13:00:31 - enhanced_trader - INFO - Getting PPO prediction for ADAEUR...
2025-08-31 13:00:31 - validation_logger - INFO - Schema validation with low confidence: {"event_type": "schema_decision", "symbol": "ADAEUR", "model_type": "ppo", "decision": "accept", "method": "comprehensive", "confidence": 0.0, "processing_time_ms": 11.108636856079102, "action": "accept"}
2025-08-31 13:00:31 - enhanced_trader - INFO - PPO prediction for ADAEUR: -4.162216559052467e-05
2025-08-31 13:00:31 - enhanced_trader - INFO - Combining predictions for ADAEUR: [('gru', 0.000116837712994311), ('lightgbm', 0.00011396485232378576), ('ppo', -4.162216559052467e-05)]
2025-08-31 13:00:31 - enhanced_trader - INFO - Completed signal generation for ADAEUR: 0
2025-08-31 13:00:31 - enhanced_trader - INFO - Processing signal generation for DOTEUR...
2025-08-31 13:00:31 - enhanced_trader - INFO - Preparing features for DOTEUR...
2025-08-31 13:00:31 - enhanced_trader - INFO - Starting model predictions for DOTEUR...
2025-08-31 13:00:31 - enhanced_trader - INFO - Getting GRU prediction for DOTEUR...
2025-08-31 13:00:31 - src.data_pipeline.feature_selector - INFO - Aligning features for gru_DOTEUR
2025-08-31 13:00:31 - src.data_pipeline.feature_selector - INFO - Using dynamic default feature count 113 for gru
2025-08-31 13:00:31 - src.data_pipeline.feature_selector - INFO - Intelligent selection: 113 -> 113 features for gru_DOTEUR
2025-08-31 13:00:31 - src.data_pipeline.features - INFO - Feature selector aligned 113 features for gru_DOTEUR
2025-08-31 13:00:31 - validation_logger - INFO - Schema validation with low confidence: {"event_type": "schema_decision", "symbol": "DOTEUR", "model_type": "gru", "decision": "accept", "method": "comprehensive", "confidence": 0.0, "processing_time_ms": 35.408735275268555, "action": "accept"}
2025-08-31 13:00:31 - enhanced_trader - INFO - GRU prediction for DOTEUR: 7.679382542846724e-05
2025-08-31 13:00:31 - enhanced_trader - INFO - Getting LightGBM prediction for DOTEUR...
2025-08-31 13:00:31 - src.data_pipeline.feature_selector - INFO - Aligning features for lightgbm_DOTEUR
2025-08-31 13:00:31 - src.data_pipeline.feature_selector - INFO - Using dynamic default feature count 113 for lightgbm
2025-08-31 13:00:31 - src.data_pipeline.feature_selector - INFO - Intelligent selection: 113 -> 113 features for lightgbm_DOTEUR
2025-08-31 13:00:31 - src.data_pipeline.features - INFO - Feature selector aligned 113 features for lightgbm_DOTEUR
2025-08-31 13:00:31 - validation_logger - INFO - Schema validation with low confidence: {"event_type": "schema_decision", "symbol": "DOTEUR", "model_type": "lightgbm", "decision": "accept", "method": "comprehensive", "confidence": 0.0, "processing_time_ms": 35.803794860839844, "action": "accept"}
2025-08-31 13:00:31 - enhanced_trader - INFO - LightGBM prediction for DOTEUR: 0.002269423784418616
2025-08-31 13:00:31 - enhanced_trader - INFO - Getting PPO prediction for DOTEUR...
2025-08-31 13:00:31 - validation_logger - INFO - Schema validation with low confidence: {"event_type": "schema_decision", "symbol": "DOTEUR", "model_type": "ppo", "decision": "accept", "method": "comprehensive", "confidence": 0.0, "processing_time_ms": 9.218931198120117, "action": "accept"}
2025-08-31 13:00:31 - enhanced_trader - INFO - PPO prediction for DOTEUR: 0.0007772802114486694
2025-08-31 13:00:31 - enhanced_trader - INFO - Combining predictions for DOTEUR: [('gru', 7.679382542846724e-05), ('lightgbm', 0.002269423784418616), ('ppo', 0.0007772802114486694)]
2025-08-31 13:00:31 - enhanced_trader - INFO - Completed signal generation for DOTEUR: 0
2025-08-31 13:00:31 - enhanced_trader - INFO - Processing signal generation for LINKEUR...
2025-08-31 13:00:31 - enhanced_trader - INFO - Preparing features for LINKEUR...
2025-08-31 13:00:31 - enhanced_trader - INFO - Starting model predictions for LINKEUR...
2025-08-31 13:00:31 - enhanced_trader - INFO - Getting GRU prediction for LINKEUR...
2025-08-31 13:00:31 - src.data_pipeline.feature_selector - INFO - Aligning features for gru_LINKEUR
2025-08-31 13:00:31 - src.data_pipeline.feature_selector - INFO - Using dynamic default feature count 113 for gru
2025-08-31 13:00:31 - src.data_pipeline.feature_selector - INFO - Intelligent selection: 113 -> 113 features for gru_LINKEUR
2025-08-31 13:00:31 - src.data_pipeline.features - INFO - Feature selector aligned 113 features for gru_LINKEUR
2025-08-31 13:00:31 - validation_logger - INFO - Schema validation with low confidence: {"event_type": "schema_decision", "symbol": "LINKEUR", "model_type": "gru", "decision": "accept", "method": "comprehensive", "confidence": 0.0, "processing_time_ms": 36.2238883972168, "action": "accept"}
2025-08-31 13:00:31 - enhanced_trader - INFO - GRU prediction for LINKEUR: 8.562141010770574e-05
2025-08-31 13:00:31 - enhanced_trader - INFO - Getting LightGBM prediction for LINKEUR...
2025-08-31 13:00:31 - src.data_pipeline.feature_selector - INFO - Aligning features for lightgbm_LINKEUR
2025-08-31 13:00:31 - src.data_pipeline.feature_selector - INFO - Using dynamic default feature count 113 for lightgbm
2025-08-31 13:00:31 - src.data_pipeline.feature_selector - INFO - Intelligent selection: 113 -> 113 features for lightgbm_LINKEUR
2025-08-31 13:00:31 - src.data_pipeline.features - INFO - Feature selector aligned 113 features for lightgbm_LINKEUR
2025-08-31 13:00:31 - validation_logger - INFO - Schema validation with low confidence: {"event_type": "schema_decision", "symbol": "LINKEUR", "model_type": "lightgbm", "decision": "accept", "method": "comprehensive", "confidence": 0.0, "processing_time_ms": 32.83834457397461, "action": "accept"}
2025-08-31 13:00:31 - enhanced_trader - INFO - LightGBM prediction for LINKEUR: 0.0001622937974817684
2025-08-31 13:00:31 - enhanced_trader - INFO - Getting PPO prediction for LINKEUR...
2025-08-31 13:00:31 - validation_logger - INFO - Schema validation with low confidence: {"event_type": "schema_decision", "symbol": "LINKEUR", "model_type": "ppo", "decision": "accept", "method": "comprehensive", "confidence": 0.0, "processing_time_ms": 11.115312576293945, "action": "accept"}
2025-08-31 13:00:31 - enhanced_trader - INFO - PPO prediction for LINKEUR: 0.00016201403737068176
2025-08-31 13:00:31 - enhanced_trader - INFO - Combining predictions for LINKEUR: [('gru', 8.562141010770574e-05), ('lightgbm', 0.0001622937974817684), ('ppo', 0.00016201403737068176)]
2025-08-31 13:00:31 - enhanced_trader - INFO - Completed signal generation for LINKEUR: 0
2025-08-31 13:00:31 - enhanced_trader - INFO - Signal generation completed for all symbols: {'BTCEUR': 0, 'ETHEUR': 0, 'ADAEUR': 0, 'DOTEUR': 0, 'LINKEUR': 0}
2025-08-31 13:00:31 - enhanced_trader - INFO - Next 30m candle trade: 1784s (at 13:30:15) includes 15s buffer for fresh data
2025-08-31 13:00:31 - enhanced_trader - INFO - Waiting 1784 seconds until next 30m candle
2025-08-31 13:30:25 - enhanced_trader - INFO - Fetching 30m candles for ETHEUR: 25s since last boundary, next boundary in 1775s
2025-08-31 13:30:25 - enhanced_trader - INFO - Fetching 30m candles for ADAEUR: 26s since last boundary, next boundary in 1774s
2025-08-31 13:30:25 - enhanced_trader - INFO - Latest 30m candle for ETHEUR: 13:30 UTC (0.4 minutes ago)
2025-08-31 13:30:26 - enhanced_trader - INFO - Successfully fetched 300 records for ETHEUR
2025-08-31 13:30:26 - enhanced_trader - INFO - Fetching 30m candles for DOTEUR: 26s since last boundary, next boundary in 1774s
2025-08-31 13:30:26 - enhanced_trader - INFO - Latest 30m candle for ADAEUR: 13:30 UTC (0.4 minutes ago)
2025-08-31 13:30:26 - src.data_pipeline.features - INFO - Generating features for 300 records
2025-08-31 13:30:26 - enhanced_trader - INFO - Successfully fetched 300 records for ADAEUR
2025-08-31 13:30:26 - src.data_pipeline.features - INFO - Validating and cleaning source data...
2025-08-31 13:30:27 - src.data_pipeline.features - INFO - Generating features for 300 records
2025-08-31 13:30:27 - src.data_pipeline.features - INFO - Validating and cleaning source data...
2025-08-31 13:30:27 - enhanced_trader - INFO - Fetching 30m candles for BTCEUR: 27s since last boundary, next boundary in 1773s
2025-08-31 13:30:27 - src.data_pipeline.features - WARNING - Using absolute bounds for open due to corrupted statistics
2025-08-31 13:30:27 - enhanced_trader - INFO - Fetching 30m candles for LINKEUR: 27s since last boundary, next boundary in 1773s
2025-08-31 13:30:27 - enhanced_trader - INFO - Latest 30m candle for DOTEUR: 13:30 UTC (0.5 minutes ago)
2025-08-31 13:30:27 - src.data_pipeline.features - WARNING - Using absolute bounds for high due to corrupted statistics
2025-08-31 13:30:27 - enhanced_trader - INFO - Successfully fetched 300 records for DOTEUR
2025-08-31 13:30:27 - src.data_pipeline.features - INFO - Generating features for 300 records
2025-08-31 13:30:27 - src.data_pipeline.features - INFO - Validating and cleaning source data...
2025-08-31 13:30:27 - src.data_pipeline.features - INFO - Source data validation and cleaning completed
2025-08-31 13:30:27 - src.data_pipeline.features - WARNING - Using absolute bounds for open due to corrupted statistics
2025-08-31 13:30:27 - src.data_pipeline.features - WARNING - Using absolute bounds for low due to corrupted statistics
2025-08-31 13:30:27 - src.data_pipeline.features - WARNING - Using absolute bounds for high due to corrupted statistics
2025-08-31 13:30:27 - src.data_pipeline.features - WARNING - Using absolute bounds for close due to corrupted statistics
2025-08-31 13:30:27 - src.data_pipeline.features - INFO - Applied intermediate validation after price features: clipped 1 features
2025-08-31 13:30:27 - src.data_pipeline.features - WARNING - Using absolute bounds for low due to corrupted statistics
2025-08-31 13:30:27 - src.data_pipeline.features - INFO - Source data validation and cleaning completed
2025-08-31 13:30:27 - src.data_pipeline.features - WARNING - Using absolute bounds for close due to corrupted statistics
2025-08-31 13:30:27 - src.data_pipeline.features - INFO - Source data validation and cleaning completed
2025-08-31 13:30:27 - enhanced_trader - INFO - Latest 30m candle for BTCEUR: 13:30 UTC (0.5 minutes ago)
2025-08-31 13:30:27 - enhanced_trader - INFO - Latest 30m candle for LINKEUR: 13:30 UTC (0.5 minutes ago)
2025-08-31 13:30:27 - src.data_pipeline.features - INFO - Applied intermediate validation after price features: clipped 4 features
2025-08-31 13:30:27 - enhanced_trader - INFO - Successfully fetched 300 records for BTCEUR
2025-08-31 13:30:27 - enhanced_trader - INFO - Successfully fetched 300 records for LINKEUR
2025-08-31 13:30:27 - src.data_pipeline.features - INFO - Applied intermediate validation after price features: clipped 1 features
2025-08-31 13:30:27 - src.data_pipeline.features - INFO - Generating features for 300 records
2025-08-31 13:30:28 - src.data_pipeline.features - INFO - Generating features for 300 records
2025-08-31 13:30:28 - src.data_pipeline.features - INFO - Validating and cleaning source data...
2025-08-31 13:30:28 - src.data_pipeline.features - INFO - Validating and cleaning source data...
2025-08-31 13:30:28 - src.data_pipeline.features - WARNING - Using absolute bounds for open due to corrupted statistics
2025-08-31 13:30:28 - src.data_pipeline.features - INFO - Applied intermediate validation after technical indicators: clipped 1 features
2025-08-31 13:30:28 - src.data_pipeline.features - WARNING - Using absolute bounds for high due to corrupted statistics
2025-08-31 13:30:28 - src.data_pipeline.features - INFO - Source data validation and cleaning completed
2025-08-31 13:30:28 - src.data_pipeline.features - WARNING - Using absolute bounds for low due to corrupted statistics
2025-08-31 13:30:28 - src.data_pipeline.features - WARNING - Using absolute bounds for close due to corrupted statistics
2025-08-31 13:30:28 - src.data_pipeline.features - WARNING - Large volume spike detected - max: 83405.15, median: 704.77
2025-08-31 13:30:28 - src.data_pipeline.features - INFO - Applied intermediate validation after price features: clipped 1 features
2025-08-31 13:30:28 - src.data_pipeline.features - INFO - Source data validation and cleaning completed
2025-08-31 13:30:28 - src.data_pipeline.features - INFO - Applied intermediate validation after technical indicators: clipped 1 features
2025-08-31 13:30:29 - src.data_pipeline.features - INFO - Applied intermediate validation after technical indicators: clipped 1 features
2025-08-31 13:30:29 - src.data_pipeline.features - INFO - Applied intermediate validation after volume features: clipped 1 features
2025-08-31 13:30:29 - src.data_pipeline.features - INFO - Applied intermediate validation after price features: clipped 1 features
2025-08-31 13:30:29 - src.data_pipeline.features - INFO - Applied intermediate validation after technical indicators: clipped 1 features
2025-08-31 13:30:30 - src.data_pipeline.features - INFO - Applied intermediate validation after technical indicators: clipped 1 features
2025-08-31 13:30:30 - src.data_pipeline.features - INFO - Applying robust feature validation...
2025-08-31 13:30:30 - src.data_pipeline.features - INFO - Applied intermediate validation after advanced features: clipped 1 features
2025-08-31 13:30:30 - src.data_pipeline.features - INFO - Applying robust feature validation...
2025-08-31 13:30:31 - src.data_pipeline.features - INFO - Applying robust feature validation...
2025-08-31 13:30:31 - src.data_pipeline.features - INFO - Applying robust feature validation...
2025-08-31 13:30:31 - src.data_pipeline.features - INFO - Feature validation completed - max absolute value: 150000.000000
2025-08-31 13:30:31 - src.data_pipeline.features - INFO - Generated 113 new features
2025-08-31 13:30:31 - src.data_pipeline.features - INFO - Final data validation: NaN=0, Inf=0
2025-08-31 13:30:31 - src.data_pipeline.features - INFO - Applying robust feature validation...
2025-08-31 13:30:31 - src.data_pipeline.features - INFO - Feature validation completed - max absolute value: 500000.000000
2025-08-31 13:30:31 - enhanced_trader - INFO - Fetched 300 records for ETHEUR (parallel)
2025-08-31 13:30:31 - src.data_pipeline.features - INFO - Generated 113 new features
2025-08-31 13:30:31 - src.data_pipeline.features - INFO - Final data validation: NaN=0, Inf=0
2025-08-31 13:30:31 - enhanced_trader - INFO - Fetched 300 records for ADAEUR (parallel)
2025-08-31 13:30:31 - src.data_pipeline.features - INFO - Feature validation completed - max absolute value: 150000.000000
2025-08-31 13:30:31 - src.data_pipeline.features - INFO - Generated 113 new features
2025-08-31 13:30:32 - src.data_pipeline.features - INFO - Feature validation completed - max absolute value: 150000.000000
2025-08-31 13:30:32 - src.data_pipeline.features - INFO - Final data validation: NaN=0, Inf=0
2025-08-31 13:30:32 - src.data_pipeline.features - INFO - Generated 113 new features
2025-08-31 13:30:32 - enhanced_trader - INFO - Fetched 300 records for DOTEUR (parallel)
2025-08-31 13:30:32 - src.data_pipeline.features - INFO - Final data validation: NaN=0, Inf=0
2025-08-31 13:30:32 - enhanced_trader - INFO - Fetched 300 records for BTCEUR (parallel)
2025-08-31 13:30:32 - src.data_pipeline.features - INFO - Feature validation completed - max absolute value: 150000.000000
2025-08-31 13:30:32 - src.data_pipeline.features - INFO - Generated 113 new features
2025-08-31 13:30:32 - src.data_pipeline.features - INFO - Final data validation: NaN=0, Inf=0
2025-08-31 13:30:32 - enhanced_trader - INFO - Fetched 300 records for LINKEUR (parallel)
2025-08-31 13:30:32 - enhanced_trader - INFO - Generating signals for 5 symbols
2025-08-31 13:30:32 - enhanced_trader - INFO - Processing signal generation for BTCEUR...
2025-08-31 13:30:32 - enhanced_trader - INFO - Preparing features for BTCEUR...
2025-08-31 13:30:32 - enhanced_trader - INFO - Starting model predictions for BTCEUR...
2025-08-31 13:30:32 - enhanced_trader - INFO - Getting GRU prediction for BTCEUR...
2025-08-31 13:30:32 - src.data_pipeline.feature_selector - INFO - Aligning features for gru_BTCEUR
2025-08-31 13:30:32 - src.data_pipeline.feature_selector - INFO - Using dynamic default feature count 113 for gru
2025-08-31 13:30:32 - src.data_pipeline.feature_selector - INFO - Intelligent selection: 113 -> 113 features for gru_BTCEUR
2025-08-31 13:30:32 - src.data_pipeline.features - INFO - Feature selector aligned 113 features for gru_BTCEUR
2025-08-31 13:30:32 - DriftMonitor - WARNING - DRIFT ALERT: Statistical drift detected for gru model on BTCEUR (Severity: critical)
2025-08-31 13:30:32 - ValidationManager - CRITICAL - DRIFT ALERT [CRITICAL]: Statistical drift detected for gru model on BTCEUR
2025-08-31 13:30:32 - DriftMonitor - WARNING - DRIFT ALERT: Distribution drift detected for gru model on BTCEUR (Severity: critical)
2025-08-31 13:30:32 - ValidationManager - CRITICAL - DRIFT ALERT [CRITICAL]: Distribution drift detected for gru model on BTCEUR
2025-08-31 13:30:32 - validation_logger - INFO - Schema validation with low confidence: {"event_type": "schema_decision", "symbol": "BTCEUR", "model_type": "gru", "decision": "accept", "method": "comprehensive", "confidence": 0.0, "processing_time_ms": 70.51849365234375, "action": "accept"}
2025-08-31 13:30:32 - enhanced_trader - INFO - GRU prediction for BTCEUR: 8.010265446500853e-05
2025-08-31 13:30:32 - enhanced_trader - INFO - Getting LightGBM prediction for BTCEUR...
2025-08-31 13:30:32 - src.data_pipeline.feature_selector - INFO - Aligning features for lightgbm_BTCEUR
2025-08-31 13:30:32 - src.data_pipeline.feature_selector - INFO - Using dynamic default feature count 113 for lightgbm
2025-08-31 13:30:32 - src.data_pipeline.feature_selector - INFO - Intelligent selection: 113 -> 113 features for lightgbm_BTCEUR
2025-08-31 13:30:32 - src.data_pipeline.features - INFO - Feature selector aligned 113 features for lightgbm_BTCEUR
2025-08-31 13:30:32 - DriftMonitor - WARNING - DRIFT ALERT: Statistical drift detected for lightgbm model on BTCEUR (Severity: critical)
2025-08-31 13:30:32 - ValidationManager - CRITICAL - DRIFT ALERT [CRITICAL]: Statistical drift detected for lightgbm model on BTCEUR
2025-08-31 13:30:32 - DriftMonitor - WARNING - DRIFT ALERT: Distribution drift detected for lightgbm model on BTCEUR (Severity: critical)
2025-08-31 13:30:32 - ValidationManager - CRITICAL - DRIFT ALERT [CRITICAL]: Distribution drift detected for lightgbm model on BTCEUR
2025-08-31 13:30:32 - validation_logger - INFO - Schema validation with low confidence: {"event_type": "schema_decision", "symbol": "BTCEUR", "model_type": "lightgbm", "decision": "accept", "method": "comprehensive", "confidence": 0.0, "processing_time_ms": 74.90086555480957, "action": "accept"}
2025-08-31 13:30:32 - enhanced_trader - INFO - LightGBM prediction for BTCEUR: 0.0006767439337909213
2025-08-31 13:30:32 - enhanced_trader - INFO - Getting PPO prediction for BTCEUR...
2025-08-31 13:30:32 - DriftMonitor - WARNING - DRIFT ALERT: Distribution drift detected for ppo model on BTCEUR (Severity: critical)
2025-08-31 13:30:32 - ValidationManager - CRITICAL - DRIFT ALERT [CRITICAL]: Distribution drift detected for ppo model on BTCEUR
2025-08-31 13:30:32 - validation_logger - INFO - Schema validation with low confidence: {"event_type": "schema_decision", "symbol": "BTCEUR", "model_type": "ppo", "decision": "accept", "method": "comprehensive", "confidence": 0.0, "processing_time_ms": 13.999223709106445, "action": "accept"}
2025-08-31 13:30:32 - enhanced_trader - INFO - PPO prediction for BTCEUR: -0.00022138667106628418
2025-08-31 13:30:32 - enhanced_trader - INFO - Combining predictions for BTCEUR: [('gru', 8.010265446500853e-05), ('lightgbm', 0.0006767439337909213), ('ppo', -0.00022138667106628418)]
2025-08-31 13:30:32 - enhanced_trader - INFO - Completed signal generation for BTCEUR: 0
2025-08-31 13:30:32 - enhanced_trader - INFO - Processing signal generation for ETHEUR...
2025-08-31 13:30:32 - enhanced_trader - INFO - Preparing features for ETHEUR...
2025-08-31 13:30:32 - enhanced_trader - INFO - Starting model predictions for ETHEUR...
2025-08-31 13:30:32 - enhanced_trader - INFO - Getting GRU prediction for ETHEUR...
2025-08-31 13:30:32 - src.data_pipeline.feature_selector - INFO - Aligning features for gru_ETHEUR
2025-08-31 13:30:32 - src.data_pipeline.feature_selector - INFO - Using dynamic default feature count 113 for gru
2025-08-31 13:30:32 - src.data_pipeline.feature_selector - INFO - Intelligent selection: 113 -> 113 features for gru_ETHEUR
2025-08-31 13:30:32 - src.data_pipeline.features - INFO - Feature selector aligned 113 features for gru_ETHEUR
2025-08-31 13:30:32 - DriftMonitor - WARNING - DRIFT ALERT: Statistical drift detected for gru model on ETHEUR (Severity: critical)
2025-08-31 13:30:32 - ValidationManager - CRITICAL - DRIFT ALERT [CRITICAL]: Statistical drift detected for gru model on ETHEUR
2025-08-31 13:30:32 - DriftMonitor - WARNING - DRIFT ALERT: Distribution drift detected for gru model on ETHEUR (Severity: critical)
2025-08-31 13:30:32 - ValidationManager - CRITICAL - DRIFT ALERT [CRITICAL]: Distribution drift detected for gru model on ETHEUR
2025-08-31 13:30:32 - validation_logger - INFO - Schema validation with low confidence: {"event_type": "schema_decision", "symbol": "ETHEUR", "model_type": "gru", "decision": "accept", "method": "comprehensive", "confidence": 0.0, "processing_time_ms": 59.103965759277344, "action": "accept"}
2025-08-31 13:30:32 - enhanced_trader - INFO - GRU prediction for ETHEUR: 6.480143201770261e-05
2025-08-31 13:30:32 - enhanced_trader - INFO - Getting LightGBM prediction for ETHEUR...
2025-08-31 13:30:32 - src.data_pipeline.feature_selector - INFO - Aligning features for lightgbm_ETHEUR
2025-08-31 13:30:32 - src.data_pipeline.feature_selector - INFO - Using dynamic default feature count 113 for lightgbm
2025-08-31 13:30:32 - src.data_pipeline.feature_selector - INFO - Intelligent selection: 113 -> 113 features for lightgbm_ETHEUR
2025-08-31 13:30:32 - src.data_pipeline.features - INFO - Feature selector aligned 113 features for lightgbm_ETHEUR
2025-08-31 13:30:32 - DriftMonitor - WARNING - DRIFT ALERT: Statistical drift detected for lightgbm model on ETHEUR (Severity: critical)
2025-08-31 13:30:32 - ValidationManager - CRITICAL - DRIFT ALERT [CRITICAL]: Statistical drift detected for lightgbm model on ETHEUR
2025-08-31 13:30:32 - DriftMonitor - WARNING - DRIFT ALERT: Distribution drift detected for lightgbm model on ETHEUR (Severity: critical)
2025-08-31 13:30:32 - ValidationManager - CRITICAL - DRIFT ALERT [CRITICAL]: Distribution drift detected for lightgbm model on ETHEUR
2025-08-31 13:30:32 - validation_logger - INFO - Schema validation with low confidence: {"event_type": "schema_decision", "symbol": "ETHEUR", "model_type": "lightgbm", "decision": "accept", "method": "comprehensive", "confidence": 0.0, "processing_time_ms": 70.59907913208008, "action": "accept"}
2025-08-31 13:30:32 - enhanced_trader - INFO - LightGBM prediction for ETHEUR: 0.00036156868309249256
2025-08-31 13:30:32 - enhanced_trader - INFO - Getting PPO prediction for ETHEUR...
2025-08-31 13:30:32 - ValidationManager - WARNING - DRIFT ALERT [MEDIUM]: Distribution drift detected for ppo model on ETHEUR
2025-08-31 13:30:32 - validation_logger - INFO - Schema validation with low confidence: {"event_type": "schema_decision", "symbol": "ETHEUR", "model_type": "ppo", "decision": "accept", "method": "comprehensive", "confidence": 0.0, "processing_time_ms": 13.580083847045898, "action": "accept"}
2025-08-31 13:30:32 - enhanced_trader - INFO - PPO prediction for ETHEUR: -0.00030256587266921996
2025-08-31 13:30:32 - enhanced_trader - INFO - Combining predictions for ETHEUR: [('gru', 6.480143201770261e-05), ('lightgbm', 0.00036156868309249256), ('ppo', -0.00030256587266921996)]
2025-08-31 13:30:32 - enhanced_trader - INFO - Completed signal generation for ETHEUR: 0
2025-08-31 13:30:32 - enhanced_trader - INFO - Processing signal generation for ADAEUR...
2025-08-31 13:30:32 - enhanced_trader - INFO - Preparing features for ADAEUR...
2025-08-31 13:30:32 - enhanced_trader - INFO - Starting model predictions for ADAEUR...
2025-08-31 13:30:32 - enhanced_trader - INFO - Getting GRU prediction for ADAEUR...
2025-08-31 13:30:32 - src.data_pipeline.feature_selector - INFO - Aligning features for gru_ADAEUR
2025-08-31 13:30:32 - src.data_pipeline.feature_selector - INFO - Using dynamic default feature count 113 for gru
2025-08-31 13:30:32 - src.data_pipeline.feature_selector - INFO - Intelligent selection: 113 -> 113 features for gru_ADAEUR
2025-08-31 13:30:32 - src.data_pipeline.features - INFO - Feature selector aligned 113 features for gru_ADAEUR
2025-08-31 13:30:32 - DriftMonitor - WARNING - DRIFT ALERT: Statistical drift detected for gru model on ADAEUR (Severity: critical)
2025-08-31 13:30:32 - ValidationManager - CRITICAL - DRIFT ALERT [CRITICAL]: Statistical drift detected for gru model on ADAEUR
2025-08-31 13:30:32 - DriftMonitor - WARNING - DRIFT ALERT: Distribution drift detected for gru model on ADAEUR (Severity: critical)
2025-08-31 13:30:32 - ValidationManager - CRITICAL - DRIFT ALERT [CRITICAL]: Distribution drift detected for gru model on ADAEUR
2025-08-31 13:30:32 - validation_logger - INFO - Schema validation with low confidence: {"event_type": "schema_decision", "symbol": "ADAEUR", "model_type": "gru", "decision": "accept", "method": "comprehensive", "confidence": 0.0, "processing_time_ms": 58.68649482727051, "action": "accept"}
2025-08-31 13:30:32 - enhanced_trader - INFO - GRU prediction for ADAEUR: 0.000116837712994311
2025-08-31 13:30:32 - enhanced_trader - INFO - Getting LightGBM prediction for ADAEUR...
2025-08-31 13:30:32 - src.data_pipeline.feature_selector - INFO - Aligning features for lightgbm_ADAEUR
2025-08-31 13:30:32 - src.data_pipeline.feature_selector - INFO - Using dynamic default feature count 113 for lightgbm
2025-08-31 13:30:32 - src.data_pipeline.feature_selector - INFO - Intelligent selection: 113 -> 113 features for lightgbm_ADAEUR
2025-08-31 13:30:32 - src.data_pipeline.features - INFO - Feature selector aligned 113 features for lightgbm_ADAEUR
2025-08-31 13:30:32 - DriftMonitor - WARNING - DRIFT ALERT: Statistical drift detected for lightgbm model on ADAEUR (Severity: critical)
2025-08-31 13:30:32 - ValidationManager - CRITICAL - DRIFT ALERT [CRITICAL]: Statistical drift detected for lightgbm model on ADAEUR
2025-08-31 13:30:32 - DriftMonitor - WARNING - DRIFT ALERT: Distribution drift detected for lightgbm model on ADAEUR (Severity: critical)
2025-08-31 13:30:32 - ValidationManager - CRITICAL - DRIFT ALERT [CRITICAL]: Distribution drift detected for lightgbm model on ADAEUR
2025-08-31 13:30:32 - validation_logger - INFO - Schema validation with low confidence: {"event_type": "schema_decision", "symbol": "ADAEUR", "model_type": "lightgbm", "decision": "accept", "method": "comprehensive", "confidence": 0.0, "processing_time_ms": 61.67912483215332, "action": "accept"}
2025-08-31 13:30:32 - enhanced_trader - INFO - LightGBM prediction for ADAEUR: 0.00011396485232378576
2025-08-31 13:30:32 - enhanced_trader - INFO - Getting PPO prediction for ADAEUR...
2025-08-31 13:30:32 - DriftMonitor - WARNING - DRIFT ALERT: Distribution drift detected for ppo model on ADAEUR (Severity: critical)
2025-08-31 13:30:32 - ValidationManager - CRITICAL - DRIFT ALERT [CRITICAL]: Distribution drift detected for ppo model on ADAEUR
2025-08-31 13:30:32 - validation_logger - INFO - Schema validation with low confidence: {"event_type": "schema_decision", "symbol": "ADAEUR", "model_type": "ppo", "decision": "accept", "method": "comprehensive", "confidence": 0.0, "processing_time_ms": 16.20626449584961, "action": "accept"}
2025-08-31 13:30:32 - enhanced_trader - INFO - PPO prediction for ADAEUR: -0.00021107064187526705
2025-08-31 13:30:32 - enhanced_trader - INFO - Combining predictions for ADAEUR: [('gru', 0.000116837712994311), ('lightgbm', 0.00011396485232378576), ('ppo', -0.00021107064187526705)]
2025-08-31 13:30:32 - enhanced_trader - INFO - Completed signal generation for ADAEUR: 0
2025-08-31 13:30:32 - enhanced_trader - INFO - Processing signal generation for DOTEUR...
2025-08-31 13:30:32 - enhanced_trader - INFO - Preparing features for DOTEUR...
2025-08-31 13:30:32 - enhanced_trader - INFO - Starting model predictions for DOTEUR...
2025-08-31 13:30:32 - enhanced_trader - INFO - Getting GRU prediction for DOTEUR...
2025-08-31 13:30:32 - src.data_pipeline.feature_selector - INFO - Aligning features for gru_DOTEUR
2025-08-31 13:30:32 - src.data_pipeline.feature_selector - INFO - Using dynamic default feature count 113 for gru
2025-08-31 13:30:32 - src.data_pipeline.feature_selector - INFO - Intelligent selection: 113 -> 113 features for gru_DOTEUR
2025-08-31 13:30:32 - src.data_pipeline.features - INFO - Feature selector aligned 113 features for gru_DOTEUR
2025-08-31 13:30:32 - DriftMonitor - WARNING - DRIFT ALERT: Statistical drift detected for gru model on DOTEUR (Severity: critical)
2025-08-31 13:30:32 - ValidationManager - CRITICAL - DRIFT ALERT [CRITICAL]: Statistical drift detected for gru model on DOTEUR
2025-08-31 13:30:32 - DriftMonitor - WARNING - DRIFT ALERT: Distribution drift detected for gru model on DOTEUR (Severity: critical)
2025-08-31 13:30:32 - ValidationManager - CRITICAL - DRIFT ALERT [CRITICAL]: Distribution drift detected for gru model on DOTEUR
2025-08-31 13:30:32 - validation_logger - INFO - Schema validation with low confidence: {"event_type": "schema_decision", "symbol": "DOTEUR", "model_type": "gru", "decision": "accept", "method": "comprehensive", "confidence": 0.0, "processing_time_ms": 78.96733283996582, "action": "accept"}
2025-08-31 13:30:32 - enhanced_trader - INFO - GRU prediction for DOTEUR: 7.679382542846724e-05
2025-08-31 13:30:32 - enhanced_trader - INFO - Getting LightGBM prediction for DOTEUR...
2025-08-31 13:30:32 - src.data_pipeline.feature_selector - INFO - Aligning features for lightgbm_DOTEUR
2025-08-31 13:30:32 - src.data_pipeline.feature_selector - INFO - Using dynamic default feature count 113 for lightgbm
2025-08-31 13:30:32 - src.data_pipeline.feature_selector - INFO - Intelligent selection: 113 -> 113 features for lightgbm_DOTEUR
2025-08-31 13:30:32 - src.data_pipeline.features - INFO - Feature selector aligned 113 features for lightgbm_DOTEUR
2025-08-31 13:30:32 - DriftMonitor - WARNING - DRIFT ALERT: Statistical drift detected for lightgbm model on DOTEUR (Severity: critical)
2025-08-31 13:30:32 - ValidationManager - CRITICAL - DRIFT ALERT [CRITICAL]: Statistical drift detected for lightgbm model on DOTEUR
2025-08-31 13:30:32 - DriftMonitor - WARNING - DRIFT ALERT: Distribution drift detected for lightgbm model on DOTEUR (Severity: critical)
2025-08-31 13:30:32 - ValidationManager - CRITICAL - DRIFT ALERT [CRITICAL]: Distribution drift detected for lightgbm model on DOTEUR
2025-08-31 13:30:32 - validation_logger - INFO - Schema validation with low confidence: {"event_type": "schema_decision", "symbol": "DOTEUR", "model_type": "lightgbm", "decision": "accept", "method": "comprehensive", "confidence": 0.0, "processing_time_ms": 90.88253974914551, "action": "accept"}
2025-08-31 13:30:32 - enhanced_trader - INFO - LightGBM prediction for DOTEUR: 0.0031007750699027408
2025-08-31 13:30:32 - enhanced_trader - INFO - Getting PPO prediction for DOTEUR...
2025-08-31 13:30:32 - validation_logger - INFO - Schema validation with low confidence: {"event_type": "schema_decision", "symbol": "DOTEUR", "model_type": "ppo", "decision": "accept", "method": "comprehensive", "confidence": 0.0, "processing_time_ms": 18.574953079223633, "action": "accept"}
2025-08-31 13:30:32 - enhanced_trader - INFO - PPO prediction for DOTEUR: 0.0008654521107673645
2025-08-31 13:30:32 - enhanced_trader - INFO - Combining predictions for DOTEUR: [('gru', 7.679382542846724e-05), ('lightgbm', 0.0031007750699027408), ('ppo', 0.0008654521107673645)]
2025-08-31 13:30:32 - enhanced_trader - INFO - Completed signal generation for DOTEUR: 0
2025-08-31 13:30:32 - enhanced_trader - INFO - Processing signal generation for LINKEUR...
2025-08-31 13:30:32 - enhanced_trader - INFO - Preparing features for LINKEUR...
2025-08-31 13:30:32 - enhanced_trader - INFO - Starting model predictions for LINKEUR...
2025-08-31 13:30:32 - enhanced_trader - INFO - Getting GRU prediction for LINKEUR...
2025-08-31 13:30:32 - src.data_pipeline.feature_selector - INFO - Aligning features for gru_LINKEUR
2025-08-31 13:30:32 - src.data_pipeline.feature_selector - INFO - Using dynamic default feature count 113 for gru
2025-08-31 13:30:32 - src.data_pipeline.feature_selector - INFO - Intelligent selection: 113 -> 113 features for gru_LINKEUR
2025-08-31 13:30:32 - src.data_pipeline.features - INFO - Feature selector aligned 113 features for gru_LINKEUR
2025-08-31 13:30:33 - DriftMonitor - WARNING - DRIFT ALERT: Statistical drift detected for gru model on LINKEUR (Severity: critical)
2025-08-31 13:30:33 - ValidationManager - CRITICAL - DRIFT ALERT [CRITICAL]: Statistical drift detected for gru model on LINKEUR
2025-08-31 13:30:33 - DriftMonitor - WARNING - DRIFT ALERT: Distribution drift detected for gru model on LINKEUR (Severity: critical)
2025-08-31 13:30:33 - ValidationManager - CRITICAL - DRIFT ALERT [CRITICAL]: Distribution drift detected for gru model on LINKEUR
2025-08-31 13:30:33 - validation_logger - INFO - Schema validation with low confidence: {"event_type": "schema_decision", "symbol": "LINKEUR", "model_type": "gru", "decision": "accept", "method": "comprehensive", "confidence": 0.0, "processing_time_ms": 90.9125804901123, "action": "accept"}
2025-08-31 13:30:33 - enhanced_trader - INFO - GRU prediction for LINKEUR: 8.562141010770574e-05
2025-08-31 13:30:33 - enhanced_trader - INFO - Getting LightGBM prediction for LINKEUR...
2025-08-31 13:30:33 - src.data_pipeline.feature_selector - INFO - Aligning features for lightgbm_LINKEUR
2025-08-31 13:30:33 - src.data_pipeline.feature_selector - INFO - Using dynamic default feature count 113 for lightgbm
2025-08-31 13:30:33 - src.data_pipeline.feature_selector - INFO - Intelligent selection: 113 -> 113 features for lightgbm_LINKEUR
2025-08-31 13:30:33 - src.data_pipeline.features - INFO - Feature selector aligned 113 features for lightgbm_LINKEUR
2025-08-31 13:30:33 - DriftMonitor - WARNING - DRIFT ALERT: Statistical drift detected for lightgbm model on LINKEUR (Severity: critical)
2025-08-31 13:30:33 - ValidationManager - CRITICAL - DRIFT ALERT [CRITICAL]: Statistical drift detected for lightgbm model on LINKEUR
2025-08-31 13:30:33 - DriftMonitor - WARNING - DRIFT ALERT: Distribution drift detected for lightgbm model on LINKEUR (Severity: critical)
2025-08-31 13:30:33 - ValidationManager - CRITICAL - DRIFT ALERT [CRITICAL]: Distribution drift detected for lightgbm model on LINKEUR
2025-08-31 13:30:33 - validation_logger - INFO - Schema validation with low confidence: {"event_type": "schema_decision", "symbol": "LINKEUR", "model_type": "lightgbm", "decision": "accept", "method": "comprehensive", "confidence": 0.0, "processing_time_ms": 92.12040901184082, "action": "accept"}
2025-08-31 13:30:33 - enhanced_trader - INFO - LightGBM prediction for LINKEUR: 0.0001622937974817684
2025-08-31 13:30:33 - enhanced_trader - INFO - Getting PPO prediction for LINKEUR...
2025-08-31 13:30:33 - DriftMonitor - WARNING - DRIFT ALERT: Distribution drift detected for ppo model on LINKEUR (Severity: critical)
2025-08-31 13:30:33 - ValidationManager - CRITICAL - DRIFT ALERT [CRITICAL]: Distribution drift detected for ppo model on LINKEUR
2025-08-31 13:30:33 - validation_logger - INFO - Schema validation with low confidence: {"event_type": "schema_decision", "symbol": "LINKEUR", "model_type": "ppo", "decision": "accept", "method": "comprehensive", "confidence": 0.0, "processing_time_ms": 18.40996742248535, "action": "accept"}
2025-08-31 13:30:33 - enhanced_trader - INFO - PPO prediction for LINKEUR: 0.0004635419845581055
2025-08-31 13:30:33 - enhanced_trader - INFO - Combining predictions for LINKEUR: [('gru', 8.562141010770574e-05), ('lightgbm', 0.0001622937974817684), ('ppo', 0.0004635419845581055)]
2025-08-31 13:30:33 - enhanced_trader - INFO - Completed signal generation for LINKEUR: 0
2025-08-31 13:30:33 - enhanced_trader - INFO - Signal generation completed for all symbols: {'BTCEUR': 0, 'ETHEUR': 0, 'ADAEUR': 0, 'DOTEUR': 0, 'LINKEUR': 0}
2025-08-31 13:30:33 - enhanced_trader - INFO - Next 30m candle trade: 1782s (at 14:00:15) includes 15s buffer for fresh data
2025-08-31 13:30:33 - enhanced_trader - INFO - Waiting 1782 seconds until next 30m candle
2025-08-31 13:31:00 - DriftMonitor - WARNING - DRIFT ALERT: Statistical drift detected for gru model on BTCEUR (Severity: critical)
2025-08-31 13:31:00 - ValidationManager - CRITICAL - DRIFT ALERT [CRITICAL]: Statistical drift detected for gru model on BTCEUR
2025-08-31 13:31:00 - DriftMonitor - WARNING - DRIFT ALERT: Distribution drift detected for gru model on BTCEUR (Severity: critical)
2025-08-31 13:31:00 - ValidationManager - CRITICAL - DRIFT ALERT [CRITICAL]: Distribution drift detected for gru model on BTCEUR
2025-08-31 13:31:00 - DriftMonitor - WARNING - DRIFT ALERT: Statistical drift detected for lightgbm model on BTCEUR (Severity: critical)
2025-08-31 13:31:00 - ValidationManager - CRITICAL - DRIFT ALERT [CRITICAL]: Statistical drift detected for lightgbm model on BTCEUR
2025-08-31 13:31:00 - DriftMonitor - WARNING - DRIFT ALERT: Distribution drift detected for lightgbm model on BTCEUR (Severity: critical)
2025-08-31 13:31:00 - ValidationManager - CRITICAL - DRIFT ALERT [CRITICAL]: Distribution drift detected for lightgbm model on BTCEUR
2025-08-31 13:31:00 - DriftMonitor - WARNING - DRIFT ALERT: Distribution drift detected for ppo model on BTCEUR (Severity: critical)
2025-08-31 13:31:00 - ValidationManager - CRITICAL - DRIFT ALERT [CRITICAL]: Distribution drift detected for ppo model on BTCEUR
2025-08-31 13:31:00 - DriftMonitor - WARNING - DRIFT ALERT: Statistical drift detected for gru model on ETHEUR (Severity: critical)
2025-08-31 13:31:00 - ValidationManager - CRITICAL - DRIFT ALERT [CRITICAL]: Statistical drift detected for gru model on ETHEUR
2025-08-31 13:31:00 - DriftMonitor - WARNING - DRIFT ALERT: Distribution drift detected for gru model on ETHEUR (Severity: critical)
2025-08-31 13:31:00 - ValidationManager - CRITICAL - DRIFT ALERT [CRITICAL]: Distribution drift detected for gru model on ETHEUR
2025-08-31 13:31:01 - DriftMonitor - WARNING - DRIFT ALERT: Statistical drift detected for lightgbm model on ETHEUR (Severity: critical)
2025-08-31 13:31:01 - ValidationManager - CRITICAL - DRIFT ALERT [CRITICAL]: Statistical drift detected for lightgbm model on ETHEUR
2025-08-31 13:31:01 - DriftMonitor - WARNING - DRIFT ALERT: Distribution drift detected for lightgbm model on ETHEUR (Severity: critical)
2025-08-31 13:31:01 - ValidationManager - CRITICAL - DRIFT ALERT [CRITICAL]: Distribution drift detected for lightgbm model on ETHEUR
2025-08-31 13:31:01 - ValidationManager - WARNING - DRIFT ALERT [MEDIUM]: Distribution drift detected for ppo model on ETHEUR
2025-08-31 13:31:01 - DriftMonitor - WARNING - DRIFT ALERT: Statistical drift detected for gru model on ADAEUR (Severity: critical)
2025-08-31 13:31:01 - ValidationManager - CRITICAL - DRIFT ALERT [CRITICAL]: Statistical drift detected for gru model on ADAEUR
2025-08-31 13:31:01 - DriftMonitor - WARNING - DRIFT ALERT: Distribution drift detected for gru model on ADAEUR (Severity: critical)
2025-08-31 13:31:01 - ValidationManager - CRITICAL - DRIFT ALERT [CRITICAL]: Distribution drift detected for gru model on ADAEUR
2025-08-31 13:31:01 - DriftMonitor - WARNING - DRIFT ALERT: Statistical drift detected for lightgbm model on ADAEUR (Severity: critical)
2025-08-31 13:31:01 - ValidationManager - CRITICAL - DRIFT ALERT [CRITICAL]: Statistical drift detected for lightgbm model on ADAEUR
2025-08-31 13:31:01 - DriftMonitor - WARNING - DRIFT ALERT: Distribution drift detected for lightgbm model on ADAEUR (Severity: critical)
2025-08-31 13:31:01 - ValidationManager - CRITICAL - DRIFT ALERT [CRITICAL]: Distribution drift detected for lightgbm model on ADAEUR
2025-08-31 13:31:01 - DriftMonitor - WARNING - DRIFT ALERT: Distribution drift detected for ppo model on ADAEUR (Severity: critical)
2025-08-31 13:31:01 - ValidationManager - CRITICAL - DRIFT ALERT [CRITICAL]: Distribution drift detected for ppo model on ADAEUR
2025-08-31 13:31:01 - DriftMonitor - WARNING - DRIFT ALERT: Statistical drift detected for gru model on DOTEUR (Severity: critical)
2025-08-31 13:31:01 - ValidationManager - CRITICAL - DRIFT ALERT [CRITICAL]: Statistical drift detected for gru model on DOTEUR
2025-08-31 13:31:01 - DriftMonitor - WARNING - DRIFT ALERT: Distribution drift detected for gru model on DOTEUR (Severity: critical)
2025-08-31 13:31:01 - ValidationManager - CRITICAL - DRIFT ALERT [CRITICAL]: Distribution drift detected for gru model on DOTEUR
2025-08-31 13:31:01 - DriftMonitor - WARNING - DRIFT ALERT: Statistical drift detected for lightgbm model on DOTEUR (Severity: critical)
2025-08-31 13:31:01 - ValidationManager - CRITICAL - DRIFT ALERT [CRITICAL]: Statistical drift detected for lightgbm model on DOTEUR
2025-08-31 13:31:01 - DriftMonitor - WARNING - DRIFT ALERT: Distribution drift detected for lightgbm model on DOTEUR (Severity: critical)
2025-08-31 13:31:01 - ValidationManager - CRITICAL - DRIFT ALERT [CRITICAL]: Distribution drift detected for lightgbm model on DOTEUR
2025-08-31 13:31:01 - DriftMonitor - WARNING - DRIFT ALERT: Statistical drift detected for gru model on LINKEUR (Severity: critical)
2025-08-31 13:31:01 - ValidationManager - CRITICAL - DRIFT ALERT [CRITICAL]: Statistical drift detected for gru model on LINKEUR
2025-08-31 13:31:01 - DriftMonitor - WARNING - DRIFT ALERT: Distribution drift detected for gru model on LINKEUR (Severity: critical)
2025-08-31 13:31:01 - ValidationManager - CRITICAL - DRIFT ALERT [CRITICAL]: Distribution drift detected for gru model on LINKEUR
2025-08-31 13:31:01 - DriftMonitor - WARNING - DRIFT ALERT: Statistical drift detected for lightgbm model on LINKEUR (Severity: critical)
2025-08-31 13:31:01 - ValidationManager - CRITICAL - DRIFT ALERT [CRITICAL]: Statistical drift detected for lightgbm model on LINKEUR
2025-08-31 13:31:01 - DriftMonitor - WARNING - DRIFT ALERT: Distribution drift detected for lightgbm model on LINKEUR (Severity: critical)
2025-08-31 13:31:01 - ValidationManager - CRITICAL - DRIFT ALERT [CRITICAL]: Distribution drift detected for lightgbm model on LINKEUR
2025-08-31 13:31:01 - DriftMonitor - WARNING - DRIFT ALERT: Distribution drift detected for ppo model on LINKEUR (Severity: critical)
2025-08-31 13:31:01 - ValidationManager - CRITICAL - DRIFT ALERT [CRITICAL]: Distribution drift detected for ppo model on LINKEUR
2025-08-31 13:32:01 - DriftMonitor - WARNING - DRIFT ALERT: Statistical drift detected for gru model on BTCEUR (Severity: critical)
2025-08-31 13:32:01 - ValidationManager - CRITICAL - DRIFT ALERT [CRITICAL]: Statistical drift detected for gru model on BTCEUR
2025-08-31 13:32:01 - DriftMonitor - WARNING - DRIFT ALERT: Distribution drift detected for gru model on BTCEUR (Severity: critical)
2025-08-31 13:32:01 - ValidationManager - CRITICAL - DRIFT ALERT [CRITICAL]: Distribution drift detected for gru model on BTCEUR
2025-08-31 13:32:01 - DriftMonitor - WARNING - DRIFT ALERT: Statistical drift detected for lightgbm model on BTCEUR (Severity: critical)
2025-08-31 13:32:01 - ValidationManager - CRITICAL - DRIFT ALERT [CRITICAL]: Statistical drift detected for lightgbm model on BTCEUR
2025-08-31 13:32:01 - DriftMonitor - WARNING - DRIFT ALERT: Distribution drift detected for lightgbm model on BTCEUR (Severity: critical)
2025-08-31 13:32:01 - ValidationManager - CRITICAL - DRIFT ALERT [CRITICAL]: Distribution drift detected for lightgbm model on BTCEUR
2025-08-31 13:32:01 - DriftMonitor - WARNING - DRIFT ALERT: Distribution drift detected for ppo model on BTCEUR (Severity: critical)
2025-08-31 13:32:01 - ValidationManager - CRITICAL - DRIFT ALERT [CRITICAL]: Distribution drift detected for ppo model on BTCEUR
2025-08-31 13:32:01 - DriftMonitor - WARNING - DRIFT ALERT: Statistical drift detected for gru model on ETHEUR (Severity: critical)
2025-08-31 13:32:01 - ValidationManager - CRITICAL - DRIFT ALERT [CRITICAL]: Statistical drift detected for gru model on ETHEUR
2025-08-31 13:32:01 - DriftMonitor - WARNING - DRIFT ALERT: Distribution drift detected for gru model on ETHEUR (Severity: critical)
2025-08-31 13:32:01 - ValidationManager - CRITICAL - DRIFT ALERT [CRITICAL]: Distribution drift detected for gru model on ETHEUR
2025-08-31 13:32:01 - DriftMonitor - WARNING - DRIFT ALERT: Statistical drift detected for lightgbm model on ETHEUR (Severity: critical)
2025-08-31 13:32:01 - ValidationManager - CRITICAL - DRIFT ALERT [CRITICAL]: Statistical drift detected for lightgbm model on ETHEUR
2025-08-31 13:32:01 - DriftMonitor - WARNING - DRIFT ALERT: Distribution drift detected for lightgbm model on ETHEUR (Severity: critical)
2025-08-31 13:32:01 - ValidationManager - CRITICAL - DRIFT ALERT [CRITICAL]: Distribution drift detected for lightgbm model on ETHEUR
2025-08-31 13:32:01 - ValidationManager - WARNING - DRIFT ALERT [MEDIUM]: Distribution drift detected for ppo model on ETHEUR
2025-08-31 13:32:01 - DriftMonitor - WARNING - DRIFT ALERT: Statistical drift detected for gru model on ADAEUR (Severity: critical)
2025-08-31 13:32:01 - ValidationManager - CRITICAL - DRIFT ALERT [CRITICAL]: Statistical drift detected for gru model on ADAEUR
2025-08-31 13:32:01 - DriftMonitor - WARNING - DRIFT ALERT: Distribution drift detected for gru model on ADAEUR (Severity: critical)
2025-08-31 13:32:01 - ValidationManager - CRITICAL - DRIFT ALERT [CRITICAL]: Distribution drift detected for gru model on ADAEUR
2025-08-31 13:32:01 - DriftMonitor - WARNING - DRIFT ALERT: Statistical drift detected for lightgbm model on ADAEUR (Severity: critical)
2025-08-31 13:32:01 - ValidationManager - CRITICAL - DRIFT ALERT [CRITICAL]: Statistical drift detected for lightgbm model on ADAEUR
2025-08-31 13:32:01 - DriftMonitor - WARNING - DRIFT ALERT: Distribution drift detected for lightgbm model on ADAEUR (Severity: critical)
2025-08-31 13:32:01 - ValidationManager - CRITICAL - DRIFT ALERT [CRITICAL]: Distribution drift detected for lightgbm model on ADAEUR
2025-08-31 13:32:01 - DriftMonitor - WARNING - DRIFT ALERT: Distribution drift detected for ppo model on ADAEUR (Severity: critical)
2025-08-31 13:32:01 - ValidationManager - CRITICAL - DRIFT ALERT [CRITICAL]: Distribution drift detected for ppo model on ADAEUR
2025-08-31 13:32:01 - DriftMonitor - WARNING - DRIFT ALERT: Statistical drift detected for gru model on DOTEUR (Severity: critical)
2025-08-31 13:32:01 - ValidationManager - CRITICAL - DRIFT ALERT [CRITICAL]: Statistical drift detected for gru model on DOTEUR
2025-08-31 13:32:01 - DriftMonitor - WARNING - DRIFT ALERT: Distribution drift detected for gru model on DOTEUR (Severity: critical)
2025-08-31 13:32:01 - ValidationManager - CRITICAL - DRIFT ALERT [CRITICAL]: Distribution drift detected for gru model on DOTEUR
2025-08-31 13:32:01 - DriftMonitor - WARNING - DRIFT ALERT: Statistical drift detected for lightgbm model on DOTEUR (Severity: critical)
2025-08-31 13:32:01 - ValidationManager - CRITICAL - DRIFT ALERT [CRITICAL]: Statistical drift detected for lightgbm model on DOTEUR
2025-08-31 13:32:01 - DriftMonitor - WARNING - DRIFT ALERT: Distribution drift detected for lightgbm model on DOTEUR (Severity: critical)
2025-08-31 13:32:01 - ValidationManager - CRITICAL - DRIFT ALERT [CRITICAL]: Distribution drift detected for lightgbm model on DOTEUR
2025-08-31 13:32:01 - DriftMonitor - WARNING - DRIFT ALERT: Statistical drift detected for gru model on LINKEUR (Severity: critical)
2025-08-31 13:32:01 - ValidationManager - CRITICAL - DRIFT ALERT [CRITICAL]: Statistical drift detected for gru model on LINKEUR
2025-08-31 13:32:01 - DriftMonitor - WARNING - DRIFT ALERT: Distribution drift detected for gru model on LINKEUR (Severity: critical)
2025-08-31 13:32:01 - ValidationManager - CRITICAL - DRIFT ALERT [CRITICAL]: Distribution drift detected for gru model on LINKEUR
2025-08-31 13:32:01 - DriftMonitor - WARNING - DRIFT ALERT: Statistical drift detected for lightgbm model on LINKEUR (Severity: critical)
2025-08-31 13:32:01 - ValidationManager - CRITICAL - DRIFT ALERT [CRITICAL]: Statistical drift detected for lightgbm model on LINKEUR
2025-08-31 13:32:01 - DriftMonitor - WARNING - DRIFT ALERT: Distribution drift detected for lightgbm model on LINKEUR (Severity: critical)
2025-08-31 13:32:01 - ValidationManager - CRITICAL - DRIFT ALERT [CRITICAL]: Distribution drift detected for lightgbm model on LINKEUR
2025-08-31 13:32:01 - DriftMonitor - WARNING - DRIFT ALERT: Distribution drift detected for ppo model on LINKEUR (Severity: critical)
2025-08-31 13:32:01 - ValidationManager - CRITICAL - DRIFT ALERT [CRITICAL]: Distribution drift detected for ppo model on LINKEUR
2025-08-31 13:33:01 - DriftMonitor - WARNING - DRIFT ALERT: Statistical drift detected for gru model on BTCEUR (Severity: critical)
2025-08-31 13:33:01 - ValidationManager - CRITICAL - DRIFT ALERT [CRITICAL]: Statistical drift detected for gru model on BTCEUR
2025-08-31 13:33:01 - DriftMonitor - WARNING - DRIFT ALERT: Distribution drift detected for gru model on BTCEUR (Severity: critical)
2025-08-31 13:33:01 - ValidationManager - CRITICAL - DRIFT ALERT [CRITICAL]: Distribution drift detected for gru model on BTCEUR
2025-08-31 13:33:01 - DriftMonitor - WARNING - DRIFT ALERT: Statistical drift detected for lightgbm model on BTCEUR (Severity: critical)
2025-08-31 13:33:01 - ValidationManager - CRITICAL - DRIFT ALERT [CRITICAL]: Statistical drift detected for lightgbm model on BTCEUR
2025-08-31 13:33:01 - DriftMonitor - WARNING - DRIFT ALERT: Distribution drift detected for lightgbm model on BTCEUR (Severity: critical)
2025-08-31 13:33:01 - ValidationManager - CRITICAL - DRIFT ALERT [CRITICAL]: Distribution drift detected for lightgbm model on BTCEUR
2025-08-31 13:33:01 - DriftMonitor - WARNING - DRIFT ALERT: Distribution drift detected for ppo model on BTCEUR (Severity: critical)
2025-08-31 13:33:01 - ValidationManager - CRITICAL - DRIFT ALERT [CRITICAL]: Distribution drift detected for ppo model on BTCEUR
2025-08-31 13:33:01 - DriftMonitor - WARNING - DRIFT ALERT: Statistical drift detected for gru model on ETHEUR (Severity: critical)
2025-08-31 13:33:01 - ValidationManager - CRITICAL - DRIFT ALERT [CRITICAL]: Statistical drift detected for gru model on ETHEUR
2025-08-31 13:33:01 - DriftMonitor - WARNING - DRIFT ALERT: Distribution drift detected for gru model on ETHEUR (Severity: critical)
2025-08-31 13:33:01 - ValidationManager - CRITICAL - DRIFT ALERT [CRITICAL]: Distribution drift detected for gru model on ETHEUR
2025-08-31 13:33:01 - DriftMonitor - WARNING - DRIFT ALERT: Statistical drift detected for lightgbm model on ETHEUR (Severity: critical)
2025-08-31 13:33:01 - ValidationManager - CRITICAL - DRIFT ALERT [CRITICAL]: Statistical drift detected for lightgbm model on ETHEUR
2025-08-31 13:33:01 - DriftMonitor - WARNING - DRIFT ALERT: Distribution drift detected for lightgbm model on ETHEUR (Severity: critical)
2025-08-31 13:33:01 - ValidationManager - CRITICAL - DRIFT ALERT [CRITICAL]: Distribution drift detected for lightgbm model on ETHEUR
2025-08-31 13:33:01 - ValidationManager - WARNING - DRIFT ALERT [MEDIUM]: Distribution drift detected for ppo model on ETHEUR
2025-08-31 13:33:01 - DriftMonitor - WARNING - DRIFT ALERT: Statistical drift detected for gru model on ADAEUR (Severity: critical)
2025-08-31 13:33:01 - ValidationManager - CRITICAL - DRIFT ALERT [CRITICAL]: Statistical drift detected for gru model on ADAEUR
2025-08-31 13:33:01 - DriftMonitor - WARNING - DRIFT ALERT: Distribution drift detected for gru model on ADAEUR (Severity: critical)
2025-08-31 13:33:01 - ValidationManager - CRITICAL - DRIFT ALERT [CRITICAL]: Distribution drift detected for gru model on ADAEUR
2025-08-31 13:33:01 - DriftMonitor - WARNING - DRIFT ALERT: Statistical drift detected for lightgbm model on ADAEUR (Severity: critical)
2025-08-31 13:33:01 - ValidationManager - CRITICAL - DRIFT ALERT [CRITICAL]: Statistical drift detected for lightgbm model on ADAEUR
2025-08-31 13:33:01 - DriftMonitor - WARNING - DRIFT ALERT: Distribution drift detected for lightgbm model on ADAEUR (Severity: critical)
2025-08-31 13:33:01 - ValidationManager - CRITICAL - DRIFT ALERT [CRITICAL]: Distribution drift detected for lightgbm model on ADAEUR
2025-08-31 13:33:01 - DriftMonitor - WARNING - DRIFT ALERT: Distribution drift detected for ppo model on ADAEUR (Severity: critical)
2025-08-31 13:33:01 - ValidationManager - CRITICAL - DRIFT ALERT [CRITICAL]: Distribution drift detected for ppo model on ADAEUR
2025-08-31 13:33:01 - DriftMonitor - WARNING - DRIFT ALERT: Statistical drift detected for gru model on DOTEUR (Severity: critical)
2025-08-31 13:33:01 - ValidationManager - CRITICAL - DRIFT ALERT [CRITICAL]: Statistical drift detected for gru model on DOTEUR
2025-08-31 13:33:01 - DriftMonitor - WARNING - DRIFT ALERT: Distribution drift detected for gru model on DOTEUR (Severity: critical)
2025-08-31 13:33:01 - ValidationManager - CRITICAL - DRIFT ALERT [CRITICAL]: Distribution drift detected for gru model on DOTEUR
2025-08-31 13:33:01 - DriftMonitor - WARNING - DRIFT ALERT: Statistical drift detected for lightgbm model on DOTEUR (Severity: critical)
2025-08-31 13:33:01 - ValidationManager - CRITICAL - DRIFT ALERT [CRITICAL]: Statistical drift detected for lightgbm model on DOTEUR
2025-08-31 13:33:01 - DriftMonitor - WARNING - DRIFT ALERT: Distribution drift detected for lightgbm model on DOTEUR (Severity: critical)
2025-08-31 13:33:01 - ValidationManager - CRITICAL - DRIFT ALERT [CRITICAL]: Distribution drift detected for lightgbm model on DOTEUR
2025-08-31 13:33:01 - DriftMonitor - WARNING - DRIFT ALERT: Statistical drift detected for gru model on LINKEUR (Severity: critical)
2025-08-31 13:33:01 - ValidationManager - CRITICAL - DRIFT ALERT [CRITICAL]: Statistical drift detected for gru model on LINKEUR
2025-08-31 13:33:01 - DriftMonitor - WARNING - DRIFT ALERT: Distribution drift detected for gru model on LINKEUR (Severity: critical)
2025-08-31 13:33:01 - ValidationManager - CRITICAL - DRIFT ALERT [CRITICAL]: Distribution drift detected for gru model on LINKEUR
2025-08-31 13:33:01 - DriftMonitor - WARNING - DRIFT ALERT: Statistical drift detected for lightgbm model on LINKEUR (Severity: critical)
2025-08-31 13:33:01 - ValidationManager - CRITICAL - DRIFT ALERT [CRITICAL]: Statistical drift detected for lightgbm model on LINKEUR
2025-08-31 13:33:01 - DriftMonitor - WARNING - DRIFT ALERT: Distribution drift detected for lightgbm model on LINKEUR (Severity: critical)
2025-08-31 13:33:01 - ValidationManager - CRITICAL - DRIFT ALERT [CRITICAL]: Distribution drift detected for lightgbm model on LINKEUR
2025-08-31 13:33:01 - DriftMonitor - WARNING - DRIFT ALERT: Distribution drift detected for ppo model on LINKEUR (Severity: critical)
2025-08-31 13:33:01 - ValidationManager - CRITICAL - DRIFT ALERT [CRITICAL]: Distribution drift detected for ppo model on LINKEUR
2025-08-31 13:34:01 - DriftMonitor - WARNING - DRIFT ALERT: Statistical drift detected for gru model on BTCEUR (Severity: critical)
2025-08-31 13:34:01 - ValidationManager - CRITICAL - DRIFT ALERT [CRITICAL]: Statistical drift detected for gru model on BTCEUR
2025-08-31 13:34:01 - DriftMonitor - WARNING - DRIFT ALERT: Distribution drift detected for gru model on BTCEUR (Severity: critical)
2025-08-31 13:34:01 - ValidationManager - CRITICAL - DRIFT ALERT [CRITICAL]: Distribution drift detected for gru model on BTCEUR
2025-08-31 13:34:01 - DriftMonitor - WARNING - DRIFT ALERT: Statistical drift detected for lightgbm model on BTCEUR (Severity: critical)
2025-08-31 13:34:01 - ValidationManager - CRITICAL - DRIFT ALERT [CRITICAL]: Statistical drift detected for lightgbm model on BTCEUR
2025-08-31 13:34:01 - DriftMonitor - WARNING - DRIFT ALERT: Distribution drift detected for lightgbm model on BTCEUR (Severity: critical)
2025-08-31 13:34:01 - ValidationManager - CRITICAL - DRIFT ALERT [CRITICAL]: Distribution drift detected for lightgbm model on BTCEUR
2025-08-31 13:34:01 - DriftMonitor - WARNING - DRIFT ALERT: Distribution drift detected for ppo model on BTCEUR (Severity: critical)
2025-08-31 13:34:01 - ValidationManager - CRITICAL - DRIFT ALERT [CRITICAL]: Distribution drift detected for ppo model on BTCEUR
2025-08-31 13:34:01 - DriftMonitor - WARNING - DRIFT ALERT: Statistical drift detected for gru model on ETHEUR (Severity: critical)
2025-08-31 13:34:01 - ValidationManager - CRITICAL - DRIFT ALERT [CRITICAL]: Statistical drift detected for gru model on ETHEUR
2025-08-31 13:34:01 - DriftMonitor - WARNING - DRIFT ALERT: Distribution drift detected for gru model on ETHEUR (Severity: critical)
2025-08-31 13:34:01 - ValidationManager - CRITICAL - DRIFT ALERT [CRITICAL]: Distribution drift detected for gru model on ETHEUR
2025-08-31 13:34:01 - DriftMonitor - WARNING - DRIFT ALERT: Statistical drift detected for lightgbm model on ETHEUR (Severity: critical)
2025-08-31 13:34:01 - ValidationManager - CRITICAL - DRIFT ALERT [CRITICAL]: Statistical drift detected for lightgbm model on ETHEUR
2025-08-31 13:34:01 - DriftMonitor - WARNING - DRIFT ALERT: Distribution drift detected for lightgbm model on ETHEUR (Severity: critical)
2025-08-31 13:34:01 - ValidationManager - CRITICAL - DRIFT ALERT [CRITICAL]: Distribution drift detected for lightgbm model on ETHEUR
2025-08-31 13:34:01 - ValidationManager - WARNING - DRIFT ALERT [MEDIUM]: Distribution drift detected for ppo model on ETHEUR
2025-08-31 13:34:01 - DriftMonitor - WARNING - DRIFT ALERT: Statistical drift detected for gru model on ADAEUR (Severity: critical)
2025-08-31 13:34:01 - ValidationManager - CRITICAL - DRIFT ALERT [CRITICAL]: Statistical drift detected for gru model on ADAEUR
2025-08-31 13:34:01 - DriftMonitor - WARNING - DRIFT ALERT: Distribution drift detected for gru model on ADAEUR (Severity: critical)
2025-08-31 13:34:01 - ValidationManager - CRITICAL - DRIFT ALERT [CRITICAL]: Distribution drift detected for gru model on ADAEUR
2025-08-31 13:34:01 - DriftMonitor - WARNING - DRIFT ALERT: Statistical drift detected for lightgbm model on ADAEUR (Severity: critical)
2025-08-31 13:34:01 - ValidationManager - CRITICAL - DRIFT ALERT [CRITICAL]: Statistical drift detected for lightgbm model on ADAEUR
2025-08-31 13:34:01 - DriftMonitor - WARNING - DRIFT ALERT: Distribution drift detected for lightgbm model on ADAEUR (Severity: critical)
2025-08-31 13:34:01 - ValidationManager - CRITICAL - DRIFT ALERT [CRITICAL]: Distribution drift detected for lightgbm model on ADAEUR
2025-08-31 13:34:01 - DriftMonitor - WARNING - DRIFT ALERT: Distribution drift detected for ppo model on ADAEUR (Severity: critical)
2025-08-31 13:34:01 - ValidationManager - CRITICAL - DRIFT ALERT [CRITICAL]: Distribution drift detected for ppo model on ADAEUR
2025-08-31 13:34:01 - DriftMonitor - WARNING - DRIFT ALERT: Statistical drift detected for gru model on DOTEUR (Severity: critical)
2025-08-31 13:34:01 - ValidationManager - CRITICAL - DRIFT ALERT [CRITICAL]: Statistical drift detected for gru model on DOTEUR
2025-08-31 13:34:01 - DriftMonitor - WARNING - DRIFT ALERT: Distribution drift detected for gru model on DOTEUR (Severity: critical)
2025-08-31 13:34:01 - ValidationManager - CRITICAL - DRIFT ALERT [CRITICAL]: Distribution drift detected for gru model on DOTEUR
2025-08-31 13:34:01 - DriftMonitor - WARNING - DRIFT ALERT: Statistical drift detected for lightgbm model on DOTEUR (Severity: critical)
2025-08-31 13:34:01 - ValidationManager - CRITICAL - DRIFT ALERT [CRITICAL]: Statistical drift detected for lightgbm model on DOTEUR
2025-08-31 13:34:01 - DriftMonitor - WARNING - DRIFT ALERT: Distribution drift detected for lightgbm model on DOTEUR (Severity: critical)
2025-08-31 13:34:01 - ValidationManager - CRITICAL - DRIFT ALERT [CRITICAL]: Distribution drift detected for lightgbm model on DOTEUR
2025-08-31 13:34:01 - DriftMonitor - WARNING - DRIFT ALERT: Statistical drift detected for gru model on LINKEUR (Severity: critical)
2025-08-31 13:34:01 - ValidationManager - CRITICAL - DRIFT ALERT [CRITICAL]: Statistical drift detected for gru model on LINKEUR
2025-08-31 13:34:01 - DriftMonitor - WARNING - DRIFT ALERT: Distribution drift detected for gru model on LINKEUR (Severity: critical)
2025-08-31 13:34:01 - ValidationManager - CRITICAL - DRIFT ALERT [CRITICAL]: Distribution drift detected for gru model on LINKEUR
2025-08-31 13:34:01 - DriftMonitor - WARNING - DRIFT ALERT: Statistical drift detected for lightgbm model on LINKEUR (Severity: critical)
2025-08-31 13:34:01 - ValidationManager - CRITICAL - DRIFT ALERT [CRITICAL]: Statistical drift detected for lightgbm model on LINKEUR
2025-08-31 13:34:01 - DriftMonitor - WARNING - DRIFT ALERT: Distribution drift detected for lightgbm model on LINKEUR (Severity: critical)
2025-08-31 13:34:01 - ValidationManager - CRITICAL - DRIFT ALERT [CRITICAL]: Distribution drift detected for lightgbm model on LINKEUR
2025-08-31 13:34:01 - DriftMonitor - WARNING - DRIFT ALERT: Distribution drift detected for ppo model on LINKEUR (Severity: critical)
2025-08-31 13:34:01 - ValidationManager - CRITICAL - DRIFT ALERT [CRITICAL]: Distribution drift detected for ppo model on LINKEUR
2025-08-31 13:35:01 - DriftMonitor - WARNING - DRIFT ALERT: Statistical drift detected for gru model on BTCEUR (Severity: critical)
2025-08-31 13:35:01 - ValidationManager - CRITICAL - DRIFT ALERT [CRITICAL]: Statistical drift detected for gru model on BTCEUR
2025-08-31 13:35:01 - DriftMonitor - WARNING - DRIFT ALERT: Distribution drift detected for gru model on BTCEUR (Severity: critical)
2025-08-31 13:35:01 - ValidationManager - CRITICAL - DRIFT ALERT [CRITICAL]: Distribution drift detected for gru model on BTCEUR
2025-08-31 13:35:01 - DriftMonitor - WARNING - DRIFT ALERT: Statistical drift detected for lightgbm model on BTCEUR (Severity: critical)
2025-08-31 13:35:01 - ValidationManager - CRITICAL - DRIFT ALERT [CRITICAL]: Statistical drift detected for lightgbm model on BTCEUR
2025-08-31 13:35:01 - DriftMonitor - WARNING - DRIFT ALERT: Distribution drift detected for lightgbm model on BTCEUR (Severity: critical)
2025-08-31 13:35:01 - ValidationManager - CRITICAL - DRIFT ALERT [CRITICAL]: Distribution drift detected for lightgbm model on BTCEUR
2025-08-31 13:35:01 - DriftMonitor - WARNING - DRIFT ALERT: Distribution drift detected for ppo model on BTCEUR (Severity: critical)
2025-08-31 13:35:01 - ValidationManager - CRITICAL - DRIFT ALERT [CRITICAL]: Distribution drift detected for ppo model on BTCEUR
2025-08-31 13:35:01 - DriftMonitor - WARNING - DRIFT ALERT: Statistical drift detected for gru model on ETHEUR (Severity: critical)
2025-08-31 13:35:01 - ValidationManager - CRITICAL - DRIFT ALERT [CRITICAL]: Statistical drift detected for gru model on ETHEUR
2025-08-31 13:35:01 - DriftMonitor - WARNING - DRIFT ALERT: Distribution drift detected for gru model on ETHEUR (Severity: critical)
2025-08-31 13:35:01 - ValidationManager - CRITICAL - DRIFT ALERT [CRITICAL]: Distribution drift detected for gru model on ETHEUR
2025-08-31 13:35:01 - DriftMonitor - WARNING - DRIFT ALERT: Statistical drift detected for lightgbm model on ETHEUR (Severity: critical)
2025-08-31 13:35:01 - ValidationManager - CRITICAL - DRIFT ALERT [CRITICAL]: Statistical drift detected for lightgbm model on ETHEUR
2025-08-31 13:35:01 - DriftMonitor - WARNING - DRIFT ALERT: Distribution drift detected for lightgbm model on ETHEUR (Severity: critical)
2025-08-31 13:35:01 - ValidationManager - CRITICAL - DRIFT ALERT [CRITICAL]: Distribution drift detected for lightgbm model on ETHEUR
2025-08-31 13:35:01 - ValidationManager - WARNING - DRIFT ALERT [MEDIUM]: Distribution drift detected for ppo model on ETHEUR
2025-08-31 13:35:01 - DriftMonitor - WARNING - DRIFT ALERT: Statistical drift detected for gru model on ADAEUR (Severity: critical)
2025-08-31 13:35:01 - ValidationManager - CRITICAL - DRIFT ALERT [CRITICAL]: Statistical drift detected for gru model on ADAEUR
2025-08-31 13:35:01 - DriftMonitor - WARNING - DRIFT ALERT: Distribution drift detected for gru model on ADAEUR (Severity: critical)
2025-08-31 13:35:01 - ValidationManager - CRITICAL - DRIFT ALERT [CRITICAL]: Distribution drift detected for gru model on ADAEUR
2025-08-31 13:35:01 - DriftMonitor - WARNING - DRIFT ALERT: Statistical drift detected for lightgbm model on ADAEUR (Severity: critical)
2025-08-31 13:35:01 - ValidationManager - CRITICAL - DRIFT ALERT [CRITICAL]: Statistical drift detected for lightgbm model on ADAEUR
2025-08-31 13:35:01 - DriftMonitor - WARNING - DRIFT ALERT: Distribution drift detected for lightgbm model on ADAEUR (Severity: critical)
2025-08-31 13:35:01 - ValidationManager - CRITICAL - DRIFT ALERT [CRITICAL]: Distribution drift detected for lightgbm model on ADAEUR
2025-08-31 13:35:01 - DriftMonitor - WARNING - DRIFT ALERT: Distribution drift detected for ppo model on ADAEUR (Severity: critical)
2025-08-31 13:35:01 - ValidationManager - CRITICAL - DRIFT ALERT [CRITICAL]: Distribution drift detected for ppo model on ADAEUR
2025-08-31 13:35:01 - DriftMonitor - WARNING - DRIFT ALERT: Statistical drift detected for gru model on DOTEUR (Severity: critical)
2025-08-31 13:35:01 - ValidationManager - CRITICAL - DRIFT ALERT [CRITICAL]: Statistical drift detected for gru model on DOTEUR
2025-08-31 13:35:01 - DriftMonitor - WARNING - DRIFT ALERT: Distribution drift detected for gru model on DOTEUR (Severity: critical)
2025-08-31 13:35:01 - ValidationManager - CRITICAL - DRIFT ALERT [CRITICAL]: Distribution drift detected for gru model on DOTEUR
2025-08-31 13:35:01 - DriftMonitor - WARNING - DRIFT ALERT: Statistical drift detected for lightgbm model on DOTEUR (Severity: critical)
2025-08-31 13:35:01 - ValidationManager - CRITICAL - DRIFT ALERT [CRITICAL]: Statistical drift detected for lightgbm model on DOTEUR
2025-08-31 13:35:01 - DriftMonitor - WARNING - DRIFT ALERT: Distribution drift detected for lightgbm model on DOTEUR (Severity: critical)
2025-08-31 13:35:01 - ValidationManager - CRITICAL - DRIFT ALERT [CRITICAL]: Distribution drift detected for lightgbm model on DOTEUR
2025-08-31 13:35:01 - DriftMonitor - WARNING - DRIFT ALERT: Statistical drift detected for gru model on LINKEUR (Severity: critical)
2025-08-31 13:35:01 - ValidationManager - CRITICAL - DRIFT ALERT [CRITICAL]: Statistical drift detected for gru model on LINKEUR
2025-08-31 13:35:01 - DriftMonitor - WARNING - DRIFT ALERT: Distribution drift detected for gru model on LINKEUR (Severity: critical)
2025-08-31 13:35:01 - ValidationManager - CRITICAL - DRIFT ALERT [CRITICAL]: Distribution drift detected for gru model on LINKEUR
2025-08-31 13:35:01 - DriftMonitor - WARNING - DRIFT ALERT: Statistical drift detected for lightgbm model on LINKEUR (Severity: critical)
2025-08-31 13:35:01 - ValidationManager - CRITICAL - DRIFT ALERT [CRITICAL]: Statistical drift detected for lightgbm model on LINKEUR
2025-08-31 13:35:01 - DriftMonitor - WARNING - DRIFT ALERT: Distribution drift detected for lightgbm model on LINKEUR (Severity: critical)
2025-08-31 13:35:01 - ValidationManager - CRITICAL - DRIFT ALERT [CRITICAL]: Distribution drift detected for lightgbm model on LINKEUR
2025-08-31 13:35:01 - DriftMonitor - WARNING - DRIFT ALERT: Distribution drift detected for ppo model on LINKEUR (Severity: critical)
2025-08-31 13:35:01 - ValidationManager - CRITICAL - DRIFT ALERT [CRITICAL]: Distribution drift detected for ppo model on LINKEUR
2025-08-31 13:36:01 - DriftMonitor - WARNING - DRIFT ALERT: Statistical drift detected for gru model on BTCEUR (Severity: critical)
2025-08-31 13:36:01 - ValidationManager - CRITICAL - DRIFT ALERT [CRITICAL]: Statistical drift detected for gru model on BTCEUR
2025-08-31 13:36:01 - DriftMonitor - WARNING - DRIFT ALERT: Distribution drift detected for gru model on BTCEUR (Severity: critical)
2025-08-31 13:36:01 - ValidationManager - CRITICAL - DRIFT ALERT [CRITICAL]: Distribution drift detected for gru model on BTCEUR
2025-08-31 13:36:01 - DriftMonitor - WARNING - DRIFT ALERT: Statistical drift detected for lightgbm model on BTCEUR (Severity: critical)
2025-08-31 13:36:01 - ValidationManager - CRITICAL - DRIFT ALERT [CRITICAL]: Statistical drift detected for lightgbm model on BTCEUR
2025-08-31 13:36:01 - DriftMonitor - WARNING - DRIFT ALERT: Distribution drift detected for lightgbm model on BTCEUR (Severity: critical)
2025-08-31 13:36:01 - ValidationManager - CRITICAL - DRIFT ALERT [CRITICAL]: Distribution drift detected for lightgbm model on BTCEUR
2025-08-31 13:36:01 - DriftMonitor - WARNING - DRIFT ALERT: Distribution drift detected for ppo model on BTCEUR (Severity: critical)
2025-08-31 13:36:01 - ValidationManager - CRITICAL - DRIFT ALERT [CRITICAL]: Distribution drift detected for ppo model on BTCEUR
2025-08-31 13:36:01 - DriftMonitor - WARNING - DRIFT ALERT: Statistical drift detected for gru model on ETHEUR (Severity: critical)
2025-08-31 13:36:01 - ValidationManager - CRITICAL - DRIFT ALERT [CRITICAL]: Statistical drift detected for gru model on ETHEUR
2025-08-31 13:36:01 - DriftMonitor - WARNING - DRIFT ALERT: Distribution drift detected for gru model on ETHEUR (Severity: critical)
2025-08-31 13:36:01 - ValidationManager - CRITICAL - DRIFT ALERT [CRITICAL]: Distribution drift detected for gru model on ETHEUR
2025-08-31 13:36:01 - DriftMonitor - WARNING - DRIFT ALERT: Statistical drift detected for lightgbm model on ETHEUR (Severity: critical)
2025-08-31 13:36:01 - ValidationManager - CRITICAL - DRIFT ALERT [CRITICAL]: Statistical drift detected for lightgbm model on ETHEUR
2025-08-31 13:36:01 - DriftMonitor - WARNING - DRIFT ALERT: Distribution drift detected for lightgbm model on ETHEUR (Severity: critical)
2025-08-31 13:36:01 - ValidationManager - CRITICAL - DRIFT ALERT [CRITICAL]: Distribution drift detected for lightgbm model on ETHEUR
2025-08-31 13:36:01 - ValidationManager - WARNING - DRIFT ALERT [MEDIUM]: Distribution drift detected for ppo model on ETHEUR
2025-08-31 13:36:01 - DriftMonitor - WARNING - DRIFT ALERT: Statistical drift detected for gru model on ADAEUR (Severity: critical)
2025-08-31 13:36:01 - ValidationManager - CRITICAL - DRIFT ALERT [CRITICAL]: Statistical drift detected for gru model on ADAEUR
2025-08-31 13:36:01 - DriftMonitor - WARNING - DRIFT ALERT: Distribution drift detected for gru model on ADAEUR (Severity: critical)
2025-08-31 13:36:01 - ValidationManager - CRITICAL - DRIFT ALERT [CRITICAL]: Distribution drift detected for gru model on ADAEUR
2025-08-31 13:36:01 - DriftMonitor - WARNING - DRIFT ALERT: Statistical drift detected for lightgbm model on ADAEUR (Severity: critical)
2025-08-31 13:36:01 - ValidationManager - CRITICAL - DRIFT ALERT [CRITICAL]: Statistical drift detected for lightgbm model on ADAEUR
2025-08-31 13:36:01 - DriftMonitor - WARNING - DRIFT ALERT: Distribution drift detected for lightgbm model on ADAEUR (Severity: critical)
2025-08-31 13:36:01 - ValidationManager - CRITICAL - DRIFT ALERT [CRITICAL]: Distribution drift detected for lightgbm model on ADAEUR
2025-08-31 13:36:01 - DriftMonitor - WARNING - DRIFT ALERT: Distribution drift detected for ppo model on ADAEUR (Severity: critical)
2025-08-31 13:36:01 - ValidationManager - CRITICAL - DRIFT ALERT [CRITICAL]: Distribution drift detected for ppo model on ADAEUR
2025-08-31 13:36:01 - DriftMonitor - WARNING - DRIFT ALERT: Statistical drift detected for gru model on DOTEUR (Severity: critical)
2025-08-31 13:36:01 - ValidationManager - CRITICAL - DRIFT ALERT [CRITICAL]: Statistical drift detected for gru model on DOTEUR
2025-08-31 13:36:01 - DriftMonitor - WARNING - DRIFT ALERT: Distribution drift detected for gru model on DOTEUR (Severity: critical)
2025-08-31 13:36:01 - ValidationManager - CRITICAL - DRIFT ALERT [CRITICAL]: Distribution drift detected for gru model on DOTEUR
2025-08-31 13:36:02 - DriftMonitor - WARNING - DRIFT ALERT: Statistical drift detected for lightgbm model on DOTEUR (Severity: critical)
2025-08-31 13:36:02 - ValidationManager - CRITICAL - DRIFT ALERT [CRITICAL]: Statistical drift detected for lightgbm model on DOTEUR
2025-08-31 13:36:02 - DriftMonitor - WARNING - DRIFT ALERT: Distribution drift detected for lightgbm model on DOTEUR (Severity: critical)
2025-08-31 13:36:02 - ValidationManager - CRITICAL - DRIFT ALERT [CRITICAL]: Distribution drift detected for lightgbm model on DOTEUR
2025-08-31 13:36:02 - DriftMonitor - WARNING - DRIFT ALERT: Statistical drift detected for gru model on LINKEUR (Severity: critical)
2025-08-31 13:36:02 - ValidationManager - CRITICAL - DRIFT ALERT [CRITICAL]: Statistical drift detected for gru model on LINKEUR
2025-08-31 13:36:02 - DriftMonitor - WARNING - DRIFT ALERT: Distribution drift detected for gru model on LINKEUR (Severity: critical)
2025-08-31 13:36:02 - ValidationManager - CRITICAL - DRIFT ALERT [CRITICAL]: Distribution drift detected for gru model on LINKEUR
2025-08-31 13:36:02 - DriftMonitor - WARNING - DRIFT ALERT: Statistical drift detected for lightgbm model on LINKEUR (Severity: critical)
2025-08-31 13:36:02 - ValidationManager - CRITICAL - DRIFT ALERT [CRITICAL]: Statistical drift detected for lightgbm model on LINKEUR
2025-08-31 13:36:02 - DriftMonitor - WARNING - DRIFT ALERT: Distribution drift detected for lightgbm model on LINKEUR (Severity: critical)
2025-08-31 13:36:02 - ValidationManager - CRITICAL - DRIFT ALERT [CRITICAL]: Distribution drift detected for lightgbm model on LINKEUR
2025-08-31 13:36:02 - DriftMonitor - WARNING - DRIFT ALERT: Distribution drift detected for ppo model on LINKEUR (Severity: critical)
2025-08-31 13:36:02 - ValidationManager - CRITICAL - DRIFT ALERT [CRITICAL]: Distribution drift detected for ppo model on LINKEUR
2025-08-31 13:37:02 - DriftMonitor - WARNING - DRIFT ALERT: Statistical drift detected for gru model on BTCEUR (Severity: critical)
2025-08-31 13:37:02 - ValidationManager - CRITICAL - DRIFT ALERT [CRITICAL]: Statistical drift detected for gru model on BTCEUR
2025-08-31 13:37:02 - DriftMonitor - WARNING - DRIFT ALERT: Distribution drift detected for gru model on BTCEUR (Severity: critical)
2025-08-31 13:37:02 - ValidationManager - CRITICAL - DRIFT ALERT [CRITICAL]: Distribution drift detected for gru model on BTCEUR
2025-08-31 13:37:02 - DriftMonitor - WARNING - DRIFT ALERT: Statistical drift detected for lightgbm model on BTCEUR (Severity: critical)
2025-08-31 13:37:02 - ValidationManager - CRITICAL - DRIFT ALERT [CRITICAL]: Statistical drift detected for lightgbm model on BTCEUR
2025-08-31 13:37:02 - DriftMonitor - WARNING - DRIFT ALERT: Distribution drift detected for lightgbm model on BTCEUR (Severity: critical)
2025-08-31 13:37:02 - ValidationManager - CRITICAL - DRIFT ALERT [CRITICAL]: Distribution drift detected for lightgbm model on BTCEUR
2025-08-31 13:37:02 - DriftMonitor - WARNING - DRIFT ALERT: Distribution drift detected for ppo model on BTCEUR (Severity: critical)
2025-08-31 13:37:02 - ValidationManager - CRITICAL - DRIFT ALERT [CRITICAL]: Distribution drift detected for ppo model on BTCEUR
2025-08-31 13:37:02 - DriftMonitor - WARNING - DRIFT ALERT: Statistical drift detected for gru model on ETHEUR (Severity: critical)
2025-08-31 13:37:02 - ValidationManager - CRITICAL - DRIFT ALERT [CRITICAL]: Statistical drift detected for gru model on ETHEUR
2025-08-31 13:37:02 - DriftMonitor - WARNING - DRIFT ALERT: Distribution drift detected for gru model on ETHEUR (Severity: critical)
2025-08-31 13:37:02 - ValidationManager - CRITICAL - DRIFT ALERT [CRITICAL]: Distribution drift detected for gru model on ETHEUR
2025-08-31 13:37:02 - DriftMonitor - WARNING - DRIFT ALERT: Statistical drift detected for lightgbm model on ETHEUR (Severity: critical)
2025-08-31 13:37:02 - ValidationManager - CRITICAL - DRIFT ALERT [CRITICAL]: Statistical drift detected for lightgbm model on ETHEUR
2025-08-31 13:37:02 - DriftMonitor - WARNING - DRIFT ALERT: Distribution drift detected for lightgbm model on ETHEUR (Severity: critical)
2025-08-31 13:37:02 - ValidationManager - CRITICAL - DRIFT ALERT [CRITICAL]: Distribution drift detected for lightgbm model on ETHEUR
2025-08-31 13:37:02 - ValidationManager - WARNING - DRIFT ALERT [MEDIUM]: Distribution drift detected for ppo model on ETHEUR
2025-08-31 13:37:02 - DriftMonitor - WARNING - DRIFT ALERT: Statistical drift detected for gru model on ADAEUR (Severity: critical)
2025-08-31 13:37:02 - ValidationManager - CRITICAL - DRIFT ALERT [CRITICAL]: Statistical drift detected for gru model on ADAEUR
2025-08-31 13:37:02 - DriftMonitor - WARNING - DRIFT ALERT: Distribution drift detected for gru model on ADAEUR (Severity: critical)
2025-08-31 13:37:02 - ValidationManager - CRITICAL - DRIFT ALERT [CRITICAL]: Distribution drift detected for gru model on ADAEUR
2025-08-31 13:37:02 - DriftMonitor - WARNING - DRIFT ALERT: Statistical drift detected for lightgbm model on ADAEUR (Severity: critical)
2025-08-31 13:37:02 - ValidationManager - CRITICAL - DRIFT ALERT [CRITICAL]: Statistical drift detected for lightgbm model on ADAEUR
2025-08-31 13:37:02 - DriftMonitor - WARNING - DRIFT ALERT: Distribution drift detected for lightgbm model on ADAEUR (Severity: critical)
2025-08-31 13:37:02 - ValidationManager - CRITICAL - DRIFT ALERT [CRITICAL]: Distribution drift detected for lightgbm model on ADAEUR
2025-08-31 13:37:02 - DriftMonitor - WARNING - DRIFT ALERT: Distribution drift detected for ppo model on ADAEUR (Severity: critical)
2025-08-31 13:37:02 - ValidationManager - CRITICAL - DRIFT ALERT [CRITICAL]: Distribution drift detected for ppo model on ADAEUR
2025-08-31 13:37:02 - DriftMonitor - WARNING - DRIFT ALERT: Statistical drift detected for gru model on DOTEUR (Severity: critical)
2025-08-31 13:37:02 - ValidationManager - CRITICAL - DRIFT ALERT [CRITICAL]: Statistical drift detected for gru model on DOTEUR
2025-08-31 13:37:02 - DriftMonitor - WARNING - DRIFT ALERT: Distribution drift detected for gru model on DOTEUR (Severity: critical)
2025-08-31 13:37:02 - ValidationManager - CRITICAL - DRIFT ALERT [CRITICAL]: Distribution drift detected for gru model on DOTEUR
2025-08-31 13:37:02 - DriftMonitor - WARNING - DRIFT ALERT: Statistical drift detected for lightgbm model on DOTEUR (Severity: critical)
2025-08-31 13:37:02 - ValidationManager - CRITICAL - DRIFT ALERT [CRITICAL]: Statistical drift detected for lightgbm model on DOTEUR
2025-08-31 13:37:02 - DriftMonitor - WARNING - DRIFT ALERT: Distribution drift detected for lightgbm model on DOTEUR (Severity: critical)
2025-08-31 13:37:02 - ValidationManager - CRITICAL - DRIFT ALERT [CRITICAL]: Distribution drift detected for lightgbm model on DOTEUR
2025-08-31 13:37:02 - DriftMonitor - WARNING - DRIFT ALERT: Statistical drift detected for gru model on LINKEUR (Severity: critical)
2025-08-31 13:37:02 - ValidationManager - CRITICAL - DRIFT ALERT [CRITICAL]: Statistical drift detected for gru model on LINKEUR
2025-08-31 13:37:02 - DriftMonitor - WARNING - DRIFT ALERT: Distribution drift detected for gru model on LINKEUR (Severity: critical)
2025-08-31 13:37:02 - ValidationManager - CRITICAL - DRIFT ALERT [CRITICAL]: Distribution drift detected for gru model on LINKEUR
2025-08-31 13:37:02 - DriftMonitor - WARNING - DRIFT ALERT: Statistical drift detected for lightgbm model on LINKEUR (Severity: critical)
2025-08-31 13:37:02 - ValidationManager - CRITICAL - DRIFT ALERT [CRITICAL]: Statistical drift detected for lightgbm model on LINKEUR
2025-08-31 13:37:02 - DriftMonitor - WARNING - DRIFT ALERT: Distribution drift detected for lightgbm model on LINKEUR (Severity: critical)
2025-08-31 13:37:02 - ValidationManager - CRITICAL - DRIFT ALERT [CRITICAL]: Distribution drift detected for lightgbm model on LINKEUR
2025-08-31 13:37:02 - DriftMonitor - WARNING - DRIFT ALERT: Distribution drift detected for ppo model on LINKEUR (Severity: critical)
2025-08-31 13:37:02 - ValidationManager - CRITICAL - DRIFT ALERT [CRITICAL]: Distribution drift detected for ppo model on LINKEUR
2025-08-31 13:38:02 - DriftMonitor - WARNING - DRIFT ALERT: Statistical drift detected for gru model on BTCEUR (Severity: critical)
2025-08-31 13:38:02 - ValidationManager - CRITICAL - DRIFT ALERT [CRITICAL]: Statistical drift detected for gru model on BTCEUR
2025-08-31 13:38:02 - DriftMonitor - WARNING - DRIFT ALERT: Distribution drift detected for gru model on BTCEUR (Severity: critical)
2025-08-31 13:38:02 - ValidationManager - CRITICAL - DRIFT ALERT [CRITICAL]: Distribution drift detected for gru model on BTCEUR
2025-08-31 13:38:02 - DriftMonitor - WARNING - DRIFT ALERT: Statistical drift detected for lightgbm model on BTCEUR (Severity: critical)
2025-08-31 13:38:02 - ValidationManager - CRITICAL - DRIFT ALERT [CRITICAL]: Statistical drift detected for lightgbm model on BTCEUR
2025-08-31 13:38:02 - DriftMonitor - WARNING - DRIFT ALERT: Distribution drift detected for lightgbm model on BTCEUR (Severity: critical)
2025-08-31 13:38:02 - ValidationManager - CRITICAL - DRIFT ALERT [CRITICAL]: Distribution drift detected for lightgbm model on BTCEUR
2025-08-31 13:38:02 - DriftMonitor - WARNING - DRIFT ALERT: Distribution drift detected for ppo model on BTCEUR (Severity: critical)
2025-08-31 13:38:02 - ValidationManager - CRITICAL - DRIFT ALERT [CRITICAL]: Distribution drift detected for ppo model on BTCEUR
2025-08-31 13:38:02 - DriftMonitor - WARNING - DRIFT ALERT: Statistical drift detected for gru model on ETHEUR (Severity: critical)
2025-08-31 13:38:02 - ValidationManager - CRITICAL - DRIFT ALERT [CRITICAL]: Statistical drift detected for gru model on ETHEUR
2025-08-31 13:38:02 - DriftMonitor - WARNING - DRIFT ALERT: Distribution drift detected for gru model on ETHEUR (Severity: critical)
2025-08-31 13:38:02 - ValidationManager - CRITICAL - DRIFT ALERT [CRITICAL]: Distribution drift detected for gru model on ETHEUR
2025-08-31 13:38:02 - DriftMonitor - WARNING - DRIFT ALERT: Statistical drift detected for lightgbm model on ETHEUR (Severity: critical)
2025-08-31 13:38:02 - ValidationManager - CRITICAL - DRIFT ALERT [CRITICAL]: Statistical drift detected for lightgbm model on ETHEUR
2025-08-31 13:38:02 - DriftMonitor - WARNING - DRIFT ALERT: Distribution drift detected for lightgbm model on ETHEUR (Severity: critical)
2025-08-31 13:38:02 - ValidationManager - CRITICAL - DRIFT ALERT [CRITICAL]: Distribution drift detected for lightgbm model on ETHEUR
2025-08-31 13:38:02 - ValidationManager - WARNING - DRIFT ALERT [MEDIUM]: Distribution drift detected for ppo model on ETHEUR
2025-08-31 13:38:02 - DriftMonitor - WARNING - DRIFT ALERT: Statistical drift detected for gru model on ADAEUR (Severity: critical)
2025-08-31 13:38:02 - ValidationManager - CRITICAL - DRIFT ALERT [CRITICAL]: Statistical drift detected for gru model on ADAEUR
2025-08-31 13:38:02 - DriftMonitor - WARNING - DRIFT ALERT: Distribution drift detected for gru model on ADAEUR (Severity: critical)
2025-08-31 13:38:02 - ValidationManager - CRITICAL - DRIFT ALERT [CRITICAL]: Distribution drift detected for gru model on ADAEUR
2025-08-31 13:38:02 - DriftMonitor - WARNING - DRIFT ALERT: Statistical drift detected for lightgbm model on ADAEUR (Severity: critical)
2025-08-31 13:38:02 - ValidationManager - CRITICAL - DRIFT ALERT [CRITICAL]: Statistical drift detected for lightgbm model on ADAEUR
2025-08-31 13:38:02 - DriftMonitor - WARNING - DRIFT ALERT: Distribution drift detected for lightgbm model on ADAEUR (Severity: critical)
2025-08-31 13:38:02 - ValidationManager - CRITICAL - DRIFT ALERT [CRITICAL]: Distribution drift detected for lightgbm model on ADAEUR
2025-08-31 13:38:02 - DriftMonitor - WARNING - DRIFT ALERT: Distribution drift detected for ppo model on ADAEUR (Severity: critical)
2025-08-31 13:38:02 - ValidationManager - CRITICAL - DRIFT ALERT [CRITICAL]: Distribution drift detected for ppo model on ADAEUR
2025-08-31 13:38:02 - DriftMonitor - WARNING - DRIFT ALERT: Statistical drift detected for gru model on DOTEUR (Severity: critical)
2025-08-31 13:38:02 - ValidationManager - CRITICAL - DRIFT ALERT [CRITICAL]: Statistical drift detected for gru model on DOTEUR
2025-08-31 13:38:02 - DriftMonitor - WARNING - DRIFT ALERT: Distribution drift detected for gru model on DOTEUR (Severity: critical)
2025-08-31 13:38:02 - ValidationManager - CRITICAL - DRIFT ALERT [CRITICAL]: Distribution drift detected for gru model on DOTEUR
2025-08-31 13:38:02 - DriftMonitor - WARNING - DRIFT ALERT: Statistical drift detected for lightgbm model on DOTEUR (Severity: critical)
2025-08-31 13:38:02 - ValidationManager - CRITICAL - DRIFT ALERT [CRITICAL]: Statistical drift detected for lightgbm model on DOTEUR
2025-08-31 13:38:02 - DriftMonitor - WARNING - DRIFT ALERT: Distribution drift detected for lightgbm model on DOTEUR (Severity: critical)
2025-08-31 13:38:02 - ValidationManager - CRITICAL - DRIFT ALERT [CRITICAL]: Distribution drift detected for lightgbm model on DOTEUR
2025-08-31 13:38:02 - DriftMonitor - WARNING - DRIFT ALERT: Statistical drift detected for gru model on LINKEUR (Severity: critical)
2025-08-31 13:38:02 - ValidationManager - CRITICAL - DRIFT ALERT [CRITICAL]: Statistical drift detected for gru model on LINKEUR
2025-08-31 13:38:02 - DriftMonitor - WARNING - DRIFT ALERT: Distribution drift detected for gru model on LINKEUR (Severity: critical)
2025-08-31 13:38:02 - ValidationManager - CRITICAL - DRIFT ALERT [CRITICAL]: Distribution drift detected for gru model on LINKEUR
2025-08-31 13:38:02 - DriftMonitor - WARNING - DRIFT ALERT: Statistical drift detected for lightgbm model on LINKEUR (Severity: critical)
2025-08-31 13:38:02 - ValidationManager - CRITICAL - DRIFT ALERT [CRITICAL]: Statistical drift detected for lightgbm model on LINKEUR
2025-08-31 13:38:02 - DriftMonitor - WARNING - DRIFT ALERT: Distribution drift detected for lightgbm model on LINKEUR (Severity: critical)
2025-08-31 13:38:02 - ValidationManager - CRITICAL - DRIFT ALERT [CRITICAL]: Distribution drift detected for lightgbm model on LINKEUR
2025-08-31 13:38:02 - DriftMonitor - WARNING - DRIFT ALERT: Distribution drift detected for ppo model on LINKEUR (Severity: critical)
2025-08-31 13:38:02 - ValidationManager - CRITICAL - DRIFT ALERT [CRITICAL]: Distribution drift detected for ppo model on LINKEUR
2025-08-31 13:39:02 - DriftMonitor - WARNING - DRIFT ALERT: Statistical drift detected for gru model on BTCEUR (Severity: critical)
2025-08-31 13:39:02 - ValidationManager - CRITICAL - DRIFT ALERT [CRITICAL]: Statistical drift detected for gru model on BTCEUR
2025-08-31 13:39:02 - DriftMonitor - WARNING - DRIFT ALERT: Distribution drift detected for gru model on BTCEUR (Severity: critical)
2025-08-31 13:39:02 - ValidationManager - CRITICAL - DRIFT ALERT [CRITICAL]: Distribution drift detected for gru model on BTCEUR
2025-08-31 13:39:02 - DriftMonitor - WARNING - DRIFT ALERT: Statistical drift detected for lightgbm model on BTCEUR (Severity: critical)
2025-08-31 13:39:02 - ValidationManager - CRITICAL - DRIFT ALERT [CRITICAL]: Statistical drift detected for lightgbm model on BTCEUR
2025-08-31 13:39:02 - DriftMonitor - WARNING - DRIFT ALERT: Distribution drift detected for lightgbm model on BTCEUR (Severity: critical)
2025-08-31 13:39:02 - ValidationManager - CRITICAL - DRIFT ALERT [CRITICAL]: Distribution drift detected for lightgbm model on BTCEUR
2025-08-31 13:39:02 - DriftMonitor - WARNING - DRIFT ALERT: Distribution drift detected for ppo model on BTCEUR (Severity: critical)
2025-08-31 13:39:02 - ValidationManager - CRITICAL - DRIFT ALERT [CRITICAL]: Distribution drift detected for ppo model on BTCEUR
2025-08-31 13:39:02 - DriftMonitor - WARNING - DRIFT ALERT: Statistical drift detected for gru model on ETHEUR (Severity: critical)
2025-08-31 13:39:02 - ValidationManager - CRITICAL - DRIFT ALERT [CRITICAL]: Statistical drift detected for gru model on ETHEUR
2025-08-31 13:39:02 - DriftMonitor - WARNING - DRIFT ALERT: Distribution drift detected for gru model on ETHEUR (Severity: critical)
2025-08-31 13:39:02 - ValidationManager - CRITICAL - DRIFT ALERT [CRITICAL]: Distribution drift detected for gru model on ETHEUR
2025-08-31 13:39:02 - DriftMonitor - WARNING - DRIFT ALERT: Statistical drift detected for lightgbm model on ETHEUR (Severity: critical)
2025-08-31 13:39:02 - ValidationManager - CRITICAL - DRIFT ALERT [CRITICAL]: Statistical drift detected for lightgbm model on ETHEUR
2025-08-31 13:39:02 - DriftMonitor - WARNING - DRIFT ALERT: Distribution drift detected for lightgbm model on ETHEUR (Severity: critical)
2025-08-31 13:39:02 - ValidationManager - CRITICAL - DRIFT ALERT [CRITICAL]: Distribution drift detected for lightgbm model on ETHEUR
2025-08-31 13:39:02 - ValidationManager - WARNING - DRIFT ALERT [MEDIUM]: Distribution drift detected for ppo model on ETHEUR
2025-08-31 13:39:02 - DriftMonitor - WARNING - DRIFT ALERT: Statistical drift detected for gru model on ADAEUR (Severity: critical)
2025-08-31 13:39:02 - ValidationManager - CRITICAL - DRIFT ALERT [CRITICAL]: Statistical drift detected for gru model on ADAEUR
2025-08-31 13:39:02 - DriftMonitor - WARNING - DRIFT ALERT: Distribution drift detected for gru model on ADAEUR (Severity: critical)
2025-08-31 13:39:02 - ValidationManager - CRITICAL - DRIFT ALERT [CRITICAL]: Distribution drift detected for gru model on ADAEUR
2025-08-31 13:39:02 - DriftMonitor - WARNING - DRIFT ALERT: Statistical drift detected for lightgbm model on ADAEUR (Severity: critical)
2025-08-31 13:39:02 - ValidationManager - CRITICAL - DRIFT ALERT [CRITICAL]: Statistical drift detected for lightgbm model on ADAEUR
2025-08-31 13:39:02 - DriftMonitor - WARNING - DRIFT ALERT: Distribution drift detected for lightgbm model on ADAEUR (Severity: critical)
2025-08-31 13:39:02 - ValidationManager - CRITICAL - DRIFT ALERT [CRITICAL]: Distribution drift detected for lightgbm model on ADAEUR
2025-08-31 13:39:02 - DriftMonitor - WARNING - DRIFT ALERT: Distribution drift detected for ppo model on ADAEUR (Severity: critical)
2025-08-31 13:39:02 - ValidationManager - CRITICAL - DRIFT ALERT [CRITICAL]: Distribution drift detected for ppo model on ADAEUR
2025-08-31 13:39:02 - DriftMonitor - WARNING - DRIFT ALERT: Statistical drift detected for gru model on DOTEUR (Severity: critical)
2025-08-31 13:39:02 - ValidationManager - CRITICAL - DRIFT ALERT [CRITICAL]: Statistical drift detected for gru model on DOTEUR
2025-08-31 13:39:02 - DriftMonitor - WARNING - DRIFT ALERT: Distribution drift detected for gru model on DOTEUR (Severity: critical)
2025-08-31 13:39:02 - ValidationManager - CRITICAL - DRIFT ALERT [CRITICAL]: Distribution drift detected for gru model on DOTEUR
2025-08-31 13:39:02 - DriftMonitor - WARNING - DRIFT ALERT: Statistical drift detected for lightgbm model on DOTEUR (Severity: critical)
2025-08-31 13:39:02 - ValidationManager - CRITICAL - DRIFT ALERT [CRITICAL]: Statistical drift detected for lightgbm model on DOTEUR
2025-08-31 13:39:02 - DriftMonitor - WARNING - DRIFT ALERT: Distribution drift detected for lightgbm model on DOTEUR (Severity: critical)
2025-08-31 13:39:02 - ValidationManager - CRITICAL - DRIFT ALERT [CRITICAL]: Distribution drift detected for lightgbm model on DOTEUR
2025-08-31 13:39:02 - DriftMonitor - WARNING - DRIFT ALERT: Statistical drift detected for gru model on LINKEUR (Severity: critical)
2025-08-31 13:39:02 - ValidationManager - CRITICAL - DRIFT ALERT [CRITICAL]: Statistical drift detected for gru model on LINKEUR
2025-08-31 13:39:02 - DriftMonitor - WARNING - DRIFT ALERT: Distribution drift detected for gru model on LINKEUR (Severity: critical)
2025-08-31 13:39:02 - ValidationManager - CRITICAL - DRIFT ALERT [CRITICAL]: Distribution drift detected for gru model on LINKEUR
2025-08-31 13:39:02 - DriftMonitor - WARNING - DRIFT ALERT: Statistical drift detected for lightgbm model on LINKEUR (Severity: critical)
2025-08-31 13:39:02 - ValidationManager - CRITICAL - DRIFT ALERT [CRITICAL]: Statistical drift detected for lightgbm model on LINKEUR
2025-08-31 13:39:02 - DriftMonitor - WARNING - DRIFT ALERT: Distribution drift detected for lightgbm model on LINKEUR (Severity: critical)
2025-08-31 13:39:02 - ValidationManager - CRITICAL - DRIFT ALERT [CRITICAL]: Distribution drift detected for lightgbm model on LINKEUR
2025-08-31 13:39:02 - DriftMonitor - WARNING - DRIFT ALERT: Distribution drift detected for ppo model on LINKEUR (Severity: critical)
2025-08-31 13:39:02 - ValidationManager - CRITICAL - DRIFT ALERT [CRITICAL]: Distribution drift detected for ppo model on LINKEUR
2025-08-31 13:40:02 - DriftMonitor - WARNING - DRIFT ALERT: Statistical drift detected for gru model on BTCEUR (Severity: critical)
2025-08-31 13:40:02 - ValidationManager - CRITICAL - DRIFT ALERT [CRITICAL]: Statistical drift detected for gru model on BTCEUR
2025-08-31 13:40:02 - DriftMonitor - WARNING - DRIFT ALERT: Distribution drift detected for gru model on BTCEUR (Severity: critical)
2025-08-31 13:40:02 - ValidationManager - CRITICAL - DRIFT ALERT [CRITICAL]: Distribution drift detected for gru model on BTCEUR
2025-08-31 13:40:02 - DriftMonitor - WARNING - DRIFT ALERT: Statistical drift detected for lightgbm model on BTCEUR (Severity: critical)
2025-08-31 13:40:02 - ValidationManager - CRITICAL - DRIFT ALERT [CRITICAL]: Statistical drift detected for lightgbm model on BTCEUR
2025-08-31 13:40:02 - DriftMonitor - WARNING - DRIFT ALERT: Distribution drift detected for lightgbm model on BTCEUR (Severity: critical)
2025-08-31 13:40:02 - ValidationManager - CRITICAL - DRIFT ALERT [CRITICAL]: Distribution drift detected for lightgbm model on BTCEUR
2025-08-31 13:40:02 - DriftMonitor - WARNING - DRIFT ALERT: Distribution drift detected for ppo model on BTCEUR (Severity: critical)
2025-08-31 13:40:02 - ValidationManager - CRITICAL - DRIFT ALERT [CRITICAL]: Distribution drift detected for ppo model on BTCEUR
2025-08-31 13:40:02 - DriftMonitor - WARNING - DRIFT ALERT: Statistical drift detected for gru model on ETHEUR (Severity: critical)
2025-08-31 13:40:02 - ValidationManager - CRITICAL - DRIFT ALERT [CRITICAL]: Statistical drift detected for gru model on ETHEUR
2025-08-31 13:40:02 - DriftMonitor - WARNING - DRIFT ALERT: Distribution drift detected for gru model on ETHEUR (Severity: critical)
2025-08-31 13:40:02 - ValidationManager - CRITICAL - DRIFT ALERT [CRITICAL]: Distribution drift detected for gru model on ETHEUR
2025-08-31 13:40:02 - DriftMonitor - WARNING - DRIFT ALERT: Statistical drift detected for lightgbm model on ETHEUR (Severity: critical)
2025-08-31 13:40:02 - ValidationManager - CRITICAL - DRIFT ALERT [CRITICAL]: Statistical drift detected for lightgbm model on ETHEUR
2025-08-31 13:40:02 - DriftMonitor - WARNING - DRIFT ALERT: Distribution drift detected for lightgbm model on ETHEUR (Severity: critical)
2025-08-31 13:40:02 - ValidationManager - CRITICAL - DRIFT ALERT [CRITICAL]: Distribution drift detected for lightgbm model on ETHEUR
2025-08-31 13:40:02 - ValidationManager - WARNING - DRIFT ALERT [MEDIUM]: Distribution drift detected for ppo model on ETHEUR
2025-08-31 13:40:02 - DriftMonitor - WARNING - DRIFT ALERT: Statistical drift detected for gru model on ADAEUR (Severity: critical)
2025-08-31 13:40:02 - ValidationManager - CRITICAL - DRIFT ALERT [CRITICAL]: Statistical drift detected for gru model on ADAEUR
2025-08-31 13:40:02 - DriftMonitor - WARNING - DRIFT ALERT: Distribution drift detected for gru model on ADAEUR (Severity: critical)
2025-08-31 13:40:02 - ValidationManager - CRITICAL - DRIFT ALERT [CRITICAL]: Distribution drift detected for gru model on ADAEUR
2025-08-31 13:40:02 - DriftMonitor - WARNING - DRIFT ALERT: Statistical drift detected for lightgbm model on ADAEUR (Severity: critical)
2025-08-31 13:40:02 - ValidationManager - CRITICAL - DRIFT ALERT [CRITICAL]: Statistical drift detected for lightgbm model on ADAEUR
2025-08-31 13:40:02 - DriftMonitor - WARNING - DRIFT ALERT: Distribution drift detected for lightgbm model on ADAEUR (Severity: critical)
2025-08-31 13:40:02 - ValidationManager - CRITICAL - DRIFT ALERT [CRITICAL]: Distribution drift detected for lightgbm model on ADAEUR
2025-08-31 13:40:02 - DriftMonitor - WARNING - DRIFT ALERT: Distribution drift detected for ppo model on ADAEUR (Severity: critical)
2025-08-31 13:40:02 - ValidationManager - CRITICAL - DRIFT ALERT [CRITICAL]: Distribution drift detected for ppo model on ADAEUR
2025-08-31 13:40:02 - DriftMonitor - WARNING - DRIFT ALERT: Statistical drift detected for gru model on DOTEUR (Severity: critical)
2025-08-31 13:40:02 - ValidationManager - CRITICAL - DRIFT ALERT [CRITICAL]: Statistical drift detected for gru model on DOTEUR
2025-08-31 13:40:02 - DriftMonitor - WARNING - DRIFT ALERT: Distribution drift detected for gru model on DOTEUR (Severity: critical)
2025-08-31 13:40:02 - ValidationManager - CRITICAL - DRIFT ALERT [CRITICAL]: Distribution drift detected for gru model on DOTEUR
2025-08-31 13:40:02 - DriftMonitor - WARNING - DRIFT ALERT: Statistical drift detected for lightgbm model on DOTEUR (Severity: critical)
2025-08-31 13:40:02 - ValidationManager - CRITICAL - DRIFT ALERT [CRITICAL]: Statistical drift detected for lightgbm model on DOTEUR
2025-08-31 13:40:02 - DriftMonitor - WARNING - DRIFT ALERT: Distribution drift detected for lightgbm model on DOTEUR (Severity: critical)
2025-08-31 13:40:02 - ValidationManager - CRITICAL - DRIFT ALERT [CRITICAL]: Distribution drift detected for lightgbm model on DOTEUR
2025-08-31 13:40:02 - DriftMonitor - WARNING - DRIFT ALERT: Statistical drift detected for gru model on LINKEUR (Severity: critical)
2025-08-31 13:40:02 - ValidationManager - CRITICAL - DRIFT ALERT [CRITICAL]: Statistical drift detected for gru model on LINKEUR
2025-08-31 13:40:02 - DriftMonitor - WARNING - DRIFT ALERT: Distribution drift detected for gru model on LINKEUR (Severity: critical)
2025-08-31 13:40:02 - ValidationManager - CRITICAL - DRIFT ALERT [CRITICAL]: Distribution drift detected for gru model on LINKEUR
2025-08-31 13:40:02 - DriftMonitor - WARNING - DRIFT ALERT: Statistical drift detected for lightgbm model on LINKEUR (Severity: critical)
2025-08-31 13:40:02 - ValidationManager - CRITICAL - DRIFT ALERT [CRITICAL]: Statistical drift detected for lightgbm model on LINKEUR
2025-08-31 13:40:02 - DriftMonitor - WARNING - DRIFT ALERT: Distribution drift detected for lightgbm model on LINKEUR (Severity: critical)
2025-08-31 13:40:02 - ValidationManager - CRITICAL - DRIFT ALERT [CRITICAL]: Distribution drift detected for lightgbm model on LINKEUR
2025-08-31 13:40:02 - DriftMonitor - WARNING - DRIFT ALERT: Distribution drift detected for ppo model on LINKEUR (Severity: critical)
2025-08-31 13:40:02 - ValidationManager - CRITICAL - DRIFT ALERT [CRITICAL]: Distribution drift detected for ppo model on LINKEUR
2025-08-31 13:41:03 - DriftMonitor - WARNING - DRIFT ALERT: Statistical drift detected for gru model on BTCEUR (Severity: critical)
2025-08-31 13:41:03 - ValidationManager - CRITICAL - DRIFT ALERT [CRITICAL]: Statistical drift detected for gru model on BTCEUR
2025-08-31 13:41:03 - DriftMonitor - WARNING - DRIFT ALERT: Distribution drift detected for gru model on BTCEUR (Severity: critical)
2025-08-31 13:41:03 - ValidationManager - CRITICAL - DRIFT ALERT [CRITICAL]: Distribution drift detected for gru model on BTCEUR
2025-08-31 13:41:03 - DriftMonitor - WARNING - DRIFT ALERT: Statistical drift detected for lightgbm model on BTCEUR (Severity: critical)
2025-08-31 13:41:03 - ValidationManager - CRITICAL - DRIFT ALERT [CRITICAL]: Statistical drift detected for lightgbm model on BTCEUR
2025-08-31 13:41:03 - DriftMonitor - WARNING - DRIFT ALERT: Distribution drift detected for lightgbm model on BTCEUR (Severity: critical)
2025-08-31 13:41:03 - ValidationManager - CRITICAL - DRIFT ALERT [CRITICAL]: Distribution drift detected for lightgbm model on BTCEUR
2025-08-31 13:41:03 - DriftMonitor - WARNING - DRIFT ALERT: Distribution drift detected for ppo model on BTCEUR (Severity: critical)
2025-08-31 13:41:03 - ValidationManager - CRITICAL - DRIFT ALERT [CRITICAL]: Distribution drift detected for ppo model on BTCEUR
2025-08-31 13:41:03 - DriftMonitor - WARNING - DRIFT ALERT: Statistical drift detected for gru model on ETHEUR (Severity: critical)
2025-08-31 13:41:03 - ValidationManager - CRITICAL - DRIFT ALERT [CRITICAL]: Statistical drift detected for gru model on ETHEUR
2025-08-31 13:41:03 - DriftMonitor - WARNING - DRIFT ALERT: Distribution drift detected for gru model on ETHEUR (Severity: critical)
2025-08-31 13:41:03 - ValidationManager - CRITICAL - DRIFT ALERT [CRITICAL]: Distribution drift detected for gru model on ETHEUR
2025-08-31 13:41:03 - DriftMonitor - WARNING - DRIFT ALERT: Statistical drift detected for lightgbm model on ETHEUR (Severity: critical)
2025-08-31 13:41:03 - ValidationManager - CRITICAL - DRIFT ALERT [CRITICAL]: Statistical drift detected for lightgbm model on ETHEUR
2025-08-31 13:41:03 - DriftMonitor - WARNING - DRIFT ALERT: Distribution drift detected for lightgbm model on ETHEUR (Severity: critical)
2025-08-31 13:41:03 - ValidationManager - CRITICAL - DRIFT ALERT [CRITICAL]: Distribution drift detected for lightgbm model on ETHEUR
2025-08-31 13:41:03 - ValidationManager - WARNING - DRIFT ALERT [MEDIUM]: Distribution drift detected for ppo model on ETHEUR
2025-08-31 13:41:03 - DriftMonitor - WARNING - DRIFT ALERT: Statistical drift detected for gru model on ADAEUR (Severity: critical)
2025-08-31 13:41:03 - ValidationManager - CRITICAL - DRIFT ALERT [CRITICAL]: Statistical drift detected for gru model on ADAEUR
2025-08-31 13:41:03 - DriftMonitor - WARNING - DRIFT ALERT: Distribution drift detected for gru model on ADAEUR (Severity: critical)
2025-08-31 13:41:03 - ValidationManager - CRITICAL - DRIFT ALERT [CRITICAL]: Distribution drift detected for gru model on ADAEUR
2025-08-31 13:41:03 - DriftMonitor - WARNING - DRIFT ALERT: Statistical drift detected for lightgbm model on ADAEUR (Severity: critical)
2025-08-31 13:41:03 - ValidationManager - CRITICAL - DRIFT ALERT [CRITICAL]: Statistical drift detected for lightgbm model on ADAEUR
2025-08-31 13:41:03 - DriftMonitor - WARNING - DRIFT ALERT: Distribution drift detected for lightgbm model on ADAEUR (Severity: critical)
2025-08-31 13:41:03 - ValidationManager - CRITICAL - DRIFT ALERT [CRITICAL]: Distribution drift detected for lightgbm model on ADAEUR
2025-08-31 13:41:03 - DriftMonitor - WARNING - DRIFT ALERT: Distribution drift detected for ppo model on ADAEUR (Severity: critical)
2025-08-31 13:41:03 - ValidationManager - CRITICAL - DRIFT ALERT [CRITICAL]: Distribution drift detected for ppo model on ADAEUR
2025-08-31 13:41:03 - DriftMonitor - WARNING - DRIFT ALERT: Statistical drift detected for gru model on DOTEUR (Severity: critical)
2025-08-31 13:41:03 - ValidationManager - CRITICAL - DRIFT ALERT [CRITICAL]: Statistical drift detected for gru model on DOTEUR
2025-08-31 13:41:03 - DriftMonitor - WARNING - DRIFT ALERT: Distribution drift detected for gru model on DOTEUR (Severity: critical)
2025-08-31 13:41:03 - ValidationManager - CRITICAL - DRIFT ALERT [CRITICAL]: Distribution drift detected for gru model on DOTEUR
2025-08-31 13:41:03 - DriftMonitor - WARNING - DRIFT ALERT: Statistical drift detected for lightgbm model on DOTEUR (Severity: critical)
2025-08-31 13:41:03 - ValidationManager - CRITICAL - DRIFT ALERT [CRITICAL]: Statistical drift detected for lightgbm model on DOTEUR
2025-08-31 13:41:03 - DriftMonitor - WARNING - DRIFT ALERT: Distribution drift detected for lightgbm model on DOTEUR (Severity: critical)
2025-08-31 13:41:03 - ValidationManager - CRITICAL - DRIFT ALERT [CRITICAL]: Distribution drift detected for lightgbm model on DOTEUR
2025-08-31 13:41:03 - DriftMonitor - WARNING - DRIFT ALERT: Statistical drift detected for gru model on LINKEUR (Severity: critical)
2025-08-31 13:41:03 - ValidationManager - CRITICAL - DRIFT ALERT [CRITICAL]: Statistical drift detected for gru model on LINKEUR
2025-08-31 13:41:03 - DriftMonitor - WARNING - DRIFT ALERT: Distribution drift detected for gru model on LINKEUR (Severity: critical)
2025-08-31 13:41:03 - ValidationManager - CRITICAL - DRIFT ALERT [CRITICAL]: Distribution drift detected for gru model on LINKEUR
2025-08-31 13:41:03 - DriftMonitor - WARNING - DRIFT ALERT: Statistical drift detected for lightgbm model on LINKEUR (Severity: critical)
2025-08-31 13:41:03 - ValidationManager - CRITICAL - DRIFT ALERT [CRITICAL]: Statistical drift detected for lightgbm model on LINKEUR
2025-08-31 13:41:03 - DriftMonitor - WARNING - DRIFT ALERT: Distribution drift detected for lightgbm model on LINKEUR (Severity: critical)
2025-08-31 13:41:03 - ValidationManager - CRITICAL - DRIFT ALERT [CRITICAL]: Distribution drift detected for lightgbm model on LINKEUR
2025-08-31 13:41:03 - DriftMonitor - WARNING - DRIFT ALERT: Distribution drift detected for ppo model on LINKEUR (Severity: critical)
2025-08-31 13:41:03 - ValidationManager - CRITICAL - DRIFT ALERT [CRITICAL]: Distribution drift detected for ppo model on LINKEUR
2025-08-31 13:42:03 - DriftMonitor - WARNING - DRIFT ALERT: Statistical drift detected for gru model on BTCEUR (Severity: critical)
2025-08-31 13:42:03 - ValidationManager - CRITICAL - DRIFT ALERT [CRITICAL]: Statistical drift detected for gru model on BTCEUR
2025-08-31 13:42:03 - DriftMonitor - WARNING - DRIFT ALERT: Distribution drift detected for gru model on BTCEUR (Severity: critical)
2025-08-31 13:42:03 - ValidationManager - CRITICAL - DRIFT ALERT [CRITICAL]: Distribution drift detected for gru model on BTCEUR
2025-08-31 13:42:03 - DriftMonitor - WARNING - DRIFT ALERT: Statistical drift detected for lightgbm model on BTCEUR (Severity: critical)
2025-08-31 13:42:03 - ValidationManager - CRITICAL - DRIFT ALERT [CRITICAL]: Statistical drift detected for lightgbm model on BTCEUR
2025-08-31 13:42:03 - DriftMonitor - WARNING - DRIFT ALERT: Distribution drift detected for lightgbm model on BTCEUR (Severity: critical)
2025-08-31 13:42:03 - ValidationManager - CRITICAL - DRIFT ALERT [CRITICAL]: Distribution drift detected for lightgbm model on BTCEUR
2025-08-31 13:42:03 - DriftMonitor - WARNING - DRIFT ALERT: Distribution drift detected for ppo model on BTCEUR (Severity: critical)
2025-08-31 13:42:03 - ValidationManager - CRITICAL - DRIFT ALERT [CRITICAL]: Distribution drift detected for ppo model on BTCEUR
2025-08-31 13:42:03 - DriftMonitor - WARNING - DRIFT ALERT: Statistical drift detected for gru model on ETHEUR (Severity: critical)
2025-08-31 13:42:03 - ValidationManager - CRITICAL - DRIFT ALERT [CRITICAL]: Statistical drift detected for gru model on ETHEUR
2025-08-31 13:42:03 - DriftMonitor - WARNING - DRIFT ALERT: Distribution drift detected for gru model on ETHEUR (Severity: critical)
2025-08-31 13:42:03 - ValidationManager - CRITICAL - DRIFT ALERT [CRITICAL]: Distribution drift detected for gru model on ETHEUR
2025-08-31 13:42:03 - DriftMonitor - WARNING - DRIFT ALERT: Statistical drift detected for lightgbm model on ETHEUR (Severity: critical)
2025-08-31 13:42:03 - ValidationManager - CRITICAL - DRIFT ALERT [CRITICAL]: Statistical drift detected for lightgbm model on ETHEUR
2025-08-31 13:42:03 - DriftMonitor - WARNING - DRIFT ALERT: Distribution drift detected for lightgbm model on ETHEUR (Severity: critical)
2025-08-31 13:42:03 - ValidationManager - CRITICAL - DRIFT ALERT [CRITICAL]: Distribution drift detected for lightgbm model on ETHEUR
2025-08-31 13:42:03 - ValidationManager - WARNING - DRIFT ALERT [MEDIUM]: Distribution drift detected for ppo model on ETHEUR
2025-08-31 13:42:03 - DriftMonitor - WARNING - DRIFT ALERT: Statistical drift detected for gru model on ADAEUR (Severity: critical)
2025-08-31 13:42:03 - ValidationManager - CRITICAL - DRIFT ALERT [CRITICAL]: Statistical drift detected for gru model on ADAEUR
2025-08-31 13:42:03 - DriftMonitor - WARNING - DRIFT ALERT: Distribution drift detected for gru model on ADAEUR (Severity: critical)
2025-08-31 13:42:03 - ValidationManager - CRITICAL - DRIFT ALERT [CRITICAL]: Distribution drift detected for gru model on ADAEUR
2025-08-31 13:42:03 - DriftMonitor - WARNING - DRIFT ALERT: Statistical drift detected for lightgbm model on ADAEUR (Severity: critical)
2025-08-31 13:42:03 - ValidationManager - CRITICAL - DRIFT ALERT [CRITICAL]: Statistical drift detected for lightgbm model on ADAEUR
2025-08-31 13:42:03 - DriftMonitor - WARNING - DRIFT ALERT: Distribution drift detected for lightgbm model on ADAEUR (Severity: critical)
2025-08-31 13:42:03 - ValidationManager - CRITICAL - DRIFT ALERT [CRITICAL]: Distribution drift detected for lightgbm model on ADAEUR
2025-08-31 13:42:03 - DriftMonitor - WARNING - DRIFT ALERT: Distribution drift detected for ppo model on ADAEUR (Severity: critical)
2025-08-31 13:42:03 - ValidationManager - CRITICAL - DRIFT ALERT [CRITICAL]: Distribution drift detected for ppo model on ADAEUR
2025-08-31 13:42:03 - DriftMonitor - WARNING - DRIFT ALERT: Statistical drift detected for gru model on DOTEUR (Severity: critical)
2025-08-31 13:42:03 - ValidationManager - CRITICAL - DRIFT ALERT [CRITICAL]: Statistical drift detected for gru model on DOTEUR
2025-08-31 13:42:03 - DriftMonitor - WARNING - DRIFT ALERT: Distribution drift detected for gru model on DOTEUR (Severity: critical)
2025-08-31 13:42:03 - ValidationManager - CRITICAL - DRIFT ALERT [CRITICAL]: Distribution drift detected for gru model on DOTEUR
2025-08-31 13:42:03 - DriftMonitor - WARNING - DRIFT ALERT: Statistical drift detected for lightgbm model on DOTEUR (Severity: critical)
2025-08-31 13:42:03 - ValidationManager - CRITICAL - DRIFT ALERT [CRITICAL]: Statistical drift detected for lightgbm model on DOTEUR
2025-08-31 13:42:03 - DriftMonitor - WARNING - DRIFT ALERT: Distribution drift detected for lightgbm model on DOTEUR (Severity: critical)
2025-08-31 13:42:03 - ValidationManager - CRITICAL - DRIFT ALERT [CRITICAL]: Distribution drift detected for lightgbm model on DOTEUR
2025-08-31 13:42:03 - DriftMonitor - WARNING - DRIFT ALERT: Statistical drift detected for gru model on LINKEUR (Severity: critical)
2025-08-31 13:42:03 - ValidationManager - CRITICAL - DRIFT ALERT [CRITICAL]: Statistical drift detected for gru model on LINKEUR
2025-08-31 13:42:03 - DriftMonitor - WARNING - DRIFT ALERT: Distribution drift detected for gru model on LINKEUR (Severity: critical)
2025-08-31 13:42:03 - ValidationManager - CRITICAL - DRIFT ALERT [CRITICAL]: Distribution drift detected for gru model on LINKEUR
2025-08-31 13:42:03 - DriftMonitor - WARNING - DRIFT ALERT: Statistical drift detected for lightgbm model on LINKEUR (Severity: critical)
2025-08-31 13:42:03 - ValidationManager - CRITICAL - DRIFT ALERT [CRITICAL]: Statistical drift detected for lightgbm model on LINKEUR
2025-08-31 13:42:03 - DriftMonitor - WARNING - DRIFT ALERT: Distribution drift detected for lightgbm model on LINKEUR (Severity: critical)
2025-08-31 13:42:03 - ValidationManager - CRITICAL - DRIFT ALERT [CRITICAL]: Distribution drift detected for lightgbm model on LINKEUR
2025-08-31 13:42:03 - DriftMonitor - WARNING - DRIFT ALERT: Distribution drift detected for ppo model on LINKEUR (Severity: critical)
2025-08-31 13:42:03 - ValidationManager - CRITICAL - DRIFT ALERT [CRITICAL]: Distribution drift detected for ppo model on LINKEUR
2025-08-31 13:43:03 - DriftMonitor - WARNING - DRIFT ALERT: Statistical drift detected for gru model on BTCEUR (Severity: critical)
2025-08-31 13:43:03 - ValidationManager - CRITICAL - DRIFT ALERT [CRITICAL]: Statistical drift detected for gru model on BTCEUR
2025-08-31 13:43:03 - DriftMonitor - WARNING - DRIFT ALERT: Distribution drift detected for gru model on BTCEUR (Severity: critical)
2025-08-31 13:43:03 - ValidationManager - CRITICAL - DRIFT ALERT [CRITICAL]: Distribution drift detected for gru model on BTCEUR
2025-08-31 13:43:03 - DriftMonitor - WARNING - DRIFT ALERT: Statistical drift detected for lightgbm model on BTCEUR (Severity: critical)
2025-08-31 13:43:03 - ValidationManager - CRITICAL - DRIFT ALERT [CRITICAL]: Statistical drift detected for lightgbm model on BTCEUR
2025-08-31 13:43:03 - DriftMonitor - WARNING - DRIFT ALERT: Distribution drift detected for lightgbm model on BTCEUR (Severity: critical)
2025-08-31 13:43:03 - ValidationManager - CRITICAL - DRIFT ALERT [CRITICAL]: Distribution drift detected for lightgbm model on BTCEUR
2025-08-31 13:43:03 - DriftMonitor - WARNING - DRIFT ALERT: Distribution drift detected for ppo model on BTCEUR (Severity: critical)
2025-08-31 13:43:03 - ValidationManager - CRITICAL - DRIFT ALERT [CRITICAL]: Distribution drift detected for ppo model on BTCEUR
2025-08-31 13:43:03 - DriftMonitor - WARNING - DRIFT ALERT: Statistical drift detected for gru model on ETHEUR (Severity: critical)
2025-08-31 13:43:03 - ValidationManager - CRITICAL - DRIFT ALERT [CRITICAL]: Statistical drift detected for gru model on ETHEUR
2025-08-31 13:43:03 - DriftMonitor - WARNING - DRIFT ALERT: Distribution drift detected for gru model on ETHEUR (Severity: critical)
2025-08-31 13:43:03 - ValidationManager - CRITICAL - DRIFT ALERT [CRITICAL]: Distribution drift detected for gru model on ETHEUR
2025-08-31 13:43:03 - DriftMonitor - WARNING - DRIFT ALERT: Statistical drift detected for lightgbm model on ETHEUR (Severity: critical)
2025-08-31 13:43:03 - ValidationManager - CRITICAL - DRIFT ALERT [CRITICAL]: Statistical drift detected for lightgbm model on ETHEUR
2025-08-31 13:43:03 - DriftMonitor - WARNING - DRIFT ALERT: Distribution drift detected for lightgbm model on ETHEUR (Severity: critical)
2025-08-31 13:43:03 - ValidationManager - CRITICAL - DRIFT ALERT [CRITICAL]: Distribution drift detected for lightgbm model on ETHEUR
2025-08-31 13:43:03 - ValidationManager - WARNING - DRIFT ALERT [MEDIUM]: Distribution drift detected for ppo model on ETHEUR
2025-08-31 13:43:03 - DriftMonitor - WARNING - DRIFT ALERT: Statistical drift detected for gru model on ADAEUR (Severity: critical)
2025-08-31 13:43:03 - ValidationManager - CRITICAL - DRIFT ALERT [CRITICAL]: Statistical drift detected for gru model on ADAEUR
2025-08-31 13:43:03 - DriftMonitor - WARNING - DRIFT ALERT: Distribution drift detected for gru model on ADAEUR (Severity: critical)
2025-08-31 13:43:03 - ValidationManager - CRITICAL - DRIFT ALERT [CRITICAL]: Distribution drift detected for gru model on ADAEUR
2025-08-31 13:43:03 - DriftMonitor - WARNING - DRIFT ALERT: Statistical drift detected for lightgbm model on ADAEUR (Severity: critical)
2025-08-31 13:43:03 - ValidationManager - CRITICAL - DRIFT ALERT [CRITICAL]: Statistical drift detected for lightgbm model on ADAEUR
2025-08-31 13:43:03 - DriftMonitor - WARNING - DRIFT ALERT: Distribution drift detected for lightgbm model on ADAEUR (Severity: critical)
2025-08-31 13:43:03 - ValidationManager - CRITICAL - DRIFT ALERT [CRITICAL]: Distribution drift detected for lightgbm model on ADAEUR
2025-08-31 13:43:03 - DriftMonitor - WARNING - DRIFT ALERT: Distribution drift detected for ppo model on ADAEUR (Severity: critical)
2025-08-31 13:43:03 - ValidationManager - CRITICAL - DRIFT ALERT [CRITICAL]: Distribution drift detected for ppo model on ADAEUR
2025-08-31 13:43:03 - DriftMonitor - WARNING - DRIFT ALERT: Statistical drift detected for gru model on DOTEUR (Severity: critical)
2025-08-31 13:43:03 - ValidationManager - CRITICAL - DRIFT ALERT [CRITICAL]: Statistical drift detected for gru model on DOTEUR
2025-08-31 13:43:03 - DriftMonitor - WARNING - DRIFT ALERT: Distribution drift detected for gru model on DOTEUR (Severity: critical)
2025-08-31 13:43:03 - ValidationManager - CRITICAL - DRIFT ALERT [CRITICAL]: Distribution drift detected for gru model on DOTEUR
2025-08-31 13:43:03 - DriftMonitor - WARNING - DRIFT ALERT: Statistical drift detected for lightgbm model on DOTEUR (Severity: critical)
2025-08-31 13:43:03 - ValidationManager - CRITICAL - DRIFT ALERT [CRITICAL]: Statistical drift detected for lightgbm model on DOTEUR
2025-08-31 13:43:03 - DriftMonitor - WARNING - DRIFT ALERT: Distribution drift detected for lightgbm model on DOTEUR (Severity: critical)
2025-08-31 13:43:03 - ValidationManager - CRITICAL - DRIFT ALERT [CRITICAL]: Distribution drift detected for lightgbm model on DOTEUR
2025-08-31 13:43:03 - DriftMonitor - WARNING - DRIFT ALERT: Statistical drift detected for gru model on LINKEUR (Severity: critical)
2025-08-31 13:43:03 - ValidationManager - CRITICAL - DRIFT ALERT [CRITICAL]: Statistical drift detected for gru model on LINKEUR
2025-08-31 13:43:03 - DriftMonitor - WARNING - DRIFT ALERT: Distribution drift detected for gru model on LINKEUR (Severity: critical)
2025-08-31 13:43:03 - ValidationManager - CRITICAL - DRIFT ALERT [CRITICAL]: Distribution drift detected for gru model on LINKEUR
2025-08-31 13:43:03 - DriftMonitor - WARNING - DRIFT ALERT: Statistical drift detected for lightgbm model on LINKEUR (Severity: critical)
2025-08-31 13:43:03 - ValidationManager - CRITICAL - DRIFT ALERT [CRITICAL]: Statistical drift detected for lightgbm model on LINKEUR
2025-08-31 13:43:03 - DriftMonitor - WARNING - DRIFT ALERT: Distribution drift detected for lightgbm model on LINKEUR (Severity: critical)
2025-08-31 13:43:03 - ValidationManager - CRITICAL - DRIFT ALERT [CRITICAL]: Distribution drift detected for lightgbm model on LINKEUR
2025-08-31 13:43:03 - DriftMonitor - WARNING - DRIFT ALERT: Distribution drift detected for ppo model on LINKEUR (Severity: critical)
2025-08-31 13:43:03 - ValidationManager - CRITICAL - DRIFT ALERT [CRITICAL]: Distribution drift detected for ppo model on LINKEUR
2025-08-31 13:44:03 - DriftMonitor - WARNING - DRIFT ALERT: Statistical drift detected for gru model on BTCEUR (Severity: critical)
2025-08-31 13:44:03 - ValidationManager - CRITICAL - DRIFT ALERT [CRITICAL]: Statistical drift detected for gru model on BTCEUR
2025-08-31 13:44:03 - DriftMonitor - WARNING - DRIFT ALERT: Distribution drift detected for gru model on BTCEUR (Severity: critical)
2025-08-31 13:44:03 - ValidationManager - CRITICAL - DRIFT ALERT [CRITICAL]: Distribution drift detected for gru model on BTCEUR
2025-08-31 13:44:03 - DriftMonitor - WARNING - DRIFT ALERT: Statistical drift detected for lightgbm model on BTCEUR (Severity: critical)
2025-08-31 13:44:03 - ValidationManager - CRITICAL - DRIFT ALERT [CRITICAL]: Statistical drift detected for lightgbm model on BTCEUR
2025-08-31 13:44:03 - DriftMonitor - WARNING - DRIFT ALERT: Distribution drift detected for lightgbm model on BTCEUR (Severity: critical)
2025-08-31 13:44:03 - ValidationManager - CRITICAL - DRIFT ALERT [CRITICAL]: Distribution drift detected for lightgbm model on BTCEUR
2025-08-31 13:44:03 - DriftMonitor - WARNING - DRIFT ALERT: Distribution drift detected for ppo model on BTCEUR (Severity: critical)
2025-08-31 13:44:03 - ValidationManager - CRITICAL - DRIFT ALERT [CRITICAL]: Distribution drift detected for ppo model on BTCEUR
2025-08-31 13:44:03 - DriftMonitor - WARNING - DRIFT ALERT: Statistical drift detected for gru model on ETHEUR (Severity: critical)
2025-08-31 13:44:03 - ValidationManager - CRITICAL - DRIFT ALERT [CRITICAL]: Statistical drift detected for gru model on ETHEUR
2025-08-31 13:44:03 - DriftMonitor - WARNING - DRIFT ALERT: Distribution drift detected for gru model on ETHEUR (Severity: critical)
2025-08-31 13:44:03 - ValidationManager - CRITICAL - DRIFT ALERT [CRITICAL]: Distribution drift detected for gru model on ETHEUR
2025-08-31 13:44:03 - DriftMonitor - WARNING - DRIFT ALERT: Statistical drift detected for lightgbm model on ETHEUR (Severity: critical)
2025-08-31 13:44:03 - ValidationManager - CRITICAL - DRIFT ALERT [CRITICAL]: Statistical drift detected for lightgbm model on ETHEUR
2025-08-31 13:44:03 - DriftMonitor - WARNING - DRIFT ALERT: Distribution drift detected for lightgbm model on ETHEUR (Severity: critical)
2025-08-31 13:44:03 - ValidationManager - CRITICAL - DRIFT ALERT [CRITICAL]: Distribution drift detected for lightgbm model on ETHEUR
2025-08-31 13:44:03 - ValidationManager - WARNING - DRIFT ALERT [MEDIUM]: Distribution drift detected for ppo model on ETHEUR
2025-08-31 13:44:03 - DriftMonitor - WARNING - DRIFT ALERT: Statistical drift detected for gru model on ADAEUR (Severity: critical)
2025-08-31 13:44:03 - ValidationManager - CRITICAL - DRIFT ALERT [CRITICAL]: Statistical drift detected for gru model on ADAEUR
2025-08-31 13:44:03 - DriftMonitor - WARNING - DRIFT ALERT: Distribution drift detected for gru model on ADAEUR (Severity: critical)
2025-08-31 13:44:03 - ValidationManager - CRITICAL - DRIFT ALERT [CRITICAL]: Distribution drift detected for gru model on ADAEUR
2025-08-31 13:44:03 - DriftMonitor - WARNING - DRIFT ALERT: Statistical drift detected for lightgbm model on ADAEUR (Severity: critical)
2025-08-31 13:44:03 - ValidationManager - CRITICAL - DRIFT ALERT [CRITICAL]: Statistical drift detected for lightgbm model on ADAEUR
2025-08-31 13:44:03 - DriftMonitor - WARNING - DRIFT ALERT: Distribution drift detected for lightgbm model on ADAEUR (Severity: critical)
2025-08-31 13:44:03 - ValidationManager - CRITICAL - DRIFT ALERT [CRITICAL]: Distribution drift detected for lightgbm model on ADAEUR
2025-08-31 13:44:03 - DriftMonitor - WARNING - DRIFT ALERT: Distribution drift detected for ppo model on ADAEUR (Severity: critical)
2025-08-31 13:44:03 - ValidationManager - CRITICAL - DRIFT ALERT [CRITICAL]: Distribution drift detected for ppo model on ADAEUR
2025-08-31 13:44:03 - DriftMonitor - WARNING - DRIFT ALERT: Statistical drift detected for gru model on DOTEUR (Severity: critical)
2025-08-31 13:44:03 - ValidationManager - CRITICAL - DRIFT ALERT [CRITICAL]: Statistical drift detected for gru model on DOTEUR
2025-08-31 13:44:03 - DriftMonitor - WARNING - DRIFT ALERT: Distribution drift detected for gru model on DOTEUR (Severity: critical)
2025-08-31 13:44:03 - ValidationManager - CRITICAL - DRIFT ALERT [CRITICAL]: Distribution drift detected for gru model on DOTEUR
2025-08-31 13:44:03 - DriftMonitor - WARNING - DRIFT ALERT: Statistical drift detected for lightgbm model on DOTEUR (Severity: critical)
2025-08-31 13:44:03 - ValidationManager - CRITICAL - DRIFT ALERT [CRITICAL]: Statistical drift detected for lightgbm model on DOTEUR
2025-08-31 13:44:03 - DriftMonitor - WARNING - DRIFT ALERT: Distribution drift detected for lightgbm model on DOTEUR (Severity: critical)
2025-08-31 13:44:03 - ValidationManager - CRITICAL - DRIFT ALERT [CRITICAL]: Distribution drift detected for lightgbm model on DOTEUR
2025-08-31 13:44:03 - DriftMonitor - WARNING - DRIFT ALERT: Statistical drift detected for gru model on LINKEUR (Severity: critical)
2025-08-31 13:44:03 - ValidationManager - CRITICAL - DRIFT ALERT [CRITICAL]: Statistical drift detected for gru model on LINKEUR
2025-08-31 13:44:03 - DriftMonitor - WARNING - DRIFT ALERT: Distribution drift detected for gru model on LINKEUR (Severity: critical)
2025-08-31 13:44:03 - ValidationManager - CRITICAL - DRIFT ALERT [CRITICAL]: Distribution drift detected for gru model on LINKEUR
2025-08-31 13:44:03 - DriftMonitor - WARNING - DRIFT ALERT: Statistical drift detected for lightgbm model on LINKEUR (Severity: critical)
2025-08-31 13:44:03 - ValidationManager - CRITICAL - DRIFT ALERT [CRITICAL]: Statistical drift detected for lightgbm model on LINKEUR
2025-08-31 13:44:03 - DriftMonitor - WARNING - DRIFT ALERT: Distribution drift detected for lightgbm model on LINKEUR (Severity: critical)
2025-08-31 13:44:03 - ValidationManager - CRITICAL - DRIFT ALERT [CRITICAL]: Distribution drift detected for lightgbm model on LINKEUR
2025-08-31 13:44:03 - DriftMonitor - WARNING - DRIFT ALERT: Distribution drift detected for ppo model on LINKEUR (Severity: critical)
2025-08-31 13:44:03 - ValidationManager - CRITICAL - DRIFT ALERT [CRITICAL]: Distribution drift detected for ppo model on LINKEUR
2025-08-31 13:45:03 - DriftMonitor - WARNING - DRIFT ALERT: Statistical drift detected for gru model on BTCEUR (Severity: critical)
2025-08-31 13:45:03 - ValidationManager - CRITICAL - DRIFT ALERT [CRITICAL]: Statistical drift detected for gru model on BTCEUR
2025-08-31 13:45:03 - DriftMonitor - WARNING - DRIFT ALERT: Distribution drift detected for gru model on BTCEUR (Severity: critical)
2025-08-31 13:45:03 - ValidationManager - CRITICAL - DRIFT ALERT [CRITICAL]: Distribution drift detected for gru model on BTCEUR
2025-08-31 13:45:03 - DriftMonitor - WARNING - DRIFT ALERT: Statistical drift detected for lightgbm model on BTCEUR (Severity: critical)
2025-08-31 13:45:03 - ValidationManager - CRITICAL - DRIFT ALERT [CRITICAL]: Statistical drift detected for lightgbm model on BTCEUR
2025-08-31 13:45:03 - DriftMonitor - WARNING - DRIFT ALERT: Distribution drift detected for lightgbm model on BTCEUR (Severity: critical)
2025-08-31 13:45:03 - ValidationManager - CRITICAL - DRIFT ALERT [CRITICAL]: Distribution drift detected for lightgbm model on BTCEUR
2025-08-31 13:45:03 - DriftMonitor - WARNING - DRIFT ALERT: Distribution drift detected for ppo model on BTCEUR (Severity: critical)
2025-08-31 13:45:03 - ValidationManager - CRITICAL - DRIFT ALERT [CRITICAL]: Distribution drift detected for ppo model on BTCEUR
2025-08-31 13:45:03 - DriftMonitor - WARNING - DRIFT ALERT: Statistical drift detected for gru model on ETHEUR (Severity: critical)
2025-08-31 13:45:03 - ValidationManager - CRITICAL - DRIFT ALERT [CRITICAL]: Statistical drift detected for gru model on ETHEUR
2025-08-31 13:45:03 - DriftMonitor - WARNING - DRIFT ALERT: Distribution drift detected for gru model on ETHEUR (Severity: critical)
2025-08-31 13:45:03 - ValidationManager - CRITICAL - DRIFT ALERT [CRITICAL]: Distribution drift detected for gru model on ETHEUR
2025-08-31 13:45:03 - DriftMonitor - WARNING - DRIFT ALERT: Statistical drift detected for lightgbm model on ETHEUR (Severity: critical)
2025-08-31 13:45:03 - ValidationManager - CRITICAL - DRIFT ALERT [CRITICAL]: Statistical drift detected for lightgbm model on ETHEUR
2025-08-31 13:45:03 - DriftMonitor - WARNING - DRIFT ALERT: Distribution drift detected for lightgbm model on ETHEUR (Severity: critical)
2025-08-31 13:45:03 - ValidationManager - CRITICAL - DRIFT ALERT [CRITICAL]: Distribution drift detected for lightgbm model on ETHEUR
2025-08-31 13:45:03 - ValidationManager - WARNING - DRIFT ALERT [MEDIUM]: Distribution drift detected for ppo model on ETHEUR
2025-08-31 13:45:03 - DriftMonitor - WARNING - DRIFT ALERT: Statistical drift detected for gru model on ADAEUR (Severity: critical)
2025-08-31 13:45:03 - ValidationManager - CRITICAL - DRIFT ALERT [CRITICAL]: Statistical drift detected for gru model on ADAEUR
2025-08-31 13:45:03 - DriftMonitor - WARNING - DRIFT ALERT: Distribution drift detected for gru model on ADAEUR (Severity: critical)
2025-08-31 13:45:03 - ValidationManager - CRITICAL - DRIFT ALERT [CRITICAL]: Distribution drift detected for gru model on ADAEUR
2025-08-31 13:45:03 - DriftMonitor - WARNING - DRIFT ALERT: Statistical drift detected for lightgbm model on ADAEUR (Severity: critical)
2025-08-31 13:45:03 - ValidationManager - CRITICAL - DRIFT ALERT [CRITICAL]: Statistical drift detected for lightgbm model on ADAEUR
2025-08-31 13:45:03 - DriftMonitor - WARNING - DRIFT ALERT: Distribution drift detected for lightgbm model on ADAEUR (Severity: critical)
2025-08-31 13:45:03 - ValidationManager - CRITICAL - DRIFT ALERT [CRITICAL]: Distribution drift detected for lightgbm model on ADAEUR
2025-08-31 13:45:03 - DriftMonitor - WARNING - DRIFT ALERT: Distribution drift detected for ppo model on ADAEUR (Severity: critical)
2025-08-31 13:45:03 - ValidationManager - CRITICAL - DRIFT ALERT [CRITICAL]: Distribution drift detected for ppo model on ADAEUR
2025-08-31 13:45:03 - DriftMonitor - WARNING - DRIFT ALERT: Statistical drift detected for gru model on DOTEUR (Severity: critical)
2025-08-31 13:45:03 - ValidationManager - CRITICAL - DRIFT ALERT [CRITICAL]: Statistical drift detected for gru model on DOTEUR
2025-08-31 13:45:03 - DriftMonitor - WARNING - DRIFT ALERT: Distribution drift detected for gru model on DOTEUR (Severity: critical)
2025-08-31 13:45:03 - ValidationManager - CRITICAL - DRIFT ALERT [CRITICAL]: Distribution drift detected for gru model on DOTEUR
2025-08-31 13:45:03 - DriftMonitor - WARNING - DRIFT ALERT: Statistical drift detected for lightgbm model on DOTEUR (Severity: critical)
2025-08-31 13:45:03 - ValidationManager - CRITICAL - DRIFT ALERT [CRITICAL]: Statistical drift detected for lightgbm model on DOTEUR
2025-08-31 13:45:03 - DriftMonitor - WARNING - DRIFT ALERT: Distribution drift detected for lightgbm model on DOTEUR (Severity: critical)
2025-08-31 13:45:03 - ValidationManager - CRITICAL - DRIFT ALERT [CRITICAL]: Distribution drift detected for lightgbm model on DOTEUR
2025-08-31 13:45:03 - DriftMonitor - WARNING - DRIFT ALERT: Statistical drift detected for gru model on LINKEUR (Severity: critical)
2025-08-31 13:45:03 - ValidationManager - CRITICAL - DRIFT ALERT [CRITICAL]: Statistical drift detected for gru model on LINKEUR
2025-08-31 13:45:03 - DriftMonitor - WARNING - DRIFT ALERT: Distribution drift detected for gru model on LINKEUR (Severity: critical)
2025-08-31 13:45:03 - ValidationManager - CRITICAL - DRIFT ALERT [CRITICAL]: Distribution drift detected for gru model on LINKEUR
2025-08-31 13:45:03 - DriftMonitor - WARNING - DRIFT ALERT: Statistical drift detected for lightgbm model on LINKEUR (Severity: critical)
2025-08-31 13:45:03 - ValidationManager - CRITICAL - DRIFT ALERT [CRITICAL]: Statistical drift detected for lightgbm model on LINKEUR
2025-08-31 13:45:03 - DriftMonitor - WARNING - DRIFT ALERT: Distribution drift detected for lightgbm model on LINKEUR (Severity: critical)
2025-08-31 13:45:03 - ValidationManager - CRITICAL - DRIFT ALERT [CRITICAL]: Distribution drift detected for lightgbm model on LINKEUR
2025-08-31 13:45:03 - DriftMonitor - WARNING - DRIFT ALERT: Distribution drift detected for ppo model on LINKEUR (Severity: critical)
2025-08-31 13:45:03 - ValidationManager - CRITICAL - DRIFT ALERT [CRITICAL]: Distribution drift detected for ppo model on LINKEUR
2025-08-31 13:46:03 - DriftMonitor - WARNING - DRIFT ALERT: Statistical drift detected for gru model on BTCEUR (Severity: critical)
2025-08-31 13:46:03 - ValidationManager - CRITICAL - DRIFT ALERT [CRITICAL]: Statistical drift detected for gru model on BTCEUR
2025-08-31 13:46:03 - DriftMonitor - WARNING - DRIFT ALERT: Distribution drift detected for gru model on BTCEUR (Severity: critical)
2025-08-31 13:46:03 - ValidationManager - CRITICAL - DRIFT ALERT [CRITICAL]: Distribution drift detected for gru model on BTCEUR
2025-08-31 13:46:03 - DriftMonitor - WARNING - DRIFT ALERT: Statistical drift detected for lightgbm model on BTCEUR (Severity: critical)
2025-08-31 13:46:03 - ValidationManager - CRITICAL - DRIFT ALERT [CRITICAL]: Statistical drift detected for lightgbm model on BTCEUR
2025-08-31 13:46:03 - DriftMonitor - WARNING - DRIFT ALERT: Distribution drift detected for lightgbm model on BTCEUR (Severity: critical)
2025-08-31 13:46:03 - ValidationManager - CRITICAL - DRIFT ALERT [CRITICAL]: Distribution drift detected for lightgbm model on BTCEUR
2025-08-31 13:46:03 - DriftMonitor - WARNING - DRIFT ALERT: Distribution drift detected for ppo model on BTCEUR (Severity: critical)
2025-08-31 13:46:03 - ValidationManager - CRITICAL - DRIFT ALERT [CRITICAL]: Distribution drift detected for ppo model on BTCEUR
2025-08-31 13:46:04 - DriftMonitor - WARNING - DRIFT ALERT: Statistical drift detected for gru model on ETHEUR (Severity: critical)
2025-08-31 13:46:04 - ValidationManager - CRITICAL - DRIFT ALERT [CRITICAL]: Statistical drift detected for gru model on ETHEUR
2025-08-31 13:46:04 - DriftMonitor - WARNING - DRIFT ALERT: Distribution drift detected for gru model on ETHEUR (Severity: critical)
2025-08-31 13:46:04 - ValidationManager - CRITICAL - DRIFT ALERT [CRITICAL]: Distribution drift detected for gru model on ETHEUR
2025-08-31 13:46:04 - DriftMonitor - WARNING - DRIFT ALERT: Statistical drift detected for lightgbm model on ETHEUR (Severity: critical)
2025-08-31 13:46:04 - ValidationManager - CRITICAL - DRIFT ALERT [CRITICAL]: Statistical drift detected for lightgbm model on ETHEUR
2025-08-31 13:46:04 - DriftMonitor - WARNING - DRIFT ALERT: Distribution drift detected for lightgbm model on ETHEUR (Severity: critical)
2025-08-31 13:46:04 - ValidationManager - CRITICAL - DRIFT ALERT [CRITICAL]: Distribution drift detected for lightgbm model on ETHEUR
2025-08-31 13:46:04 - ValidationManager - WARNING - DRIFT ALERT [MEDIUM]: Distribution drift detected for ppo model on ETHEUR
2025-08-31 13:46:04 - DriftMonitor - WARNING - DRIFT ALERT: Statistical drift detected for gru model on ADAEUR (Severity: critical)
2025-08-31 13:46:04 - ValidationManager - CRITICAL - DRIFT ALERT [CRITICAL]: Statistical drift detected for gru model on ADAEUR
2025-08-31 13:46:04 - DriftMonitor - WARNING - DRIFT ALERT: Distribution drift detected for gru model on ADAEUR (Severity: critical)
2025-08-31 13:46:04 - ValidationManager - CRITICAL - DRIFT ALERT [CRITICAL]: Distribution drift detected for gru model on ADAEUR
2025-08-31 13:46:04 - DriftMonitor - WARNING - DRIFT ALERT: Statistical drift detected for lightgbm model on ADAEUR (Severity: critical)
2025-08-31 13:46:04 - ValidationManager - CRITICAL - DRIFT ALERT [CRITICAL]: Statistical drift detected for lightgbm model on ADAEUR
2025-08-31 13:46:04 - DriftMonitor - WARNING - DRIFT ALERT: Distribution drift detected for lightgbm model on ADAEUR (Severity: critical)
2025-08-31 13:46:04 - ValidationManager - CRITICAL - DRIFT ALERT [CRITICAL]: Distribution drift detected for lightgbm model on ADAEUR
2025-08-31 13:46:04 - DriftMonitor - WARNING - DRIFT ALERT: Distribution drift detected for ppo model on ADAEUR (Severity: critical)
2025-08-31 13:46:04 - ValidationManager - CRITICAL - DRIFT ALERT [CRITICAL]: Distribution drift detected for ppo model on ADAEUR
2025-08-31 13:46:04 - DriftMonitor - WARNING - DRIFT ALERT: Statistical drift detected for gru model on DOTEUR (Severity: critical)
2025-08-31 13:46:04 - ValidationManager - CRITICAL - DRIFT ALERT [CRITICAL]: Statistical drift detected for gru model on DOTEUR
2025-08-31 13:46:04 - DriftMonitor - WARNING - DRIFT ALERT: Distribution drift detected for gru model on DOTEUR (Severity: critical)
2025-08-31 13:46:04 - ValidationManager - CRITICAL - DRIFT ALERT [CRITICAL]: Distribution drift detected for gru model on DOTEUR
2025-08-31 13:46:04 - DriftMonitor - WARNING - DRIFT ALERT: Statistical drift detected for lightgbm model on DOTEUR (Severity: critical)
2025-08-31 13:46:04 - ValidationManager - CRITICAL - DRIFT ALERT [CRITICAL]: Statistical drift detected for lightgbm model on DOTEUR
2025-08-31 13:46:04 - DriftMonitor - WARNING - DRIFT ALERT: Distribution drift detected for lightgbm model on DOTEUR (Severity: critical)
2025-08-31 13:46:04 - ValidationManager - CRITICAL - DRIFT ALERT [CRITICAL]: Distribution drift detected for lightgbm model on DOTEUR
2025-08-31 13:46:04 - DriftMonitor - WARNING - DRIFT ALERT: Statistical drift detected for gru model on LINKEUR (Severity: critical)
2025-08-31 13:46:04 - ValidationManager - CRITICAL - DRIFT ALERT [CRITICAL]: Statistical drift detected for gru model on LINKEUR
2025-08-31 13:46:04 - DriftMonitor - WARNING - DRIFT ALERT: Distribution drift detected for gru model on LINKEUR (Severity: critical)
2025-08-31 13:46:04 - ValidationManager - CRITICAL - DRIFT ALERT [CRITICAL]: Distribution drift detected for gru model on LINKEUR
2025-08-31 13:46:04 - DriftMonitor - WARNING - DRIFT ALERT: Statistical drift detected for lightgbm model on LINKEUR (Severity: critical)
2025-08-31 13:46:04 - ValidationManager - CRITICAL - DRIFT ALERT [CRITICAL]: Statistical drift detected for lightgbm model on LINKEUR
2025-08-31 13:46:04 - DriftMonitor - WARNING - DRIFT ALERT: Distribution drift detected for lightgbm model on LINKEUR (Severity: critical)
2025-08-31 13:46:04 - ValidationManager - CRITICAL - DRIFT ALERT [CRITICAL]: Distribution drift detected for lightgbm model on LINKEUR
2025-08-31 13:46:04 - DriftMonitor - WARNING - DRIFT ALERT: Distribution drift detected for ppo model on LINKEUR (Severity: critical)
2025-08-31 13:46:04 - ValidationManager - CRITICAL - DRIFT ALERT [CRITICAL]: Distribution drift detected for ppo model on LINKEUR
2025-08-31 13:47:04 - DriftMonitor - WARNING - DRIFT ALERT: Statistical drift detected for gru model on BTCEUR (Severity: critical)
2025-08-31 13:47:04 - ValidationManager - CRITICAL - DRIFT ALERT [CRITICAL]: Statistical drift detected for gru model on BTCEUR
2025-08-31 13:47:04 - DriftMonitor - WARNING - DRIFT ALERT: Distribution drift detected for gru model on BTCEUR (Severity: critical)
2025-08-31 13:47:04 - ValidationManager - CRITICAL - DRIFT ALERT [CRITICAL]: Distribution drift detected for gru model on BTCEUR
2025-08-31 13:47:04 - DriftMonitor - WARNING - DRIFT ALERT: Statistical drift detected for lightgbm model on BTCEUR (Severity: critical)
2025-08-31 13:47:04 - ValidationManager - CRITICAL - DRIFT ALERT [CRITICAL]: Statistical drift detected for lightgbm model on BTCEUR
2025-08-31 13:47:04 - DriftMonitor - WARNING - DRIFT ALERT: Distribution drift detected for lightgbm model on BTCEUR (Severity: critical)
2025-08-31 13:47:04 - ValidationManager - CRITICAL - DRIFT ALERT [CRITICAL]: Distribution drift detected for lightgbm model on BTCEUR
2025-08-31 13:47:04 - DriftMonitor - WARNING - DRIFT ALERT: Distribution drift detected for ppo model on BTCEUR (Severity: critical)
2025-08-31 13:47:04 - ValidationManager - CRITICAL - DRIFT ALERT [CRITICAL]: Distribution drift detected for ppo model on BTCEUR
2025-08-31 13:47:04 - DriftMonitor - WARNING - DRIFT ALERT: Statistical drift detected for gru model on ETHEUR (Severity: critical)
2025-08-31 13:47:04 - ValidationManager - CRITICAL - DRIFT ALERT [CRITICAL]: Statistical drift detected for gru model on ETHEUR
2025-08-31 13:47:04 - DriftMonitor - WARNING - DRIFT ALERT: Distribution drift detected for gru model on ETHEUR (Severity: critical)
2025-08-31 13:47:04 - ValidationManager - CRITICAL - DRIFT ALERT [CRITICAL]: Distribution drift detected for gru model on ETHEUR
2025-08-31 13:47:04 - DriftMonitor - WARNING - DRIFT ALERT: Statistical drift detected for lightgbm model on ETHEUR (Severity: critical)
2025-08-31 13:47:04 - ValidationManager - CRITICAL - DRIFT ALERT [CRITICAL]: Statistical drift detected for lightgbm model on ETHEUR
2025-08-31 13:47:04 - DriftMonitor - WARNING - DRIFT ALERT: Distribution drift detected for lightgbm model on ETHEUR (Severity: critical)
2025-08-31 13:47:04 - ValidationManager - CRITICAL - DRIFT ALERT [CRITICAL]: Distribution drift detected for lightgbm model on ETHEUR
2025-08-31 13:47:04 - ValidationManager - WARNING - DRIFT ALERT [MEDIUM]: Distribution drift detected for ppo model on ETHEUR
2025-08-31 13:47:04 - DriftMonitor - WARNING - DRIFT ALERT: Statistical drift detected for gru model on ADAEUR (Severity: critical)
2025-08-31 13:47:04 - ValidationManager - CRITICAL - DRIFT ALERT [CRITICAL]: Statistical drift detected for gru model on ADAEUR
2025-08-31 13:47:04 - DriftMonitor - WARNING - DRIFT ALERT: Distribution drift detected for gru model on ADAEUR (Severity: critical)
2025-08-31 13:47:04 - ValidationManager - CRITICAL - DRIFT ALERT [CRITICAL]: Distribution drift detected for gru model on ADAEUR
2025-08-31 13:47:04 - DriftMonitor - WARNING - DRIFT ALERT: Statistical drift detected for lightgbm model on ADAEUR (Severity: critical)
2025-08-31 13:47:04 - ValidationManager - CRITICAL - DRIFT ALERT [CRITICAL]: Statistical drift detected for lightgbm model on ADAEUR
2025-08-31 13:47:04 - DriftMonitor - WARNING - DRIFT ALERT: Distribution drift detected for lightgbm model on ADAEUR (Severity: critical)
2025-08-31 13:47:04 - ValidationManager - CRITICAL - DRIFT ALERT [CRITICAL]: Distribution drift detected for lightgbm model on ADAEUR
2025-08-31 13:47:04 - DriftMonitor - WARNING - DRIFT ALERT: Distribution drift detected for ppo model on ADAEUR (Severity: critical)
2025-08-31 13:47:04 - ValidationManager - CRITICAL - DRIFT ALERT [CRITICAL]: Distribution drift detected for ppo model on ADAEUR
2025-08-31 13:47:04 - DriftMonitor - WARNING - DRIFT ALERT: Statistical drift detected for gru model on DOTEUR (Severity: critical)
2025-08-31 13:47:04 - ValidationManager - CRITICAL - DRIFT ALERT [CRITICAL]: Statistical drift detected for gru model on DOTEUR
2025-08-31 13:47:04 - DriftMonitor - WARNING - DRIFT ALERT: Distribution drift detected for gru model on DOTEUR (Severity: critical)
2025-08-31 13:47:04 - ValidationManager - CRITICAL - DRIFT ALERT [CRITICAL]: Distribution drift detected for gru model on DOTEUR
2025-08-31 13:47:04 - DriftMonitor - WARNING - DRIFT ALERT: Statistical drift detected for lightgbm model on DOTEUR (Severity: critical)
2025-08-31 13:47:04 - ValidationManager - CRITICAL - DRIFT ALERT [CRITICAL]: Statistical drift detected for lightgbm model on DOTEUR
2025-08-31 13:47:04 - DriftMonitor - WARNING - DRIFT ALERT: Distribution drift detected for lightgbm model on DOTEUR (Severity: critical)
2025-08-31 13:47:04 - ValidationManager - CRITICAL - DRIFT ALERT [CRITICAL]: Distribution drift detected for lightgbm model on DOTEUR
2025-08-31 13:47:04 - DriftMonitor - WARNING - DRIFT ALERT: Statistical drift detected for gru model on LINKEUR (Severity: critical)
2025-08-31 13:47:04 - ValidationManager - CRITICAL - DRIFT ALERT [CRITICAL]: Statistical drift detected for gru model on LINKEUR
2025-08-31 13:47:04 - DriftMonitor - WARNING - DRIFT ALERT: Distribution drift detected for gru model on LINKEUR (Severity: critical)
2025-08-31 13:47:04 - ValidationManager - CRITICAL - DRIFT ALERT [CRITICAL]: Distribution drift detected for gru model on LINKEUR
2025-08-31 13:47:04 - DriftMonitor - WARNING - DRIFT ALERT: Statistical drift detected for lightgbm model on LINKEUR (Severity: critical)
2025-08-31 13:47:04 - ValidationManager - CRITICAL - DRIFT ALERT [CRITICAL]: Statistical drift detected for lightgbm model on LINKEUR
2025-08-31 13:47:04 - DriftMonitor - WARNING - DRIFT ALERT: Distribution drift detected for lightgbm model on LINKEUR (Severity: critical)
2025-08-31 13:47:04 - ValidationManager - CRITICAL - DRIFT ALERT [CRITICAL]: Distribution drift detected for lightgbm model on LINKEUR
2025-08-31 13:47:04 - DriftMonitor - WARNING - DRIFT ALERT: Distribution drift detected for ppo model on LINKEUR (Severity: critical)
2025-08-31 13:47:04 - ValidationManager - CRITICAL - DRIFT ALERT [CRITICAL]: Distribution drift detected for ppo model on LINKEUR
2025-08-31 13:48:04 - DriftMonitor - WARNING - DRIFT ALERT: Statistical drift detected for gru model on BTCEUR (Severity: critical)
2025-08-31 13:48:04 - ValidationManager - CRITICAL - DRIFT ALERT [CRITICAL]: Statistical drift detected for gru model on BTCEUR
2025-08-31 13:48:04 - DriftMonitor - WARNING - DRIFT ALERT: Distribution drift detected for gru model on BTCEUR (Severity: critical)
2025-08-31 13:48:04 - ValidationManager - CRITICAL - DRIFT ALERT [CRITICAL]: Distribution drift detected for gru model on BTCEUR
2025-08-31 13:48:04 - DriftMonitor - WARNING - DRIFT ALERT: Statistical drift detected for lightgbm model on BTCEUR (Severity: critical)
2025-08-31 13:48:04 - ValidationManager - CRITICAL - DRIFT ALERT [CRITICAL]: Statistical drift detected for lightgbm model on BTCEUR
2025-08-31 13:48:04 - DriftMonitor - WARNING - DRIFT ALERT: Distribution drift detected for lightgbm model on BTCEUR (Severity: critical)
2025-08-31 13:48:04 - ValidationManager - CRITICAL - DRIFT ALERT [CRITICAL]: Distribution drift detected for lightgbm model on BTCEUR
2025-08-31 13:48:04 - DriftMonitor - WARNING - DRIFT ALERT: Distribution drift detected for ppo model on BTCEUR (Severity: critical)
2025-08-31 13:48:04 - ValidationManager - CRITICAL - DRIFT ALERT [CRITICAL]: Distribution drift detected for ppo model on BTCEUR
2025-08-31 13:48:04 - DriftMonitor - WARNING - DRIFT ALERT: Statistical drift detected for gru model on ETHEUR (Severity: critical)
2025-08-31 13:48:04 - ValidationManager - CRITICAL - DRIFT ALERT [CRITICAL]: Statistical drift detected for gru model on ETHEUR
2025-08-31 13:48:04 - DriftMonitor - WARNING - DRIFT ALERT: Distribution drift detected for gru model on ETHEUR (Severity: critical)
2025-08-31 13:48:04 - ValidationManager - CRITICAL - DRIFT ALERT [CRITICAL]: Distribution drift detected for gru model on ETHEUR
2025-08-31 13:48:04 - DriftMonitor - WARNING - DRIFT ALERT: Statistical drift detected for lightgbm model on ETHEUR (Severity: critical)
2025-08-31 13:48:04 - ValidationManager - CRITICAL - DRIFT ALERT [CRITICAL]: Statistical drift detected for lightgbm model on ETHEUR
2025-08-31 13:48:04 - DriftMonitor - WARNING - DRIFT ALERT: Distribution drift detected for lightgbm model on ETHEUR (Severity: critical)
2025-08-31 13:48:04 - ValidationManager - CRITICAL - DRIFT ALERT [CRITICAL]: Distribution drift detected for lightgbm model on ETHEUR
2025-08-31 13:48:04 - ValidationManager - WARNING - DRIFT ALERT [MEDIUM]: Distribution drift detected for ppo model on ETHEUR
2025-08-31 13:48:04 - DriftMonitor - WARNING - DRIFT ALERT: Statistical drift detected for gru model on ADAEUR (Severity: critical)
2025-08-31 13:48:04 - ValidationManager - CRITICAL - DRIFT ALERT [CRITICAL]: Statistical drift detected for gru model on ADAEUR
2025-08-31 13:48:04 - DriftMonitor - WARNING - DRIFT ALERT: Distribution drift detected for gru model on ADAEUR (Severity: critical)
2025-08-31 13:48:04 - ValidationManager - CRITICAL - DRIFT ALERT [CRITICAL]: Distribution drift detected for gru model on ADAEUR
2025-08-31 13:48:04 - DriftMonitor - WARNING - DRIFT ALERT: Statistical drift detected for lightgbm model on ADAEUR (Severity: critical)
2025-08-31 13:48:04 - ValidationManager - CRITICAL - DRIFT ALERT [CRITICAL]: Statistical drift detected for lightgbm model on ADAEUR
2025-08-31 13:48:04 - DriftMonitor - WARNING - DRIFT ALERT: Distribution drift detected for lightgbm model on ADAEUR (Severity: critical)
2025-08-31 13:48:04 - ValidationManager - CRITICAL - DRIFT ALERT [CRITICAL]: Distribution drift detected for lightgbm model on ADAEUR
2025-08-31 13:48:04 - DriftMonitor - WARNING - DRIFT ALERT: Distribution drift detected for ppo model on ADAEUR (Severity: critical)
2025-08-31 13:48:04 - ValidationManager - CRITICAL - DRIFT ALERT [CRITICAL]: Distribution drift detected for ppo model on ADAEUR
2025-08-31 13:48:04 - DriftMonitor - WARNING - DRIFT ALERT: Statistical drift detected for gru model on DOTEUR (Severity: critical)
2025-08-31 13:48:04 - ValidationManager - CRITICAL - DRIFT ALERT [CRITICAL]: Statistical drift detected for gru model on DOTEUR
2025-08-31 13:48:04 - DriftMonitor - WARNING - DRIFT ALERT: Distribution drift detected for gru model on DOTEUR (Severity: critical)
2025-08-31 13:48:04 - ValidationManager - CRITICAL - DRIFT ALERT [CRITICAL]: Distribution drift detected for gru model on DOTEUR
2025-08-31 13:48:04 - DriftMonitor - WARNING - DRIFT ALERT: Statistical drift detected for lightgbm model on DOTEUR (Severity: critical)
2025-08-31 13:48:04 - ValidationManager - CRITICAL - DRIFT ALERT [CRITICAL]: Statistical drift detected for lightgbm model on DOTEUR
2025-08-31 13:48:04 - DriftMonitor - WARNING - DRIFT ALERT: Distribution drift detected for lightgbm model on DOTEUR (Severity: critical)
2025-08-31 13:48:04 - ValidationManager - CRITICAL - DRIFT ALERT [CRITICAL]: Distribution drift detected for lightgbm model on DOTEUR
2025-08-31 13:48:04 - DriftMonitor - WARNING - DRIFT ALERT: Statistical drift detected for gru model on LINKEUR (Severity: critical)
2025-08-31 13:48:04 - ValidationManager - CRITICAL - DRIFT ALERT [CRITICAL]: Statistical drift detected for gru model on LINKEUR
2025-08-31 13:48:04 - DriftMonitor - WARNING - DRIFT ALERT: Distribution drift detected for gru model on LINKEUR (Severity: critical)
2025-08-31 13:48:04 - ValidationManager - CRITICAL - DRIFT ALERT [CRITICAL]: Distribution drift detected for gru model on LINKEUR
2025-08-31 13:48:04 - DriftMonitor - WARNING - DRIFT ALERT: Statistical drift detected for lightgbm model on LINKEUR (Severity: critical)
2025-08-31 13:48:04 - ValidationManager - CRITICAL - DRIFT ALERT [CRITICAL]: Statistical drift detected for lightgbm model on LINKEUR
2025-08-31 13:48:04 - DriftMonitor - WARNING - DRIFT ALERT: Distribution drift detected for lightgbm model on LINKEUR (Severity: critical)
2025-08-31 13:48:04 - ValidationManager - CRITICAL - DRIFT ALERT [CRITICAL]: Distribution drift detected for lightgbm model on LINKEUR
2025-08-31 13:48:04 - DriftMonitor - WARNING - DRIFT ALERT: Distribution drift detected for ppo model on LINKEUR (Severity: critical)
2025-08-31 13:48:04 - ValidationManager - CRITICAL - DRIFT ALERT [CRITICAL]: Distribution drift detected for ppo model on LINKEUR
2025-08-31 13:49:04 - DriftMonitor - WARNING - DRIFT ALERT: Statistical drift detected for gru model on BTCEUR (Severity: critical)
2025-08-31 13:49:04 - ValidationManager - CRITICAL - DRIFT ALERT [CRITICAL]: Statistical drift detected for gru model on BTCEUR
2025-08-31 13:49:04 - DriftMonitor - WARNING - DRIFT ALERT: Distribution drift detected for gru model on BTCEUR (Severity: critical)
2025-08-31 13:49:04 - ValidationManager - CRITICAL - DRIFT ALERT [CRITICAL]: Distribution drift detected for gru model on BTCEUR
2025-08-31 13:49:04 - DriftMonitor - WARNING - DRIFT ALERT: Statistical drift detected for lightgbm model on BTCEUR (Severity: critical)
2025-08-31 13:49:04 - ValidationManager - CRITICAL - DRIFT ALERT [CRITICAL]: Statistical drift detected for lightgbm model on BTCEUR
2025-08-31 13:49:04 - DriftMonitor - WARNING - DRIFT ALERT: Distribution drift detected for lightgbm model on BTCEUR (Severity: critical)
2025-08-31 13:49:04 - ValidationManager - CRITICAL - DRIFT ALERT [CRITICAL]: Distribution drift detected for lightgbm model on BTCEUR
2025-08-31 13:49:04 - DriftMonitor - WARNING - DRIFT ALERT: Distribution drift detected for ppo model on BTCEUR (Severity: critical)
2025-08-31 13:49:04 - ValidationManager - CRITICAL - DRIFT ALERT [CRITICAL]: Distribution drift detected for ppo model on BTCEUR
2025-08-31 13:49:04 - DriftMonitor - WARNING - DRIFT ALERT: Statistical drift detected for gru model on ETHEUR (Severity: critical)
2025-08-31 13:49:04 - ValidationManager - CRITICAL - DRIFT ALERT [CRITICAL]: Statistical drift detected for gru model on ETHEUR
2025-08-31 13:49:04 - DriftMonitor - WARNING - DRIFT ALERT: Distribution drift detected for gru model on ETHEUR (Severity: critical)
2025-08-31 13:49:04 - ValidationManager - CRITICAL - DRIFT ALERT [CRITICAL]: Distribution drift detected for gru model on ETHEUR
2025-08-31 13:49:04 - DriftMonitor - WARNING - DRIFT ALERT: Statistical drift detected for lightgbm model on ETHEUR (Severity: critical)
2025-08-31 13:49:04 - ValidationManager - CRITICAL - DRIFT ALERT [CRITICAL]: Statistical drift detected for lightgbm model on ETHEUR
2025-08-31 13:49:04 - DriftMonitor - WARNING - DRIFT ALERT: Distribution drift detected for lightgbm model on ETHEUR (Severity: critical)
2025-08-31 13:49:04 - ValidationManager - CRITICAL - DRIFT ALERT [CRITICAL]: Distribution drift detected for lightgbm model on ETHEUR
2025-08-31 13:49:04 - ValidationManager - WARNING - DRIFT ALERT [MEDIUM]: Distribution drift detected for ppo model on ETHEUR
2025-08-31 13:49:04 - DriftMonitor - WARNING - DRIFT ALERT: Statistical drift detected for gru model on ADAEUR (Severity: critical)
2025-08-31 13:49:04 - ValidationManager - CRITICAL - DRIFT ALERT [CRITICAL]: Statistical drift detected for gru model on ADAEUR
2025-08-31 13:49:04 - DriftMonitor - WARNING - DRIFT ALERT: Distribution drift detected for gru model on ADAEUR (Severity: critical)
2025-08-31 13:49:04 - ValidationManager - CRITICAL - DRIFT ALERT [CRITICAL]: Distribution drift detected for gru model on ADAEUR
2025-08-31 13:49:04 - DriftMonitor - WARNING - DRIFT ALERT: Statistical drift detected for lightgbm model on ADAEUR (Severity: critical)
2025-08-31 13:49:04 - ValidationManager - CRITICAL - DRIFT ALERT [CRITICAL]: Statistical drift detected for lightgbm model on ADAEUR
2025-08-31 13:49:04 - DriftMonitor - WARNING - DRIFT ALERT: Distribution drift detected for lightgbm model on ADAEUR (Severity: critical)
2025-08-31 13:49:04 - ValidationManager - CRITICAL - DRIFT ALERT [CRITICAL]: Distribution drift detected for lightgbm model on ADAEUR
2025-08-31 13:49:04 - DriftMonitor - WARNING - DRIFT ALERT: Distribution drift detected for ppo model on ADAEUR (Severity: critical)
2025-08-31 13:49:04 - ValidationManager - CRITICAL - DRIFT ALERT [CRITICAL]: Distribution drift detected for ppo model on ADAEUR
2025-08-31 13:49:04 - DriftMonitor - WARNING - DRIFT ALERT: Statistical drift detected for gru model on DOTEUR (Severity: critical)
2025-08-31 13:49:04 - ValidationManager - CRITICAL - DRIFT ALERT [CRITICAL]: Statistical drift detected for gru model on DOTEUR
2025-08-31 13:49:04 - DriftMonitor - WARNING - DRIFT ALERT: Distribution drift detected for gru model on DOTEUR (Severity: critical)
2025-08-31 13:49:04 - ValidationManager - CRITICAL - DRIFT ALERT [CRITICAL]: Distribution drift detected for gru model on DOTEUR
2025-08-31 13:49:04 - DriftMonitor - WARNING - DRIFT ALERT: Statistical drift detected for lightgbm model on DOTEUR (Severity: critical)
2025-08-31 13:49:04 - ValidationManager - CRITICAL - DRIFT ALERT [CRITICAL]: Statistical drift detected for lightgbm model on DOTEUR
2025-08-31 13:49:04 - DriftMonitor - WARNING - DRIFT ALERT: Distribution drift detected for lightgbm model on DOTEUR (Severity: critical)
2025-08-31 13:49:04 - ValidationManager - CRITICAL - DRIFT ALERT [CRITICAL]: Distribution drift detected for lightgbm model on DOTEUR
2025-08-31 13:49:04 - DriftMonitor - WARNING - DRIFT ALERT: Statistical drift detected for gru model on LINKEUR (Severity: critical)
2025-08-31 13:49:04 - ValidationManager - CRITICAL - DRIFT ALERT [CRITICAL]: Statistical drift detected for gru model on LINKEUR
2025-08-31 13:49:04 - DriftMonitor - WARNING - DRIFT ALERT: Distribution drift detected for gru model on LINKEUR (Severity: critical)
2025-08-31 13:49:04 - ValidationManager - CRITICAL - DRIFT ALERT [CRITICAL]: Distribution drift detected for gru model on LINKEUR
2025-08-31 13:49:04 - DriftMonitor - WARNING - DRIFT ALERT: Statistical drift detected for lightgbm model on LINKEUR (Severity: critical)
2025-08-31 13:49:04 - ValidationManager - CRITICAL - DRIFT ALERT [CRITICAL]: Statistical drift detected for lightgbm model on LINKEUR
2025-08-31 13:49:04 - DriftMonitor - WARNING - DRIFT ALERT: Distribution drift detected for lightgbm model on LINKEUR (Severity: critical)
2025-08-31 13:49:04 - ValidationManager - CRITICAL - DRIFT ALERT [CRITICAL]: Distribution drift detected for lightgbm model on LINKEUR
2025-08-31 13:49:04 - DriftMonitor - WARNING - DRIFT ALERT: Distribution drift detected for ppo model on LINKEUR (Severity: critical)
2025-08-31 13:49:04 - ValidationManager - CRITICAL - DRIFT ALERT [CRITICAL]: Distribution drift detected for ppo model on LINKEUR
