{
  "total_trades": 62,
  "win_rate": 0.06451612903225806,
  "total_pnl": -146.56973742879688,
  "avg_win": 3.348786205681993,
  "avg_loss": -2.7580152112331873,
  "profit_factor": 0.08373803446225012,
  "sharpe_ratio": 0,
  "sortino_ratio": 0,
  "max_drawdown": -0.0,
  "total_return": -0.0
}