{
  "total_trades": 64,
  "win_rate": 0.0625,
  "total_pnl": -149.39487164556985,
  "avg_win": 3.348786205681993,
  "avg_loss": -2.7131669411382977,
  "profit_factor": 0.08228480537893781,
  "sharpe_ratio": 0,
  "sortino_ratio": 0,
  "max_drawdown": -0.0,
  "total_return": -0.0
}