{
  "total_trades": 62,
  "win_rate": 0.08064516129032258,
  "total_pnl": -144.843695728001,
  "avg_win": 2.683474191078592,
  "avg_loss": -2.776509941813929,
  "profit_factor": 0.08477998560590279,
  "sharpe_ratio": 0,
  "sortino_ratio": 0,
  "max_drawdown": -0.0,
  "total_return": -0.0
}