{
  "total_trades": 28,
  "win_rate": 0.03571428571428571,
  "total_pnl": -880.1166515954635,
  "avg_win": 8.114983502565082,
  "avg_loss": -32.897467966593645,
  "profit_factor": 0.009136111777497638,
  "sharpe_ratio": 0,
  "sortino_ratio": 0,
  "max_drawdown": -0.0,
  "total_return": -0.0
}