{
  "total_trades": 30,
  "win_rate": 0.03333333333333333,
  "total_pnl": -931.4477012316074,
  "avg_win": 18.47145650212577,
  "avg_loss": -32.75583302530115,
  "profit_factor": 0.019445293161782302,
  "sharpe_ratio": 0,
  "sortino_ratio": 0,
  "max_drawdown": -0.0,
  "total_return": -0.0
}