{
  "total_trades": 31,
  "win_rate": 0.03225806451612903,
  "total_pnl": -995.7110541558422,
  "avg_win": 32.76693905468862,
  "avg_loss": -34.28259977368437,
  "profit_factor": 0.031859640430810056,
  "sharpe_ratio": 0,
  "sortino_ratio": 0,
  "max_drawdown": -0.0,
  "total_return": -0.0
}