{
  "total_trades": 1,
  "win_rate": 0.0,
  "total_pnl": -622.541337898052,
  "avg_win": 0,
  "avg_loss": -622.541337898052,
  "profit_factor": 0.0,
  "sharpe_ratio": -2.032522457682474,
  "sortino_ratio": 0,
  "max_drawdown": -1.7789225241850548,
  "total_return": -1.7789225241850548
}