{
  "total_trades": 32,
  "win_rate": 0.03125,
  "total_pnl": -1048.678084463305,
  "avg_win": 18.47145650212577,
  "avg_loss": -34.42417874082034,
  "profit_factor": 0.017309154708922032,
  "sharpe_ratio": 0,
  "sortino_ratio": 0,
  "max_drawdown": -0.0,
  "total_return": -0.0
}