feature,importance
atr_ratio,0.17426567
spread,0.11370521
realized_vol_5,0.09181348
volatility_breakout,0.0912709
volatility_50,0.09007868
upper_wick,0.089835554
atr,0.08933006
realized_vol_20,0.08802861
returns_std_10,0.087206595
volatility_20,0.08446518
